customer_id,name,email,phone,signup_date,order_date,address,order_amount,currency_hint,customer_age,category,customer_segment
362,Havse İncifir Hayrioğlu Yıldırım,havse.incifir.hayrioglu.yildirim362@example.com,+90  503   723 68  31 ,05/04/2024,2026-06-01,"Türkiye, İstanbul, Beşiktaş","372,69",,67,Electronics,Regular
137,Göken Arslan, goken.arslan137@example.com ,+905430768486,2023-07-29,2025-06-30,İzmir - Türkiye,"349,58",,62,Electronics,Regular
232,Binışık Bilgütay Sezgin, binisik.bilgutay.sezgin232@example.com ,+90584631224,30/04/2025,10-17-2025,Şehitkamil - Gaziantep - Türkiye,₺328,TRY,fifty-eight,Electronics,Regular
340,Tenvir Alemdar, tenvir.alemdar340@example.com ,+90532123474,2022-08-23,2025-04-06,Şehitkamil - Gaziantep - Türkiye,$154.44,USD,21,Sports & Outdoors,Regular
407,Arş. Gör. Meveddet Türk Bilgin,ars.gor.meveddet.turk.bilgin407@example.com,+905599990636,08-04-2025,04-22-2026,Muratpaşa - Antalya - Türkiye,"299,80",, 52 ,Home & Garden,Regular
49,Atilhan Gül,atilhan.gul49@example.com,0574 821 75 94,14/05/2022,2026-05-09,"Türkiye, Malatya, Yeşilyurt",275 TL,TRY,45,Home & Garden,Regular
122,Zehranur Şama Akça, zehranur.sama.akca122@example.com ,+90  534   266 17  97 ,"September 07, 2022","February 01, 2025",Yakutiye - Erzurum - Türkiye,273 TL,TRY,43,Home & Garden,Regular
414,Arş. Gör. Sebattin İvecen Ülker,ars.gor.sebattin.ivecen.ulker414@example.com,0541 862 10 42,24/06/2023,02-01-2026,Şehitkamil - Gaziantep - Türkiye,$210.23,USD,,Toys & Games,Budget
45,Arş. Gör. Özakan İhsanoğlu,ars.gor.ozakan.ihsanoglu45@hotnail.com,+90  504   499 72  78 ,03-27-2023,10/06/2026,Ortahisar - Trabzon - Türkiye,$202.87,USD,forty,Toys & Games,Budget
209,Narhanim Aslan,narhanim.aslan209@hotnail.com,+90  502   428 69  90 ,30/11/2021,2026-06-19,Osmangazi - Bursa,405 TL,TRY,64,Groceries,Regular
497,Remazan Duran, remazan.duran497@example.com ,+905550408177,2023-08-18,"April 08, 2026","Türkiye, Van, İpekyolu",290 TL,TRY,44,Toys & Games,Regular
401,Alkor Manço,alkor.manco401@yaho.com,+90  553   042 89  73 ,2021-11-14,2026-04-08,Konak - İzmir - Türkiye,₺303,TRY,23,Clothing,Premium
352,Gülev Demir, gulev.demir352@example.com ,+905742261707,"December 13, 2023",2026-05-10,Eyyübiye - Şanlıurfa,₺373,TRY,63,Beauty & Personal Care,Regular
386,Nefaret Cuheyna Durdu,nefaret.cuheyna.durdu386@gmial.com,+90539840289,04-06-2024,08/06/2025,"Türkiye, Eskişehir, Tepebaşı",₺160,TRY,23,Groceries,Regular
447,Nurbanu Limon Kısakürek Seven,nurbanu.limon.kisakurek.seven447@example.com,0543 298 39 54,24/03/2025,2025-11-01,"Türkiye, Erzurum, Yakutiye",396 TL,TRY,64,Electronics,Regular
331,Dilşat Ertaş,dilsat.ertas331@yaho.com,+90 559 056 16 55,"August 22, 2023",06/06/2025,"Türkiye, Antalya, Kepez",$210.83,USD,40,Electronics,Budget
284,Sevdinar İhsanoğlu Hayrioğlu, sevdinar.ihsanoglu.hayrioglu284@example.com ,+90  501   061 81  75 ,"September 19, 2024",2025-05-31,Odunpazarı - Eskişehir - Türkiye,"324,66",,64,Sports & Outdoors,Budget
387,Bişar Ülker, bisar.ulker387@example.com ,0574 355 37 95,"November 10, 2025",09/02/2026,"Türkiye, Bursa","356,58",,62,Groceries,Budget
200,Sevim Fayize Şafak Akçay,sevim.fayize.safak.akcay200@example.com,+905129487814,2022-03-08,05-26-2025,Samsun - Türkiye,"91,64",,22,Beauty & Personal Care,Budget
73,Koçak Akçay,kocak.akcay73@gmial.com,0546 095 39 62,"March 23, 2022",26/01/2025,Gaziantep,"337,13",,60,Home & Garden,Budget
116,Kaygusuz Akver Akdeniz Güçlü, kaygusuz.akver.akdeniz.guclu116@example.com ,+90 543 114 26 26,04/03/2024,19/02/2026,"Türkiye, İzmir",₺184,TRY,41,Clothing,Budget
48,Hayrünnisa Ağbegim Yüksel,hayrunnisa.agbegim.yuksel48@gmial.com,+90  572   400 50  45 ,2023-11-06,2026-05-27,Şanlıurfa,₺257,TRY,45,Groceries,Budget
217,Doç. Zümre Münezzer Ergül,doc.zumre.munezzer.ergul217@gmial.com,+90 537 690 42 68,08/05/2025,16/06/2025,"Türkiye, İzmir, Konak",₺263,TRY,53,Books,Budget
361,Behrem Yılmaz, behrem.yilmaz361@example.com ,+90  549   956 41  22 ,2025-11-14,14/05/2026,"Türkiye, Trabzon, Ortahisar","154,35",,30,Books,Budget
475,Yasan Şehamet Fırat Akdeniz, yasan.sehamet.firat.akdeniz475@example.com ,+90562436172,2025-05-01,05-27-2026,Osmangazi - Bursa,182 TL,TRY,32,Books,Budget
178,Nurmelek Hayrioğlu, nurmelek.hayrioglu178@example.com ,+90 532 603 32 30,2022-08-23,03-29-2025,Eyyübiye - Şanlıurfa - Türkiye,$226.22,USD,fifty,Toys & Games,Budget
84,Tayaydın Atalay Seven,tayaydin.atalay.seven84@example.com,+90 559 532 78 77,03-21-2024,"April 19, 2025","Türkiye, Konya, Meram","258,96",,49,Sports & Outdoors,Budget
167,Çoğay Durdu,cogay.durdu167@outlok.com,+905357972098,2023-12-27,2025-10-17,Bursa - Türkiye,205 TL,TRY,40,Groceries,Budget
386,Nefaret Cuheyna Durdu, nefaret.cuheyna.durdu386@example.com ,0539 840 28 91,2024-04-06,2025-03-09,"Türkiye, Eskişehir, Tepebaşı",₺170,TRY,23,Home & Garden,Regular
424,Dr. Oymak Şener,dr.oymak.sener424@hotnail.com,0574 689 71 52,12-09-2021,2025-08-09,Diyarbakır - Türkiye,"271,87",,48,Electronics,Budget
337,İlklima Kısakürek,ilklima.kisakurek337@gmial.com,0547 786 60 32,2024-06-02,09-29-2025,"Türkiye, Kayseri, Kocasinan",$117.60,USD,26,Books,Budget
309,Sevim Eraslan,sevim.eraslan309@example.com,+905378284106,2023-02-24,2025-04-05,İlkadım - Samsun - Türkiye,355 TL,TRY,67,Electronics,Budget
349,Günsel Selvi Dumanlı Akça,gunsel.selvi.dumanli.akca349@yaho.com,0553 759 90 04,13/02/2023,2025-03-10,Ortahisar - Trabzon - Türkiye,347 TL,TRY,57,Groceries,Regular
447,Nurbanu Limon Kısakürek Seven,nurbanu.limon.kisakurek.seven447@example.com,+90543298954,24/03/2025,2025-06-02,Yakutiye - Erzurum - Türkiye,"367,36",,64,Toys & Games,Regular
398,Karataş Seven, karatas.seven398@example.com ,+905244395003,11-02-2024,2025-11-15,"Türkiye, Şanlıurfa, Eyyübiye",₺188,TRY,36,Clothing,Budget
456,Mükrüme Alemdar Yaman,mukrume.alemdar.yaman456@yaho.com,0531 340 26 65,"October 09, 2025",2025-10-24,Karşıyaka - İzmir - Türkiye,₺176,TRY,28,Clothing,Regular
111,Dr. Ağakişi Hükümdar Öcalan, dr.agakisi.hukumdar.ocalan111@example.com ,0501 666 87 00,2022-01-03,2025-06-17,"Türkiye, İzmir, Karşıyaka",₺121,TRY,twenty-eight,Clothing,Budget
216,Sonnur Çağlar Fırat Ergül, sonnur.caglar.firat.ergul216@example.com ,+905021435669,2024-10-28,11/11/2025,"Türkiye, Samsun, İlkadım",$265.61,USD,51,Sports & Outdoors,Budget
325,Aybora Çamurcuoğlu, aybora.camurcuoglu325@example.com ,+905548045716,2024-05-11,03-23-2026,Kepez - Antalya - Türkiye,"242,98",,47,Sports & Outdoors,Regular
112,Yrd. Doç. Fehmiye Havali Bilge,yrd.doc.fehmiye.havali.bilge112@example.com,0501 489 02 50,2024-10-14,03-24-2026,Pamukkale - Denizli - Türkiye,"296,43",,55,Electronics,Budget
146,Möhsim Seven, mohsim.seven146@example.com ,+90 555 743 13 29,2025-05-03,"December 23, 2025",İzmir - Türkiye,156 TL,TRY,27,Home & Garden,Budget
70,Aliihsan Tunahan Duran Karadeniz,aliihsan.tunahan.duran.karadeniz70@example.com,+90535774688,2023-08-08,20/07/2025,"Türkiye, Malatya, Yeşilyurt",305 TL,TRY,28,Sports & Outdoors,Premium
131,Minibe Ülker,minibe.ulker131@example.com,+90395962923,15/10/2024,04-17-2025,"Türkiye, Bursa",371 TL,TRY,69,Books,Budget
139,Seçgül Dumanlı,secgul.dumanli139@example.com,+90575884254,11-02-2021,31/12/2025,İzmir,404 TL,TRY,74,Clothing,Budget
392,Asiman Akçay, asiman.akcay392@example.com ,+90530687506,11-09-2024,16/05/2025,"Türkiye, Ankara",$228.16,USD,39,Groceries,Budget
136,Rayla Zülbiye Karadeniz, rayla.zulbiye.karadeniz136@example.com ,0552 696 58 27,08-18-2021,2025-06-13,"Türkiye, Gaziantep, Şehitkamil",$118.66,USD,22,Books,Budget
56,Soykut Durmuş,soykut.durmus56@example.com,0553 773 51 58,2022-05-02,05-17-2025,"Türkiye, Samsun, Atakum",$224.29,USD,40,Beauty & Personal Care,Budget
312,Okt. İmrihan Melikkan Şener Şafak,okt.imrihan.melikkan.sener.safak312@example.com,+90  537   674 26  62 ,08-28-2022,2025-03-17,Kayapınar - Diyarbakır - Türkiye,309 TL,TRY, 56 ,Groceries,Budget
62,Öğr. Sonnur Sezgin Seven, ogr.sonnur.sezgin.seven62@example.com ,+90  559   910 22  90 ,2022-03-03,05-22-2026,"Türkiye, İstanbul, Kadıköy",107 TL,TRY,23,Groceries,Budget
417,Gözel Durdu,gozel.durdu417@hotnail.com,+905552065065,18/05/2023,2025-08-20,"Türkiye, Eskişehir, Odunpazarı","152,96",,32,Books,Budget
147,Yekda Sezer,yekda.sezer147@example.com,+90  556   185 37  47 ,18/06/2024,07-12-2025,Diyarbakır - Türkiye,₺369,TRY,72,Toys & Games,Budget
27,Dirlik Çamurcuoğlu,dirlik.camurcuoglu27@yaho.com,0572 774 34 87,08/06/2022,06-15-2026,"Türkiye, Antalya",171 TL,TRY,33,Clothing,Budget
102,Av. Kısmet Aynımah Yılmaz,av.kismet.aynimah.yilmaz102@outlok.com,0534 270 86 68,23/12/2022,03-28-2025,Ortahisar - Trabzon - Türkiye,$152.32,USD,26,Electronics,Regular
50,Av. Behiza İnönü Duran, av.behiza.inonu.duran50@example.com ,0536 713 69 59,16/04/2024,2025-08-23,Kayapınar - Diyarbakır - Türkiye,"316,37",,62,Home & Garden,Budget
423,Nalân Güverçin Şama, naln.guvercin.sama423@example.com ,+90 506 614 98 28,11-15-2021,03-14-2026,"Türkiye, Diyarbakır, Kayapınar",$121.85,USD,29,Sports & Outdoors,Budget
411,Maksüde Hayrioğlu, maksude.hayrioglu411@example.com ,+90516385977,2023-05-10,2025-08-19,"Türkiye, Antalya, Kepez",₺284,TRY,54,Sports & Outdoors,Budget
50,Av. Behiza İnönü Duran,av.behiza.inonu.duran50@gmial.com,+90  536   713 69  59 ,04-16-2024,"June 27, 2026","Türkiye, Diyarbakır, Kayapınar",$345.50,USD,62,Sports & Outdoors,Budget
392,Asiman Akçay, asiman.akcay392@example.com ,+90 530 468 75 06,09/11/2024,08-10-2025,Yenimahalle - Ankara,₺252,TRY,39,Home & Garden,Budget
303,Alattin Hayrioğlu, alattin.hayrioglu303@example.com ,0532 538 17 93,2021-09-22,13/05/2025,Selçuklu - Konya - Türkiye,536 TL,TRY,65,Home & Garden,Premium
82,Dr. Sökmen Erdoğan,dr.sokmen.erdogan82@gmial.com,0501 094 39 69,2022-05-14,2025-12-19,İzmir,"136,01",,,Electronics,Regular
74,Burakhan Kasim Yılmaz,burakhan.kasim.yilmaz74@outlok.com,+90 572 217 04 30,2024-10-30,2026-06-15,İlkadım - Samsun,$390.96,USD,74,Groceries,Budget
477,Serda Akçay,serda.akcay477@hotnail.com,+90 552 677 11 96,15/11/2021,08/04/2025,"Türkiye, Antalya, Muratpaşa",$149.52,USD,35,Beauty & Personal Care,Budget
304,Filit Idık Arsoy,filit.idik.arsoy304@gmial.com,+90  548   640 15  57 ,2023-03-23,"May 29, 2025",Eskişehir - Türkiye,$309.41,USD,50,Toys & Games,Regular
282,Av. Faize Dumanlı Duran,av.faize.dumanli.duran282@example.com,+90 537 239 50 41,08-27-2025,2026-06-08,"Türkiye, Denizli, Pamukkale",₺198,TRY,28,Beauty & Personal Care,Regular
407,Arş. Gör. Meveddet Türk Bilgin, ars.gor.meveddet.turk.bilgin407@example.com ,0559 999 66 36,04/08/2025,01/04/2026,"Türkiye, Antalya, Muratpaşa","320,78",,fifty-two,Sports & Outdoors,Regular
320,Hanbiken Şemsinisa Sezgin,hanbiken.semsinisa.sezgin320@example.com,+905445279852,2021-12-20,27/05/2025,"Türkiye, İstanbul, Şişli",$156.45,USD,37,Groceries,Budget
366,Arş. Gör. Güverçin Şirivan Türk Gül, ars.gor.guvercin.sirivan.turk.gul366@example.com ,0543 380 05 45,2022-02-25,01-07-2025,Atakum - Samsun - Türkiye,$130.99,USD,28,Beauty & Personal Care,Budget
414,Arş. Gör. Sebattin İvecen Ülker, ars.gor.sebattin.ivecen.ulker414@example.com ,+90  541   862 10  42 ,2023-06-24,2025-11-18,"Türkiye, Gaziantep, Şehitkamil","210,91",,40,Groceries,Budget
414,Arş. Gör. Sebattin İvecen Ülker,ars.gor.sebattin.ivecen.ulker414@example.com,+90  541   862 10  42 ,2023-06-24,2025-03-17,Şehitkamil - Gaziantep,213 TL,TRY,40,Toys & Games,Budget
208,Hürdoğan Sezgin,hurdogan.sezgin208@example.com,+90543225913,16/08/2023,07/04/2026,Eyyübiye - Şanlıurfa - Türkiye,"368,40",,69,Groceries,Budget
167,Çoğay Durdu, cogay.durdu167@example.com ,+90 535 797 27 98,27/12/2023,"May 20, 2026","Türkiye, Bursa, Nilüfer",$199.85,USD,40,Electronics,Budget
399,Okt. Ferhan Nirgül Hançer Gül,okt.ferhan.nirgul.hancer.gul399@yaho.com,+90  558   323 02  41 ,10-31-2025,12-04-2025,Yenişehir - Mersin - Türkiye,₺424,TRY,71,Groceries,Regular
443,Ürfettin Şabettin Şama Demirel,urfettin.sabettin.sama.demirel443@outlok.com,+905165904729,06/03/2025,05-24-2025,"Türkiye, Şanlıurfa",₺283,TRY,46,Home & Garden,Regular
422,Kopan Bilge,kopan.bilge422@example.com,+90  502   321 29  83 ,2024-08-16,2026-04-12,"Türkiye, Gaziantep, Şehitkamil","232,34",,50,Sports & Outdoors,Budget
311,Zöhrehan Ferhan Erdoğan, zohrehan.ferhan.erdogan311@example.com ,+90 556 265 65 04,01-06-2024,"March 07, 2026","Türkiye, Diyarbakır, Kayapınar",187 TL,TRY,40,Beauty & Personal Care,Budget
138,Melihcan Çetin, melihcan.cetin138@example.com ,+90541418328,2023-10-04,"February 03, 2025",Yakutiye - Erzurum - Türkiye,₺305,TRY,55,Beauty & Personal Care,Regular
360,Gökperi Demir, gokperi.demir360@example.com ,+905138006102,09/04/2022,22/04/2025,Manisa - Türkiye,$290.07,USD,48,Clothing,Regular
137,Göken Arslan,goken.arslan137@hotnail.com,+90540068486,2023-07-29,2026-05-09,Konak - İzmir - Türkiye,387 TL,TRY,62,Home & Garden,Regular
188,Nafii Sezer,nafii.sezer188@gmial.com,+90  510   272 61  49 ,2024-11-06,2025-01-16,"Türkiye, Diyarbakır, Kayapınar","140,36",, 30 ,Books,Budget
121,Necva Şensoy,necva.sensoy121@example.com,+90 556 465 19 39,"November 21, 2022",2025-10-02,Eyyübiye - Şanlıurfa,$188.59,USD, 29 ,Beauty & Personal Care,Regular
79,Çakırca Gücal Yorulmaz,cakirca.gucal.yorulmaz79@hotnail.com,+90547394731,2025-07-14,2026-06-30,"Türkiye, Bursa, Osmangazi",₺255,TRY,46,Sports & Outdoors,Budget
192,Permun Akça Demirel, permun.akca.demirel192@example.com ,+90359893347,14/12/2024,10-14-2025,"Türkiye, Konya, Meram","325,29",,61,Sports & Outdoors,Budget
200,Sevim Fayize Şafak Akçay, sevim.fayize.safak.akcay200@example.com ,+90 512 908 78 14,08/03/2022,"December 06, 2025","Türkiye, Samsun, İlkadım",$118.47,USD,22,Books,Budget
26,Rabbiye Aslan,rabbiye.aslan26@example.com,+90 501 632 87 08,"July 20, 2024",18/04/2025,"Türkiye, Şanlıurfa, Eyyübiye",383 TL,TRY,72,Beauty & Personal Care,Budget
143,Dr. Gönen Ebuakil Sezgin,dr.gonen.ebuakil.sezgin143@example.com,+90 506 174 45 18,2023-05-22,03-18-2026,Tepebaşı - Eskişehir - Türkiye,114 TL,TRY,18,Sports & Outdoors,Regular
350,Av. Işıman Ayvas Tarhan, av.isiman.ayvas.tarhan350@example.com ,+90572158624,04-17-2025,2025-10-01,Ortahisar - Trabzon - Türkiye,"179,75",,38,Toys & Games,Budget
17,Prof. Ferzi Asım Akdeniz, prof.ferzi.asim.akdeniz17@example.com ,0541 182 44 93,12-04-2021,2025-06-30,"Türkiye, Bursa, Nilüfer",₺191,TRY,39,Groceries,Budget
79,Çakırca Gücal Yorulmaz, cakirca.gucal.yorulmaz79@example.com ,+90  547   394 73  12 ,14/07/2025,2026-01-21,Osmangazi - Bursa - Türkiye,"256,88",,46,Electronics,Budget
417,Gözel Durdu, gozel.durdu417@example.com ,+90555206063,18/05/2023,27/03/2025,Eskişehir - Türkiye,$166.86,USD,32,Toys & Games,Budget
394,Necva Yılmaz,necva.yilmaz394@outlok.com,+90 509 543 17 35,08-23-2025,12-31-2025,"Türkiye, Şanlıurfa, Eyyübiye",₺359,TRY,70,Books,Budget
397,Aydinç Korutürk,aydinc.koruturk397@gmial.com,+905388025333,25/07/2025,2026-01-30,Manisa - Türkiye,₺220,TRY,39,Beauty & Personal Care,Budget
361,Behrem Yılmaz,behrem.yilmaz361@yaho.com,0549 956 41 22,14/11/2025,10/12/2025,Ortahisar - Trabzon - Türkiye,$164.54,USD,30,Books,Budget
98,Yaşattin Şama, yasattin.sama98@example.com ,+90  500   478 68  63 ,2024-07-24,2026-05-09,Pamukkale - Denizli - Türkiye,₺269,TRY,47,Home & Garden,Budget
2,Uz. Zamir Açıkel Tarhan,uz.zamir.acikel.tarhan2@example.com,+90  516   184 95  93 ,12-31-2021,"January 11, 2026","Türkiye, Gaziantep, Şahinbey",$117.57,USD,22,Groceries,Budget
387,Bişar Ülker, bisar.ulker387@example.com ,+90 574 355 37 95,10/11/2025,02/12/2025,"Türkiye, Bursa",$316.09,USD,62,Sports & Outdoors,Budget
158,Yahşi Soylu, yahsi.soylu158@example.com ,+90501536884,2022-03-31,"January 29, 2026",Bornova - İzmir - Türkiye,$196.27,USD,36,Beauty & Personal Care,Budget
494,Tanyolaç Ergül,tanyolac.ergul494@hotnail.com,+90  542   016 54  23 ,2023-12-28,01-29-2025,Yeşilyurt - Malatya - Türkiye,₺267,TRY,44,Books,Regular
178,Nurmelek Hayrioğlu,nurmelek.hayrioglu178@example.com,+90532633230,2022-08-23,2025-08-03,"Türkiye, Şanlıurfa, Eyyübiye","273,54",,50,Home & Garden,Budget
241,Kösemen Dumanlı,kosemen.dumanli241@gmial.com,+90  552   245 93  34 ,2024-04-06,03-12-2026,"Türkiye, Ankara, Keçiören",₺149,TRY,23,Clothing,Regular
419,Kutay Afer Hayrioğlu Aksu, kutay.afer.hayrioglu.aksu419@example.com ,0562 525 71 50,2022-07-15,12-13-2025,"Türkiye, Bursa, Osmangazi",$347.03,USD,55,Sports & Outdoors,Regular
463,Tuğtaş Halidun Akgündüz, tugtas.halidun.akgunduz463@example.com ,+90554749162,"July 14, 2024",2026-06-23,"Türkiye, Ankara, Yenimahalle",₺295,TRY,49,Home & Garden,Regular
440,Muktedir Ünübol Durdu,muktedir.unubol.durdu440@outlok.com,0540 983 66 55,"February 20, 2022",18/05/2026,Ortahisar - Trabzon - Türkiye,₺389,TRY,68,Clothing,Budget
257,Çev. Gülbani İlper Şafak Şener,cev.gulbani.ilper.safak.sener257@example.com,+90 547 264 90 82,2023-05-08,2025-01-26,"Türkiye, Ankara, Yenimahalle",406 TL,TRY,71,Groceries,Regular
107,Sancak Türk,sancak.turk107@hotnail.com,0504 899 64 23,2024-02-06,02/10/2025,"Türkiye, Gaziantep, Şahinbey",$237.27,USD,32,Beauty & Personal Care,Regular
135,Gökperi Mansız Durdu,gokperi.mansiz.durdu135@yaho.com,+905704389836,2024-04-16,2026-02-17,Şehitkamil - Gaziantep - Türkiye,$311.99,USD,59,Clothing,Budget
252,Doç. Musaffa Şehreban Eraslan, doc.musaffa.sehreban.eraslan252@example.com ,+90548229251,2022-10-28,25/05/2026,Selçuklu - Konya - Türkiye,"308,84",,52,Groceries,New
374,Servinaz Tülin Tevetoğlu,servinaz.tulin.tevetoglu374@example.com,0534 108 56 28,2022-12-01,2025-02-19,Atakum - Samsun - Türkiye,"196,16",,36,Toys & Games,Budget
320,Hanbiken Şemsinisa Sezgin, hanbiken.semsinisa.sezgin320@example.com ,+90  554   527 98  52 ,2021-12-20,"May 19, 2025","Türkiye, İstanbul, Şişli",$215.08,USD,37,Home & Garden,Budget
25,Eflâtun İlgi Türk, efltun.ilgi.turk25@example.com ,0548 951 34 33,02-14-2025,04-29-2026,"Türkiye, Adana, Seyhan","66,18",,19,Clothing,Budget
306,Uz. Cannur Çorlu,uz.cannur.corlu306@example.com,+905569507988,2023-06-15,23/02/2026,Eyyübiye - Şanlıurfa - Türkiye,₺252,TRY,47,Groceries,Budget
189,Nili Aksu,nili.aksu189@example.com,+90 546 547 22 69,01-09-2022,02/02/2026,"Türkiye, Trabzon, Ortahisar",553 TL,TRY,74,Clothing,Premium
467,Okt. Havse Selvi Mansız,okt.havse.selvi.mansiz467@hotnail.com,0540 903 67 88,2025-07-12,04-30-2026,Denizli - Türkiye,$184.25,USD,twenty-eight,Toys & Games,Regular
464,Sücaettin Kısakürek,sucaettin.kisakurek464@example.com,+905105255598,2022-07-23,2025-10-18,"Türkiye, Kayseri, Melikgazi",₺181,TRY,41,Sports & Outdoors,Budget
79,Çakırca Gücal Yorulmaz, cakirca.gucal.yorulmaz79@example.com ,+90547347312,14/07/2025,2025-09-27,"Türkiye, Bursa, Osmangazi",239 TL,TRY,46,Groceries,Budget
435,Türknur Beray Hançer Ertaş,turknur.beray.hancer.ertas435@gmial.com,+90 530 505 05 73,2022-07-19,08-23-2025,"Türkiye, Malatya, Yeşilyurt","283,75",,49,Home & Garden,Regular
266,Dr. Selime İnönü Yorulmaz,dr.selime.inonu.yorulmaz266@gmial.com,0582 357 84 52,2021-08-20,09/02/2026,Çukurova - Adana - Türkiye,373 TL,TRY, 73 ,Home & Garden,Budget
67,Erdursun Dalkılıç Akar Duran,erdursun.dalkilic.akar.duran67@outlok.com,+90507959782,2025-08-08,2025-12-16,Odunpazarı - Eskişehir - Türkiye,247 TL,TRY,46,Groceries,Budget
62,Öğr. Sonnur Sezgin Seven,ogr.sonnur.sezgin.seven62@hotnail.com,+90 559 910 22 90,2022-03-03,12/02/2025,"Türkiye, İstanbul, Kadıköy","102,40",,23,Toys & Games,Budget
32,Nevsale Bilgin Yaman, nevsale.bilgin.yaman32@example.com ,+90  506   716 57  26 ,2024-12-17,2025-02-11,"Türkiye, Kayseri, Kocasinan",₺401,TRY,64,Toys & Games,Regular
60,Çev. Tüzeer Nurullah Bilir, cev.tuzeer.nurullah.bilir60@example.com ,0556 049 45 19,"February 07, 2023",2025-11-21,Şehzadeler - Manisa - Türkiye,129 TL,TRY,31,Toys & Games,Budget
26,Rabbiye Aslan,rabbiye.aslan26@example.com,+905016378708,20/07/2024,09/05/2025,"Türkiye, Şanlıurfa, Eyyübiye","392,79",,72,Sports & Outdoors,Budget
97,Lezize Tevetoğlu, lezize.tevetoglu97@example.com ,+90539165180,07-24-2025,08/03/2026,"Erzurum, Yakutiye",233 TL,TRY,48,Toys & Games,Budget
278,Arifcan Aslan,arifcan.aslan278@example.com,0537 189 49 05,"December 13, 2022",2025-06-12,Şehzadeler - Manisa - Türkiye,₺392,TRY, 67 ,Beauty & Personal Care,Budget
286,Hasgül Akdeniz Öcalan, hasgul.akdeniz.ocalan286@example.com ,0512 447 17 46,01-25-2022,2025-08-23,"Türkiye, Trabzon, Ortahisar",$477.67,USD,75,Electronics,Regular
381,Dr. Buşra Karadeniz Çorlu,dr.busra.karadeniz.corlu381@example.com,+905120948184,2024-11-13,04-18-2025,"Türkiye, Diyarbakır, Kayapınar",$347.90,USD,57,Beauty & Personal Care,Regular
35,Yrd. Doç. Banü Nurşan Kısakürek,yrd.doc.banu.nursan.kisakurek35@hotnail.com,0557 444 31 35,04-12-2025,2025-09-19,Şehitkamil - Gaziantep - Türkiye,"357,22",, 65 ,Toys & Games,Regular
349,Günsel Selvi Dumanlı Akça, gunsel.selvi.dumanli.akca349@example.com ,+90  553   759 90  04 ,"February 13, 2023","January 10, 2026",Ortahisar - Trabzon - Türkiye,$337.73,USD,57,Groceries,Regular
319,Tali Âdem Soylu,tali.dem.soylu319@example.com,+90 538 988 81 67,09/07/2025,"December 25, 2025",İlkadım - Samsun - Türkiye,"305,39",,25,Groceries,Premium
135,Gökperi Mansız Durdu,gokperi.mansiz.durdu135@hotnail.com,+905414389836,"April 16, 2024",05/11/2025,"Türkiye, Gaziantep, Şehitkamil",290 TL,TRY,59,Home & Garden,Budget
222,Cemiyle Gülgüzel Arslan,cemiyle.gulguzel.arslan222@outlok.com,0534 795 52 76,07/10/2024,14/09/2025,Meram - Konya - Türkiye,₺392,TRY,,Groceries,Premium
224,Eskinalp Türk,eskinalp.turk224@gmial.com,+90 506 120 34 71,"June 05, 2023",06/03/2026,"Türkiye, Erzurum, Yakutiye",353 TL,TRY,sixty-five,Beauty & Personal Care,Budget
201,Şöhret Sezgin,sohret.sezgin201@example.com,+90  555   231 49  13 ,2024-03-02,2025-09-20,Meram - Konya - Türkiye,"333,10",,49,Books,Regular
37,Uraltay Gül, uraltay.gul37@example.com ,+905824008426,2025-05-16,"May 08, 2026",Melikgazi - Kayseri - Türkiye,423 TL,TRY,73,Clothing,Budget
212,Öğr. Çilga Hazine Sezer,ogr.cilga.hazine.sezer212@example.com,0531 498 64 30,2021-12-21,28/10/2025,"Türkiye, Manisa, Şehzadeler",$573.20,USD,sixty-five,Beauty & Personal Care,Premium
204,Av. Atnan Eşref Akgündüz,av.atnan.esref.akgunduz204@yaho.com,+905488025639,2021-11-02,"March 18, 2025","Türkiye, Ankara, Yenimahalle",323 TL,TRY, 72 ,Books,Budget
303,Alattin Hayrioğlu, alattin.hayrioglu303@example.com ,+90 532 538 17 93,09-22-2021,"October 19, 2025","Türkiye, Konya, Selçuklu",540 TL,TRY,sixty-five,Home & Garden,Premium
149,Turabi Sezer, turabi.sezer149@example.com ,+90  524   472 09  99 ,07-27-2024,2025-06-11,Meram - Konya - Türkiye,$318.19,USD,59,Toys & Games,Budget
398,Karataş Seven,karatas.seven398@example.com,+90524739500,02/11/2024,"February 18, 2026","Şanlıurfa, Eyyübiye",172 TL,TRY,36,Home & Garden,Budget
448,Şahnuray Yorulmaz,sahnuray.yorulmaz448@gmial.com,+90  544   626 71  46 ,20/01/2022,2026-04-19,Karşıyaka - İzmir - Türkiye,"180,76",, 27 ,Books,Regular
483,Eşim Yaman, esim.yaman483@example.com ,+90534115950,09/08/2024,2025-03-04,"Türkiye, Erzurum, Yakutiye",$183.83,USD,36,Home & Garden,Budget
29,Öğr. Sevican Manço Eraslan, ogr.sevican.manco.eraslan29@example.com ,+90555644170,2021-09-30,25/07/2025,Selçuklu - Konya - Türkiye,$243.91,USD,52,Books,Budget
17,Prof. Ferzi Asım Akdeniz,prof.ferzi.asim.akdeniz17@outlok.com,+90 541 182 44 93,04/12/2021,2026-04-17,Nilüfer - Bursa - Türkiye,$225.41,USD,39,Home & Garden,Budget
196,Yıldız Samahat Ülker Arsoy,yildiz.samahat.ulker.arsoy196@gmial.com,+90  558   112 88  01 ,07/10/2024,05-07-2026,Melikgazi - Kayseri - Türkiye,₺352,TRY,60,Beauty & Personal Care,Regular
79,Çakırca Gücal Yorulmaz, cakirca.gucal.yorulmaz79@example.com ,+905473997312,2025-07-14,2026-03-05,"Türkiye, Bursa, Osmangazi",₺238,TRY,46,Sports & Outdoors,Budget
136,Rayla Zülbiye Karadeniz, rayla.zulbiye.karadeniz136@example.com ,+90552965827,2021-08-18,2025-07-21,"Türkiye, Gaziantep, Şehitkamil",$114.51,USD,22,Sports & Outdoors,Budget
240,Uz. Savni Arıel Aksu,uz.savni.ariel.aksu240@example.com,+90  543   350 48  88 ,2022-10-01,2025-12-13,Melikgazi - Kayseri - Türkiye,290 TL,TRY,54,Toys & Games,Budget
5,Arş. Gör. Sıylıhan Akbaş Durmuş, ars.gor.siylihan.akbas.durmus5@example.com ,0596 965 32 87,2025-06-09,12-06-2025,Meram - Konya,359 TL,TRY,66,Sports & Outdoors,Budget
68,Uz. Sadiye Gülbiye Aslan Ertaş,uz.sadiye.gulbiye.aslan.ertas68@yaho.com,+90551586449,"February 08, 2025",2025-11-06,Odunpazarı - Eskişehir - Türkiye,$225.20,USD,39,Clothing,Budget
492,Temirhan Zorlu,temirhan.zorlu492@hotnail.com,+90509606730,2024-10-05,"January 08, 2025","Türkiye, Diyarbakır, Kayapınar",365 TL,TRY,73,Electronics,Budget
384,Dürrüşehvar Seven, durrusehvar.seven384@example.com ,+90  524   124 62  09 ,2024-02-15,05/06/2025,"Türkiye, Kayseri, Melikgazi",140 TL,TRY,29,Electronics,Budget
243,Servinaz Belkize Tarhan, servinaz.belkize.tarhan243@example.com ,+905383206799,2023-02-13,"June 11, 2026",Şehzadeler - Manisa - Türkiye,"102,22",,23,Groceries,Budget
17,Prof. Ferzi Asım Akdeniz,prof.ferzi.asim.akdeniz17@gmial.com,+905419824493,"December 04, 2021","May 28, 2026",Nilüfer - Bursa - Türkiye,₺232,TRY,39,Groceries,Budget
321,Gürcüye Gülev Mansız Eraslan,gurcuye.gulev.mansiz.eraslan321@yaho.com,0501 193 93 25,2025-10-14,"January 22, 2026",Nilüfer - Bursa - Türkiye,$61.80,USD,23,Electronics,Budget
468,Seniha Hasgül Duran,seniha.hasgul.duran468@outlok.com,+90 543 448 12 30,2022-12-16,2025-12-25,Malatya - Türkiye,$165.55,USD,33,Electronics,Budget
474,Av. Nura Durmuş İhsanoğlu, av.nura.durmus.ihsanoglu474@example.com ,0545 723 08 48,"April 04, 2025",2025-06-16,Kadıköy - İstanbul - Türkiye,"285,25",, 19 ,Beauty & Personal Care,Premium
315,Dr. Havali Kısakürek Durdu, dr.havali.kisakurek.durdu315@example.com ,+90 546 273 01 47,07-29-2025,01-21-2026,Eyyübiye - Şanlıurfa - Türkiye,₺489,TRY,56,Electronics,Premium
337,İlklima Kısakürek,ilklima.kisakurek337@outlok.com,+90  547   786 60  32 ,06-02-2024,06-09-2026,"Türkiye, Kayseri, Kocasinan",₺120,TRY,26,Toys & Games,Budget
288,Nüdret Ülker Çetin,nudret.ulker.cetin288@example.com,0539 174 10 11,2022-09-29,2025-12-25,Yakutiye - Erzurum,₺326,TRY,64,Sports & Outdoors,Budget
119,Korugan Şama,korugan.sama119@outlok.com,+90  547   212 64  64 ,2023-03-27,2026-06-22,Toroslar - Mersin - Türkiye,"401,81",,68,Books,Budget
308,Ekmel Ertaş, ekmel.ertas308@example.com ,0559 274 52 38,"December 25, 2021",2025-05-08,"Türkiye, Manisa, Şehzadeler",$147.89,USD,20,Clothing,Regular
139,Seçgül Dumanlı,secgul.dumanli139@gmial.com,+90  575   884 25  24 ,02/11/2021,03-07-2025,Bornova - İzmir - Türkiye,₺393,TRY,74,Toys & Games,Budget
363,Çev. Alkor Yaman,cev.alkor.yaman363@gmial.com,+905072277707,2022-09-01,07-14-2025,"Türkiye, Şanlıurfa, Eyyübiye",$167.03,USD,33,Groceries,Budget
338,Deryanur Hasgül Güçlü Yıldırım, deryanur.hasgul.guclu.yildirim338@example.com ,+90  507   001 59  41 ,01/09/2023,2026-06-13,"Türkiye, Mersin, Yenişehir","431,49",,75,Beauty & Personal Care,Regular
179,Muvaffak Hayrioğlu, muvaffak.hayrioglu179@example.com ,+905248909010,2025-09-05,24/05/2026,"Türkiye, Samsun, İlkadım",321 TL,TRY,62,Electronics,Budget
499,Bayan Nürice Arsoy Eraslan,bayan.nurice.arsoy.eraslan499@example.com,+905053344446,03-05-2022,2025-01-23,Denizli - Türkiye,₺164,TRY,33,Electronics,Budget
5,Arş. Gör. Sıylıhan Akbaş Durmuş, ars.gor.siylihan.akbas.durmus5@example.com ,+90  596   965 32  87 ,2025-06-09,07-31-2025,Meram - Konya - Türkiye,₺335,TRY,66,Books,Budget
280,Fazul Gül,fazul.gul280@example.com,+905441281442,2022-06-30,"March 13, 2025",Şehzadeler - Manisa - Türkiye,175 TL,TRY,35,Books,Budget
387,Bişar Ülker,bisar.ulker387@example.com,+90 574 355 37 95,2025-11-10,2026-06-29,"Türkiye, Bursa, Nilüfer",₺336,TRY,62,Clothing,Budget
461,Galip Akdeniz, galip.akdeniz461@example.com ,0510 668 43 35,07-24-2023,2025-12-13,Şehzadeler - Manisa - Türkiye,"207,40",,48,Toys & Games,Budget
181,Çev. Bidayet Sirap Yıldırım,cev.bidayet.sirap.yildirim181@yaho.com,+905307119721,30/07/2021,2025-02-13,Eyyübiye - Şanlıurfa - Türkiye,271 TL,TRY,50,Beauty & Personal Care,Budget
158,Yahşi Soylu,yahsi.soylu158@example.com,+90 501 533 68 84,31/03/2022,2025-11-09,Bornova - İzmir - Türkiye,$187.07,USD,36,Sports & Outdoors,Budget
499,Bayan Nürice Arsoy Eraslan,bayan.nurice.arsoy.eraslan499@example.com,+90 505 384 44 46,2022-03-05,01-08-2026,"Türkiye, Denizli, Pamukkale","155,12",,33,Groceries,Budget
23,Öğr. Kasim Aslan,ogr.kasim.aslan23@example.com,+90 548 236 62 99,05/04/2024,2025-11-11,Tepebaşı - Eskişehir - Türkiye,272 TL,TRY,43,Groceries,Regular
387,Bişar Ülker,bisar.ulker387@outlok.com,+905793553795,"November 10, 2025",25/02/2026,"Türkiye, Bursa",$336.97,USD,,Home & Garden,Budget
405,Günebakan İnönü,gunebakan.inonu405@example.com,+90 537 780 52 92,2024-03-27,12-20-2025,"Türkiye, Denizli, Pamukkale",₺340,TRY,65,Electronics,Budget
317,İnançlı Ülker, inancli.ulker317@example.com ,+90 572 520 45 65,"September 04, 2025",12-08-2025,Kepez - Antalya - Türkiye,"171,19",, 36 ,Electronics,Budget
277,Kayrabay Akar,kayrabay.akar277@example.com,+90551712847,01-19-2023,2025-05-17,İpekyolu - Van,"157,15",,23,Sports & Outdoors,Regular
394,Necva Yılmaz,necva.yilmaz394@example.com,+90509531735,"August 23, 2025",2026-03-12,"Türkiye, Şanlıurfa",₺366,TRY,70,Beauty & Personal Care,Budget
119,Korugan Şama, korugan.sama119@example.com ,+905472106464,03-27-2023,05-20-2025,"Türkiye, Mersin",336 TL,TRY,68,Toys & Games,Budget
166,Bayan Gülsü Sabır Kısakürek, bayan.gulsu.sabir.kisakurek166@example.com ,+905397053457,12/02/2023,2025-06-11,"Türkiye, Konya, Selçuklu",₺252,TRY,43,Home & Garden,Regular
385,Safinaz Ayçan Arslan Tevetoğlu,safinaz.aycan.arslan.tevetoglu385@gmial.com,+905083993788,"October 16, 2023","June 02, 2026","Türkiye, Ankara, Keçiören","119,31",,25,Books,Budget
182,Hiçsönmez Eba Şensoy,hicsonmez.eba.sensoy182@example.com,0537 447 01 20,26/04/2024,11/10/2025,Osmangazi - Bursa - Türkiye,$419.07,USD,41,Groceries,Premium
388,Öğr. Deryanur Ergül Akdeniz, ogr.deryanur.ergul.akdeniz388@example.com ,+90  500   268 76  81 ,23/04/2022,2025-06-27,Şişli - İstanbul - Türkiye,$5801.58,USD,59,Clothing,Budget
198,Akyıldız Akdeniz, akyildiz.akdeniz198@example.com ,+905376842450,2022-11-05,2025-08-24,"Türkiye, Diyarbakır, Kayapınar",₺388,TRY,73,Home & Garden,Regular
133,Okt. Rahiye Mehdiye Durmuş,okt.rahiye.mehdiye.durmus133@example.com,+90751863637,2024-06-11,2026-02-25,Ortahisar - Trabzon - Türkiye,"406,12",,38,Toys & Games,Premium
110,Aygönenç Neslinur Bilir Tarhan, aygonenc.neslinur.bilir.tarhan110@example.com ,+90  554   615 67  93 ,15/01/2022,09-28-2025,Şehzadeler - Manisa - Türkiye,$127.74,USD,32,Books,Budget
42,Arş. Gör. Baba Bilge, ars.gor.baba.bilge42@example.com ,+90  574   680 71  54 ,02-19-2024,"August 26, 2025",Tepebaşı - Eskişehir - Türkiye,"197,57",, 25 ,Home & Garden,New
367,Sevican Asu Yorulmaz,sevican.asu.yorulmaz367@gmial.com,+90  574   550 84  28 ,07-24-2022,2026-03-25,"Türkiye, Malatya",₺293,TRY,60,Clothing,Budget
460,Öğr. Hafıza Yaman Manço,ogr.hafiza.yaman.manco460@example.com,+905392382604,"November 14, 2024",12/01/2025,Nilüfer - Bursa - Türkiye,₺202,TRY,27,Beauty & Personal Care,Regular
371,Apaydın Yaman,apaydin.yaman371@example.com,0507 208 11 55,2023-09-12,2025-05-25,"Türkiye, Diyarbakır",$356.63,USD,67,Books,Budget
345,Zeride Sabihe Zengin Korutürk,zeride.sabihe.zengin.koruturk345@example.com,+90 596 577 24 29,11/02/2024,20/02/2026,Şahinbey - Gaziantep - Türkiye,370 TL,TRY,69,Beauty & Personal Care,Budget
420,Av. Nevsale Birsan Şafak Akdeniz,av.nevsale.birsan.safak.akdeniz420@example.com,0532 630 39 75,03-13-2025,"May 11, 2026","Malatya, Yeşilyurt",₺188,TRY,35,Sports & Outdoors,Budget
67,Erdursun Dalkılıç Akar Duran,erdursun.dalkilic.akar.duran67@example.com,0507 935 97 82,2025-08-08,11-14-2025,"Türkiye, Eskişehir",₺241,TRY,46,Books,Budget
147,Yekda Sezer, yekda.sezer147@example.com ,+90556185347,2024-06-18,02-17-2025,Kayapınar - Diyarbakır - Türkiye,400 TL,TRY,,Beauty & Personal Care,Budget
422,Kopan Bilge, kopan.bilge422@example.com ,+90 502 321 29 83,08-16-2024,10-20-2025,Şehitkamil - Gaziantep - Türkiye,"222,77",,fifty,Sports & Outdoors,Budget
184,Çağlasın Akdurmuş Akça,caglasin.akdurmus.akca184@example.com,+905089035889,05-31-2025,2025-12-05,"Türkiye, Şanlıurfa, Eyyübiye",₺285,TRY,45,Beauty & Personal Care,Regular
264,Vacibe Alemdar Yılmaz,vacibe.alemdar.yilmaz264@yaho.com,+90  534   414 48  85 ,08-25-2021,2025-08-06,Selçuklu - Konya - Türkiye,"79,80",,,Groceries,Budget
390,Av. Övün Şilan Tarhan, av.ovun.silan.tarhan390@example.com ,+90537047930,11-06-2024,01-21-2026,Melikgazi - Kayseri - Türkiye,₺408,TRY,70,Toys & Games,Regular
179,Muvaffak Hayrioğlu,muvaffak.hayrioglu179@example.com,+90564890010,05/09/2025,"December 19, 2025","Türkiye, Samsun, İlkadım","342,87",,,Beauty & Personal Care,Budget
420,Av. Nevsale Birsan Şafak Akdeniz,av.nevsale.birsan.safak.akdeniz420@hotnail.com,+90 532 630 39 75,"March 13, 2025",06-01-2025,Yeşilyurt - Malatya - Türkiye,"190,81",,35,Home & Garden,Budget
332,Berran İnönü,berran.inonu332@hotnail.com,+905349114159,2025-11-02,25/03/2026,"Türkiye, Gaziantep, Şahinbey","234,09",,,Electronics,Budget
156,Doç. Nerim Dumanlı,doc.nerim.dumanli156@example.com,+90 541 006 76 26,2023-03-09,13/03/2025,"Türkiye, Samsun, İlkadım","477,11",,74,Clothing,Regular
35,Yrd. Doç. Banü Nurşan Kısakürek,yrd.doc.banu.nursan.kisakurek35@example.com,0557 444 31 35,12/04/2025,"September 08, 2025",Şehitkamil - Gaziantep - Türkiye,$364.79,USD,65,Home & Garden,Regular
285,Veis Yüksel,veis.yuksel285@example.com,0509 109 39 11,19/06/2025,2025-09-01,Selçuklu - Konya - Türkiye,446 TL,TRY,72,Groceries,Regular
138,Melihcan Çetin, melihcan.cetin138@example.com ,+90  541   418 32  85 ,10-04-2023,2025-08-14,Yakutiye - Erzurum,"322,29",,55,Beauty & Personal Care,Regular
424,Dr. Oymak Şener,dr.oymak.sener424@example.com,+90  574   689 71  52 ,2021-12-09,29/06/2025,Diyarbakır - Türkiye,"263,07",,48,Groceries,Budget
371,Apaydın Yaman,apaydin.yaman371@example.com,0507 208 11 55,"September 12, 2023",12/07/2025,"Türkiye, Diyarbakır",$352.71,USD,67,Books,Budget
109,Aköz Hançer,akoz.hancer109@example.com,0548 408 62 11,01-04-2023,"December 05, 2025",Şehzadeler - Manisa - Türkiye,"156,02",,27,Beauty & Personal Care,Budget
127,Kaşif Seydo Akar Eraslan,kasif.seydo.akar.eraslan127@hotnail.com,0596 969 15 57,06-27-2022,2026-05-03,Eyyübiye - Şanlıurfa - Türkiye,$334.81,USD,29,Groceries,Premium
32,Nevsale Bilgin Yaman, nevsale.bilgin.yaman32@example.com ,0506 716 57 26,17/12/2024,2025-04-29,"Türkiye, Kayseri, Kocasinan",₺386,TRY,64,Beauty & Personal Care,Regular
230,Koçak Soylu,kocak.soylu230@example.com,+90  547   807 74  06 ,22/04/2024,2025-12-25,Kepez - Antalya - Türkiye,$306.50,USD,56,Clothing,Budget
25,Eflâtun İlgi Türk, efltun.ilgi.turk25@example.com ,+901489513433,14/02/2025,2025-05-19,Seyhan - Adana,$100.06,USD,nineteen,Home & Garden,Budget
276,Öğr. Heva Ertaş Durmuş, ogr.heva.ertas.durmus276@example.com ,0509 738 46 89,11-22-2023,2026-06-21,"Türkiye, Antalya, Muratpaşa","167,58",,20,Clothing,New
499,Bayan Nürice Arsoy Eraslan, bayan.nurice.arsoy.eraslan499@example.com ,+905054844446,05/03/2022,06/06/2025,"Türkiye, Denizli, Pamukkale",$185.29,USD,33,Electronics,Budget
39,Dilfeza Arslan, dilfeza.arslan39@example.com ,+905374210249,2021-10-01,2025-10-08,"Türkiye, Kayseri",₺422,TRY,70,Books,Regular
340,Tenvir Alemdar, tenvir.alemdar340@example.com ,0532 123 47 64,2022-08-23,2025-05-01,Şehitkamil - Gaziantep,₺127,TRY,21,Toys & Games,Regular
128,Yamin Merzuk Yılmaz,yamin.merzuk.yilmaz128@hotnail.com,+90557905072,2023-10-18,03-19-2025,Kayseri - Türkiye,353 TL,TRY,53,Toys & Games,Regular
474,Av. Nura Durmuş İhsanoğlu,av.nura.durmus.ihsanoglu474@example.com,+90545723084,04/04/2025,2025-12-20,Kadıköy - İstanbul - Türkiye,"304,18",,19,Clothing,Premium
20,Tınal Aslan,tinal.aslan20@hotnail.com,+90  536   541 45  86 ,02-20-2022,28/04/2026,Pamukkale - Denizli - Türkiye,$420.68,USD,71,Home & Garden,Regular
113,Prof. Ürfettin Akçay,prof.urfettin.akcay113@yaho.com,0542 939 68 56,2021-09-17,2026-04-01,"Türkiye, Trabzon, Ortahisar","371,77",,65,Clothing,Budget
108,İldeş Çalım Manço Şafak,ildes.calim.manco.safak108@example.com,0500 623 12 03,02-11-2023,"March 17, 2026","Türkiye, Gaziantep, Şehitkamil",289 TL,TRY,47,Sports & Outdoors,Regular
236,İncifir Sanavber Hançer, incifir.sanavber.hancer236@example.com ,0535 186 38 78,31/01/2025,2025-05-27,"Türkiye, Şanlıurfa",₺287,TRY,57,Beauty & Personal Care,Budget
248,Prof. Gökten Tevetoğlu,prof.gokten.tevetoglu248@gmial.com,+90538800384,29/01/2024,2025-05-30,"Türkiye, Trabzon, Ortahisar","307,84",,49,Books,Regular
79,Çakırca Gücal Yorulmaz,cakirca.gucal.yorulmaz79@example.com,0547 394 73 12,07-14-2025,2026-03-15,Osmangazi - Bursa - Türkiye,$226.62,USD,46,Home & Garden,Budget
22,Arş. Gör. Yurtgüven Yüksel,ars.gor.yurtguven.yuksel22@example.com,+90556159514,"February 08, 2023",2026-03-02,"Türkiye, Manisa, Şehzadeler",242 TL,TRY, 37 ,Beauty & Personal Care,Regular
210,Çisem Yılmaz, cisem.yilmaz210@example.com ,0537 977 23 69,"February 23, 2025",2025-12-28,"Türkiye, Kayseri, Melikgazi",$378.31,USD,68,Electronics,Regular
46,Sümeyye Hayrioğlu,sumeyye.hayrioglu46@hotnail.com,0575 339 63 60,2024-03-01,03-01-2026,Yakutiye - Erzurum - Türkiye,₺408,TRY, 65 ,Toys & Games,Regular
27,Dirlik Çamurcuoğlu, dirlik.camurcuoglu27@example.com ,+905027743487,2022-06-08,18/05/2025,"Türkiye, Antalya, Kepez",₺146,TRY,33,Toys & Games,Budget
71,Aygutalp İhsanoğlu, aygutalp.ihsanoglu71@example.com ,0540 758 18 14,2025-06-24,2026-04-12,Şehzadeler - Manisa,$374.92,USD,66,Electronics,Budget
479,Dölensoy Alemdar,dolensoy.alemdar479@example.com,+90503587210,28/12/2023,2025-10-01,"Gaziantep, Şehitkamil",₺416,TRY,41,Clothing,Premium
203,Musaffa Akdeniz,musaffa.akdeniz203@yaho.com,+90541108996,20/08/2021,22/06/2026,Kocasinan - Kayseri - Türkiye,$308.86,USD,55,Home & Garden,Budget
14,Arş. Gör. Edaviye Nuriyet Çorlu Durmuş, ars.gor.edaviye.nuriyet.corlu.durmus14@example.com ,+905500978520,2023-02-06,16/02/2026,"Türkiye, Ankara",316 TL,TRY, 23 ,Sports & Outdoors,Premium
181,Çev. Bidayet Sirap Yıldırım,cev.bidayet.sirap.yildirim181@gmial.com,0530 011 97 21,07-30-2021,12/10/2025,"Türkiye, Şanlıurfa, Eyyübiye",$282.94,USD,fifty,Books,Budget
367,Sevican Asu Yorulmaz,sevican.asu.yorulmaz367@yaho.com,+901745508428,24/07/2022,2025-01-21,"Malatya, Yeşilyurt",338 TL,TRY,60,Books,Budget
235,Serfinaz Çamurcuoğlu Dumanlı,serfinaz.camurcuoglu.dumanli235@gmial.com,+90530524077,10-25-2022,2025-03-17,"Türkiye, Samsun",213 TL,TRY,36,Clothing,Regular
225,Saydam Feza Sezer,saydam.feza.sezer225@outlok.com,+90 539 982 45 58,2023-03-20,01-26-2026,"Türkiye, Samsun, Atakum",₺562,TRY,67,Clothing,Premium
432,Fatinur Dumanlı,fatinur.dumanli432@example.com,+905100409010,08/01/2023,12/06/2025,Eyyübiye - Şanlıurfa - Türkiye,373 TL,TRY,68,Electronics,Budget
499,Bayan Nürice Arsoy Eraslan,bayan.nurice.arsoy.eraslan499@yaho.com,0505 384 44 46,2022-03-05,2025-01-07,"Denizli, Pamukkale",$149.00,USD,33,Home & Garden,Budget
87,Emal Ülker Şensoy, emal.ulker.sensoy87@example.com ,0516 878 49 91,2025-03-24,2025-06-09,Atakum - Samsun - Türkiye,$174.90,USD,24,Beauty & Personal Care,Regular
26,Rabbiye Aslan,rabbiye.aslan26@hotnail.com,0501 632 87 08,20/07/2024,10-16-2025,"Şanlıurfa, Eyyübiye","386,78",, 72 ,Electronics,Budget
306,Uz. Cannur Çorlu,uz.cannur.corlu306@example.com,+90  556   955 79  88 ,2023-06-15,12-04-2025,"Türkiye, Şanlıurfa, Eyyübiye","231,56",,47,Electronics,Budget
464,Sücaettin Kısakürek,sucaettin.kisakurek464@hotnail.com,+905108258598,2022-07-23,2026-02-28,Melikgazi - Kayseri - Türkiye,₺230,TRY,41,Toys & Games,Budget
328,Yurtseven Tule Çamurcuoğlu Aslan,yurtseven.tule.camurcuoglu.aslan328@outlok.com,0532 010 17 02,21/10/2023,09-18-2025,"Türkiye, Şanlıurfa, Eyyübiye",₺356,TRY, 56 ,Electronics,Regular
131,Minibe Ülker,minibe.ulker131@example.com,0539 596 29 23,"October 15, 2024","February 01, 2026","Türkiye, Bursa, Nilüfer",₺342,TRY,69,Electronics,Budget
398,Karataş Seven,karatas.seven398@example.com,+90  524   739 50  03 ,11-02-2024,10-07-2025,"Türkiye, Şanlıurfa",₺183,TRY,36,Toys & Games,Budget
468,Seniha Hasgül Duran,seniha.hasgul.duran468@example.com,+905534481230,2022-12-16,05-24-2026,"Türkiye, Malatya, Yeşilyurt","143,15",,33,Clothing,Budget
471,Öğr. Lezize Nursim Zorlu Fırat,ogr.lezize.nursim.zorlu.firat471@example.com,+90 536 527 17 27,2024-11-29,2025-04-19,Yenişehir - Mersin - Türkiye,"550,07",,70,Clothing,Premium
136,Rayla Zülbiye Karadeniz,rayla.zulbiye.karadeniz136@yaho.com,+90552965827,2021-08-18,06-09-2026,"Türkiye, Gaziantep, Şehitkamil","128,94",,twenty-two,Beauty & Personal Care,Budget
316,Ümray Mehdiye Sezer Arslan,umray.mehdiye.sezer.arslan316@yaho.com,+905964775890,29/06/2024,31/05/2025,İpekyolu - Van - Türkiye,₺153,TRY,twenty-eight,Clothing,Regular
37,Uraltay Gül,uraltay.gul37@gmial.com,+90  582   400 84  27 ,16/05/2025,2026-05-12,Melikgazi - Kayseri - Türkiye,399 TL,TRY,73,Beauty & Personal Care,Budget
211,Atilhan Yüksel, atilhan.yuksel211@example.com ,+90517990881,06-05-2025,2025-09-08,Adana - Türkiye,$282.71,USD,48,Groceries,Regular
67,Erdursun Dalkılıç Akar Duran, erdursun.dalkilic.akar.duran67@example.com ,+90 507 935 97 82,2025-08-08,10-16-2025,"Türkiye, Eskişehir, Odunpazarı",222 TL,TRY,46,Home & Garden,Budget
181,Çev. Bidayet Sirap Yıldırım,cev.bidayet.sirap.yildirim181@example.com,+90 530 011 97 21,2021-07-30,2026-03-24,"Türkiye, Şanlıurfa, Eyyübiye",219 TL,TRY,50,Beauty & Personal Care,Budget
154,Selmin Mansız,selmin.mansiz154@gmial.com,+905599293787,12-18-2024,03/02/2026,İpekyolu - Van - Türkiye,$286.72,USD,49,Sports & Outdoors,Budget
139,Seçgül Dumanlı,secgul.dumanli139@example.com,+905758742524,02/11/2021,04-08-2025,İzmir - Türkiye,"391,21",,74,Home & Garden,Budget
57,Yrd. Doç. Duruk Abdülahat Erdoğan,yrd.doc.duruk.abdulahat.erdogan57@example.com,+905529072284,2024-12-20,2025-06-25,Yenişehir - Mersin - Türkiye,"171,61",,25,Groceries,Regular
231,Seydo Şener, seydo.sener231@example.com ,+90 536 866 32 66,17/09/2024,"January 22, 2026",Üsküdar - İstanbul - Türkiye,$192.67,USD,34,Toys & Games,Budget
24,Dr. Günkurt Şanlı Öcalan,dr.gunkurt.sanli.ocalan24@outlok.com,0543 699 57 77,02-28-2022,12/02/2026,Üsküdar - İstanbul - Türkiye,199 TL,TRY, 31 ,Home & Garden,Regular
244,Çev. Özerdinç Özinal Şener,cev.ozerdinc.ozinal.sener244@example.com,+905716862278,02/11/2024,20/07/2025,Kocasinan - Kayseri - Türkiye,297 TL,TRY,49,Books,Regular
423,Nalân Güverçin Şama,naln.guvercin.sama423@example.com,+90506614982,"November 15, 2021",2025-12-18,Diyarbakır - Türkiye,129 TL,TRY,29,Home & Garden,Budget
388,Öğr. Deryanur Ergül Akdeniz,ogr.deryanur.ergul.akdeniz388@example.com,+90 500 268 76 81,23/04/2022,2025-08-25,"Türkiye, İstanbul, Şişli",318 TL,TRY,59,Electronics,Budget
305,Uz. Hezniye Yurtseven Seven,uz.hezniye.yurtseven.seven305@hotnail.com,+905427238046,2022-02-14,2025-12-20,"Türkiye, Bursa, Osmangazi",₺322,TRY,52,Sports & Outdoors,New
462,Ortak Ömür Duran Karadeniz,ortak.omur.duran.karadeniz462@example.com,+90414545635,2025-09-06,11-04-2025,Pamukkale - Denizli - Türkiye,"129,34",,29,Toys & Games,Budget
411,Maksüde Hayrioğlu, maksude.hayrioglu411@example.com ,+905168385977,05-10-2023,08-28-2025,"Türkiye, Antalya",272 TL,TRY,54,Beauty & Personal Care,Budget
323,Gökçil Özertem Dumanlı,gokcil.ozertem.dumanli323@yaho.com,+90  542   801 38  75 ,2022-01-13,26/10/2025,Selçuklu - Konya,311 TL,TRY,55,Sports & Outdoors,Budget
402,Prof. Tartış Yorulmaz,prof.tartis.yorulmaz402@example.com,+90  555   877 74  96 ,05-16-2022,2025-05-01,Şehzadeler - Manisa - Türkiye,$420.06,USD,68,Beauty & Personal Care,Regular
465,Buhari Akçay,buhari.akcay465@example.com,0596 112 91 09,12/04/2022,02-15-2026,"Türkiye, Mersin",350 TL,TRY,70,Home & Garden,Budget
157,Hoşkadem Karadeniz,hoskadem.karadeniz157@hotnail.com,+90505415262,2021-11-04,2025-03-14,Erzurum - Türkiye,"139,80",,22,Toys & Games,Regular
63,Aykutalp Sakarya,aykutalp.sakarya63@example.com,+905510762258,01-01-2022,2026-04-23,"Türkiye, Denizli, Pamukkale",₺171,TRY,32,Beauty & Personal Care,Regular
343,Aytek Elöve Akgündüz Duran,aytek.elove.akgunduz.duran343@yaho.com,+90 544 134 32 75,25/08/2021,2025-08-21,"Türkiye, İstanbul, Şişli",₺355,TRY,59,Books,Regular
423,Nalân Güverçin Şama, naln.guvercin.sama423@example.com ,+90 506 614 98 28,15/11/2021,30/04/2026,"Diyarbakır, Kayapınar",170 TL,TRY,29,Beauty & Personal Care,Budget
417,Gözel Durdu, gozel.durdu417@example.com ,+90 555 206 50 63,18/05/2023,08/07/2025,"Türkiye, Eskişehir",₺155,TRY,32,Toys & Games,Budget
211,Atilhan Yüksel, atilhan.yuksel211@example.com ,0512 799 08 81,06-05-2025,2025-07-22,Çukurova - Adana - Türkiye,300 TL,TRY,48,Electronics,Regular
203,Musaffa Akdeniz,musaffa.akdeniz203@outlok.com,0541 108 09 96,2021-08-20,21/04/2026,Kocasinan - Kayseri - Türkiye,289 TL,TRY,55,Toys & Games,Budget
422,Kopan Bilge, kopan.bilge422@example.com ,+90  502   321 29  83 ,2024-08-16,26/02/2025,Şehitkamil - Gaziantep - Türkiye,"279,79",,50,Home & Garden,Budget
383,Elvan Çisem Yorulmaz Zengin,elvan.cisem.yorulmaz.zengin383@yaho.com,0562 608 56 41,04-22-2025,"April 17, 2026",Üsküdar - İstanbul,$156.26,USD,24,Groceries,Regular
36,Arş. Gör. Hüda Çağlar Bilge Akça,ars.gor.huda.caglar.bilge.akca36@outlok.com,+90 537 498 94 13,"April 15, 2024",2025-08-19,Seyhan - Adana - Türkiye,$174.31,USD,32,Beauty & Personal Care,Regular
301,Alice'); DROP TABLE cleaned_records;--, cetinsu.temizkal.demirel.bilge301@example.com ,0542 799 07 72,02/01/2022,2025-03-12,"İstanbul, Şişli",₺226,TRY,43,Beauty & Personal Care,Budget
326,Müferrih Ruhugül Akçay, muferrih.ruhugul.akcay326@example.com ,+90  538   646 31  75 ,"December 10, 2024",2025-11-29,Kocasinan - Kayseri - Türkiye,154 TL,TRY, 18 ,Books,New
174,Tayyip Duran,tayyip.duran174@example.com,+90 509 991 73 81,2022-02-17,2025-12-03,Osmangazi - Bursa - Türkiye,$265.53,USD,42,Electronics,Regular
253,Aydinç Bilgin,aydinc.bilgin253@hotnail.com,0552 056 64 74,04/02/2025,18/02/2026,Nilüfer - Bursa - Türkiye,366 TL,TRY,,Clothing,Budget
387,Bişar Ülker,bisar.ulker387@example.com,+90  574   355 37  95 ,2025-11-10,21/01/2026,"Bursa, Nilüfer",365 TL,TRY, 62 ,Toys & Games,Budget
287,Bayan Muarra Sonnur Demirel,bayan.muarra.sonnur.demirel287@example.com,0542 717 39 62,05-01-2022,11/03/2025,Tepebaşı - Eskişehir - Türkiye,$291.81,USD,49,Electronics,Budget
110,Aygönenç Neslinur Bilir Tarhan,aygonenc.neslinur.bilir.tarhan110@example.com,0554 615 67 93,15/01/2022,2025-03-16,"Türkiye, Manisa, Şehzadeler",₺177,TRY,32,Toys & Games,Budget
99,Uzsoy Şener,uzsoy.sener99@yaho.com,0510 690 33 11,14/08/2022,16/05/2026,Mersin - Türkiye,183 TL,TRY,20,Sports & Outdoors,Regular
434,Kâzime İslime Yorulmaz,kzime.islime.yorulmaz434@example.com,+905091853579,2022-02-06,14/12/2025,"Türkiye, Trabzon, Ortahisar",$504.88,USD,60,Electronics,Premium
311,Zöhrehan Ferhan Erdoğan, zohrehan.ferhan.erdogan311@example.com ,+90 556 265 65 04,06/01/2024,2026-03-14,"Türkiye, Diyarbakır, Kayapınar","209,54",, 40 ,Toys & Games,Budget
406,Hazrat Melihcan Demir Arslan,hazrat.melihcan.demir.arslan406@example.com,+90  536   668 45  90 ,"October 07, 2022",2026-01-03,Atakum - Samsun - Türkiye,"372,00",,68,Groceries,Budget
294,Arıel Güçlü, ariel.guclu294@example.com ,+90  545   608 33  18 ,2025-05-31,27/09/2025,"Türkiye, Şanlıurfa, Eyyübiye",₺317,TRY,57,Sports & Outdoors,Regular
202,Öğr. Seblâ Alemdar Gül,ogr.sebl.alemdar.gul202@example.com,+90553645257,2023-05-10,2025-11-30,"Türkiye, Manisa, Şehzadeler",$267.26,USD,46,Groceries,Regular
269,Dr. Asiman Şener Tevetoğlu,dr.asiman.sener.tevetoglu269@yaho.com,+90  542   493 21  49 ,01-19-2024,06/03/2026,"Türkiye, Bursa, Nilüfer",₺283,TRY,fifty-two,Clothing,Regular
432,Fatinur Dumanlı, fatinur.dumanli432@example.com ,+90 510 040 90 13,08/01/2023,27/01/2026,Şanlıurfa - Türkiye,"360,42",,68,Toys & Games,Budget
166,Bayan Gülsü Sabır Kısakürek,bayan.gulsu.sabir.kisakurek166@example.com,+90 530 705 34 57,2023-02-12,"June 29, 2025","Türkiye, Konya, Selçuklu",₺260,TRY,43,Electronics,Regular
179,Muvaffak Hayrioğlu,muvaffak.hayrioglu179@example.com,+905548909010,2025-09-05,01-12-2026,İlkadım - Samsun - Türkiye,"310,75",,62,Groceries,Budget
367,Sevican Asu Yorulmaz,sevican.asu.yorulmaz367@gmial.com,+905745508528,2022-07-24,2025-01-29,"Türkiye, Malatya, Yeşilyurt",₺345,TRY,60,Groceries,Budget
250,Rahiye Kumral Zorlu,rahiye.kumral.zorlu250@example.com,+905325621688,2022-06-10,"January 09, 2025","Türkiye, İstanbul, Üsküdar","335,99",, 61 ,Home & Garden,Budget
6,Yağızkurt Şensoy, yagizkurt.sensoy6@example.com ,+905480184513,06/07/2023,2025-12-17,Nilüfer - Bursa - Türkiye,"191,29",,twenty-eight,Electronics,Regular
317,İnançlı Ülker,inancli.ulker317@outlok.com,+90572520456,2025-09-04,"June 21, 2026","Türkiye, Antalya, Kepez",₺204,TRY,36,Groceries,Budget
56,Soykut Durmuş,soykut.durmus56@example.com,0553 773 51 58,02/05/2022,2026-03-17,"Türkiye, Samsun, Atakum",$201.94,USD,40,Clothing,Budget
150,Çapkan Bilge,capkan.bilge150@example.com,+90 501 462 63 83,31/05/2022,2025-07-30,Pamukkale - Denizli - Türkiye,"401,45",,69,Electronics,Regular
366,Arş. Gör. Güverçin Şirivan Türk Gül,ars.gor.guvercin.sirivan.turk.gul366@example.com,+90 543 380 05 45,02-25-2022,01-19-2025,"Türkiye, Samsun, Atakum",₺143,TRY,28,Sports & Outdoors,Budget
88,Sevginur Misra İhsanoğlu,sevginur.misra.ihsanoglu88@hotnail.com,+905595269465,08/02/2023,12/05/2025,Eskişehir - Türkiye,$415.95,USD,71,Clothing,Regular
424,Dr. Oymak Şener,dr.oymak.sener424@outlok.com,+905746887152,2021-12-09,2025-09-18,"Türkiye, Diyarbakır, Kayapınar","260,92",,48,Electronics,Budget
52,Arş. Gör. Firdevis Eraslan Fırat,ars.gor.firdevis.eraslan.firat52@example.com,+905105709521,2024-04-17,2026-06-09,"Türkiye, Mersin, Yenişehir",373 TL,TRY,38,Toys & Games,Premium
405,Günebakan İnönü,gunebakan.inonu405@gmial.com,+90577805292,03-27-2024,11/03/2025,"Türkiye, Denizli, Pamukkale",358 TL,TRY,65,Electronics,Budget
216,Sonnur Çağlar Fırat Ergül, sonnur.caglar.firat.ergul216@example.com ,0502 146 56 69,10-28-2024,21/01/2026,İlkadım - Samsun - Türkiye,$282.32,USD,51,Groceries,Budget
331,Dilşat Ertaş,dilsat.ertas331@example.com,+905560561655,2023-08-22,"September 15, 2025",Kepez - Antalya - Türkiye,192 TL,TRY,40,Electronics,Budget
120,Belgizar Öcalan, belgizar.ocalan120@example.com ,+90  524   593 75  26 ,02-28-2024,"September 06, 2025",Yenişehir - Mersin - Türkiye,₺378,TRY,36,Home & Garden,Premium
125,Ayduru Sakarya,ayduru.sakarya125@example.com,+90  562   266 09  37 ,2022-08-18,02-09-2026,Kayapınar - Diyarbakır - Türkiye,"293,38",, 45 ,Sports & Outdoors,Regular
319,Tali Âdem Soylu,tali.dem.soylu319@outlok.com,+905389888767,09/07/2025,"September 29, 2025","Türkiye, Samsun, İlkadım",$309.13,USD,twenty-five,Electronics,Premium
475,Yasan Şehamet Fırat Akdeniz, yasan.sehamet.firat.akdeniz475@example.com ,+90 562 543 61 72,2025-05-01,21/03/2026,"Türkiye, Bursa, Osmangazi",₺152,TRY,32,Books,Budget
321,Gürcüye Gülev Mansız Eraslan,gurcuye.gulev.mansiz.eraslan321@example.com,0501 193 93 25,2025-10-14,20/01/2026,Nilüfer - Bursa - Türkiye,131 TL,TRY,23,Electronics,Budget
339,Şeref Bilgin, seref.bilgin339@example.com ,+90  547   139 15  59 ,2021-10-25,05/09/2026,Bornova - İzmir - Türkiye,$379.17,USD,42,Electronics,Premium
51,Başok Ülker,basok.ulker51@example.com,+905090934395,2024-09-20,2025-08-02,Ortahisar - Trabzon - Türkiye,"325,87",,fifty-eight,Books,Budget
223,Okt. Cebesoy Gökay Yılmaz,okt.cebesoy.gokay.yilmaz223@example.com,+90 564 729 29 31,"November 27, 2021",25/12/2025,Samsun - Türkiye,$352.07,USD,35,Electronics,Premium
53,Öğr. Zerafet Gülper Demirel,ogr.zerafet.gulper.demirel53@example.com,0545 171 23 68,11-24-2023,2025-11-24,"Türkiye, Adana, Seyhan",$290.71,USD,23,Electronics,Premium
429,Cantez Akça, cantez.akca429@example.com ,+90 543 640 27 01,2025-07-22,2025-10-03,Samsun - Türkiye,₺386,TRY,67,Clothing,Regular
195,Özpınar Selâtin Çetin Türk, ozpinar.seltin.cetin.turk195@example.com ,+905473993056,04-24-2025,03/02/2026,"Türkiye, İstanbul, Kadıköy","218,40",,42,Sports & Outdoors,Budget
335,Alaz Eraslan Duran,alaz.eraslan.duran335@example.com,+90 551 484 68 53,2023-08-17,26/11/2025,"Türkiye, Van, İpekyolu",₺284,TRY,43,Home & Garden,Budget
72,Uz. Köker Nurullah Güçlü,uz.koker.nurullah.guclu72@example.com,0536 971 17 98,11-09-2025,04-25-2026,"Türkiye, Diyarbakır",₺336,TRY,58,Electronics,Regular
38,Us Sadittin İnönü Aslan,us.sadittin.inonu.aslan38@gmial.com,+90  532   812 06  79 ,04-25-2023,"December 16, 2025","Türkiye, Kayseri, Kocasinan","191,89",,36,Books,Budget
12,Canseven Ergül Akdeniz, canseven.ergul.akdeniz12@example.com ,+90  531   781 08  01 ,"September 21, 2021",06-16-2026,Toroslar - Mersin - Türkiye,₺353,TRY,72,Toys & Games,Budget
344,Kerman Ertaş,kerman.ertas344@yaho.com,+90 502 720 63 45,2022-09-20,12/05/2026,"Ankara, Keçiören",142 TL,TRY,23,Home & Garden,Budget
25,Eflâtun İlgi Türk,efltun.ilgi.turk25@hotnail.com,+90548951343,02-14-2025,02/09/2025,Seyhan - Adana - Türkiye,₺103,TRY,19,Electronics,Budget
265,Öğr. Ayşenur Gülenay Fırat Arsoy,ogr.aysenur.gulenay.firat.arsoy265@gmial.com,0539 551 24 05,2023-11-05,19/02/2026,Tepebaşı - Eskişehir - Türkiye,"345,71",,58,Books,Regular
332,Berran İnönü,berran.inonu332@example.com,+905345114152,"November 02, 2025",02-21-2026,Şahinbey - Gaziantep - Türkiye,239 TL,TRY, 52 ,Home & Garden,Budget
231,Seydo Şener, seydo.sener231@example.com ,+90  536   866 32  66 ,2024-09-17,10/01/2026,"Türkiye, İstanbul",₺173,TRY,34,Toys & Games,Budget
84,Tayaydın Atalay Seven, tayaydin.atalay.seven84@example.com ,+90559537877,2024-03-21,2026-04-22,Meram - Konya - Türkiye,263 TL,TRY,49,Toys & Games,Budget
224,Eskinalp Türk,eskinalp.turk224@example.com,+90506120341,2023-06-05,2025-03-30,Yakutiye - Erzurum - Türkiye,353 TL,TRY,65,Groceries,Budget
126,Okt. Minibe Seblâ Tevetoğlu,okt.minibe.sebl.tevetoglu126@example.com,+90541982553,05-20-2023,"May 29, 2025",Selçuklu - Konya - Türkiye,$165.93,USD,,Sports & Outdoors,Budget
321,Gürcüye Gülev Mansız Eraslan, gurcuye.gulev.mansiz.eraslan321@example.com ,+90  501   193 93  25 ,10-14-2025,22/10/2025,"Türkiye, Bursa, Nilüfer",₺125,TRY,23,Books,Budget
213,Dr. Tanses Dumanlı Çetin,dr.tanses.dumanli.cetin213@hotnail.com,+90 546 368 87 25,24/10/2022,03-25-2025,İpekyolu - Van - Türkiye,324 TL,TRY,53,Clothing,Regular
45,Arş. Gör. Özakan İhsanoğlu,ars.gor.ozakan.ihsanoglu45@example.com,+90 504 499 72 78,"March 27, 2023",11-26-2025,"Trabzon, Ortahisar",$212.98,USD,40,Books,Budget
361,Behrem Yılmaz, behrem.yilmaz361@example.com ,0549 956 41 22,2025-11-14,2026-04-27,"Türkiye, Trabzon, Ortahisar",151 TL,TRY, 30 ,Toys & Games,Budget
179,Muvaffak Hayrioğlu,muvaffak.hayrioglu179@example.com,+90 564 890 90 10,2025-09-05,"October 02, 2025",İlkadım - Samsun - Türkiye,$291.86,USD,62,Groceries,Budget
170,Arş. Gör. Zöhrehan Şefiye Akçay,ars.gor.zohrehan.sefiye.akcay170@example.com,+905341715454,2024-06-26,"June 13, 2026","Türkiye, Mersin, Toroslar","496,88",, 59 ,Clothing,Premium
320,Hanbiken Şemsinisa Sezgin,hanbiken.semsinisa.sezgin320@gmial.com,0554 527 98 52,2021-12-20,"July 02, 2025","İstanbul, Şişli","199,01",,37,Electronics,Budget
147,Yekda Sezer,yekda.sezer147@example.com,+905561893747,2024-06-18,02-17-2026,"Türkiye, Diyarbakır, Kayapınar",$373.10,USD, 72 ,Books,Budget
151,Özakan Mazlum Bilgin Akçay, ozakan.mazlum.bilgin.akcay151@example.com ,+90  557   875 98  56 ,2024-06-07,12/01/2025,Şişli - İstanbul - Türkiye,"150,74",,29,Sports & Outdoors,Budget
204,Av. Atnan Eşref Akgündüz, av.atnan.esref.akgunduz204@example.com ,0548 872 56 39,2021-11-02,22/03/2026,Yenimahalle - Ankara,"384,06",,72,Groceries,Budget
402,Prof. Tartış Yorulmaz,prof.tartis.yorulmaz402@outlok.com,+905558777491,2022-05-16,2026-05-31,Şehzadeler - Manisa - Türkiye,₺439,TRY,68,Electronics,Regular
491,Dr. Dilcan Ticen Tevetoğlu Duran,dr.dilcan.ticen.tevetoglu.duran491@example.com,+90  546   296 13  67 ,2022-03-13,05/03/2026,"Türkiye, Antalya, Muratpaşa",93 TL,TRY, 23 ,Books,Budget
139,Seçgül Dumanlı,secgul.dumanli139@example.com,+90 575 884 25 24,02/11/2021,"January 18, 2025","Türkiye, İzmir, Bornova",393 TL,TRY,74,Electronics,Budget
215,Öğr. Uğurtan Erbil Hançer,ogr.ugurtan.erbil.hancer215@gmial.com,+90538309883,02/07/2022,2025-12-08,Yakutiye - Erzurum - Türkiye,₺153,TRY,28,Electronics,Regular
480,Okt. Arziye Ruhide Yorulmaz Gülen,okt.arziye.ruhide.yorulmaz.gulen480@yaho.com,+905738633302,16/04/2025,2025-08-13,"Türkiye, Antalya, Kepez",499 TL,TRY,62,Clothing,Premium
311,Zöhrehan Ferhan Erdoğan, zohrehan.ferhan.erdogan311@example.com ,+90556266504,06/01/2024,"August 29, 2025","Türkiye, Diyarbakır, Kayapınar",₺189,TRY,40,Groceries,Budget
17,Prof. Ferzi Asım Akdeniz,prof.ferzi.asim.akdeniz17@yaho.com,+90  541   182 44  93 ,2021-12-04,2026-03-20,Nilüfer - Bursa,"193,23",,39,Toys & Games,Budget
48,Hayrünnisa Ağbegim Yüksel,hayrunnisa.agbegim.yuksel48@example.com,0572 400 50 45,"November 06, 2023","January 30, 2025",Eyyübiye - Şanlıurfa - Türkiye,$207.56,USD,45,Home & Garden,Budget
131,Minibe Ülker,minibe.ulker131@yaho.com,+90 539 596 29 23,15/10/2024,25/06/2026,"Türkiye, Bursa, Nilüfer",395 TL,TRY,69,Electronics,Budget
262,Muvaffak Avşin Hayrioğlu,muvaffak.avsin.hayrioglu262@gmial.com,+90  545   561 68  14 ,"April 23, 2023",05-03-2025,Çankaya - Ankara - Türkiye,"126,86",,26,Books,Budget
145,Ercihan Nerim Mansız,ercihan.nerim.mansiz145@gmial.com,+90 538 657 19 18,"March 14, 2025",2026-06-23,"Türkiye, İzmir, Konak","497,51",,58,Groceries,Premium
301,Alice'); DROP TABLE cleaned_records;--,cetinsu.temizkal.demirel.bilge301@example.com,+90542799072,02/01/2022,09/04/2026,Şişli - İstanbul - Türkiye,₺199,TRY,43,Sports & Outdoors,Budget
394,Necva Yılmaz,necva.yilmaz394@hotnail.com,+907095431735,23/08/2025,12/09/2025,Eyyübiye - Şanlıurfa - Türkiye,372 TL,TRY,seventy,Sports & Outdoors,Budget
376,Melihcan Dumanlı,melihcan.dumanli376@example.com,+904490753998,11/08/2022,"May 20, 2025","Türkiye, Bursa, Osmangazi",192 TL,TRY,thirty-two,Books,Regular
469,Çev. Ünsever Özdil Güçlü,cev.unsever.ozdil.guclu469@gmial.com,0524 033 81 05,2022-05-27,04-07-2025,Kepez - Antalya - Türkiye,$384.24,USD,56,Toys & Games,New
440,Muktedir Ünübol Durdu,muktedir.unubol.durdu440@example.com,0540 983 66 55,20/02/2022,01-27-2025,"Türkiye, Trabzon, Ortahisar","357,25",,68,Home & Garden,Budget
200,Sevim Fayize Şafak Akçay, sevim.fayize.safak.akcay200@example.com ,+90129087814,"March 08, 2022",10-17-2025,İlkadım - Samsun - Türkiye,"100,91",,22,Sports & Outdoors,Budget
160,Hasret Kumral Şama, hasret.kumral.sama160@example.com ,0534 902 11 58,18/08/2023,"January 16, 2025","Türkiye, Adana, Çukurova",₺429,TRY,66,Electronics,Regular
414,Arş. Gör. Sebattin İvecen Ülker,ars.gor.sebattin.ivecen.ulker414@example.com,+90  541   862 10  42 ,"June 24, 2023",2026-05-06,Şehitkamil - Gaziantep - Türkiye,$215.14,USD,40,Groceries,Budget
398,Karataş Seven, karatas.seven398@example.com ,0524 739 50 03,02/11/2024,12/02/2026,Eyyübiye - Şanlıurfa - Türkiye,"204,96",,36,Sports & Outdoors,Budget
217,Doç. Zümre Münezzer Ergül,doc.zumre.munezzer.ergul217@example.com,0537 690 42 68,05-08-2025,2025-09-23,"Türkiye, İzmir, Konak",299 TL,TRY,53,Electronics,Budget
255,Ünsever Türk,unsever.turk255@outlok.com,+90572897527,2023-04-17,2026-01-28,İlkadım - Samsun - Türkiye,130 TL,TRY,26,Electronics,Budget
470,Kamar Tarhan,kamar.tarhan470@example.com,+90 553 424 08 91,24/11/2021,"July 24, 2025",Odunpazarı - Eskişehir - Türkiye,₺386,TRY,65,Home & Garden,Regular
142,Büşranur Alemdar,busranur.alemdar142@example.com,+90  575   622 08  63 ,02-22-2024,2025-04-17,"Türkiye, Gaziantep, Şahinbey","174,88",,33,Clothing,Regular
33,Dr. Aysuna Bilge Demir, dr.aysuna.bilge.demir33@example.com ,+90  537   996 50  75 ,12-05-2024,2026-01-29,"Türkiye, Mersin, Toroslar",₺222,TRY,49,Electronics,Budget
382,Mengi Sakarya,mengi.sakarya382@example.com,+905433171895,"September 12, 2023",11/07/2025,Ankara - Türkiye,"313,16",,55,Beauty & Personal Care,Budget
395,Av. Beyda Durdu, av.beyda.durdu395@example.com ,+905065110704,07-11-2022,"April 15, 2026",Şahinbey - Gaziantep - Türkiye,335 TL,TRY,58,Groceries,Regular
325,Aybora Çamurcuoğlu,aybora.camurcuoglu325@example.com,+905548065716,2024-05-11,2025-03-08,"Türkiye, Antalya, Kepez","309,38",,47,Home & Garden,Regular
243,Servinaz Belkize Tarhan,servinaz.belkize.tarhan243@gmial.com,+90 558 320 67 99,13/02/2023,22/04/2025,Şehzadeler - Manisa - Türkiye,₺148,TRY,23,Electronics,Budget
273,Mürit Baturay Şensoy Karadeniz,murit.baturay.sensoy.karadeniz273@gmial.com,+90  551   909 86  24 ,07/08/2025,2025-12-07,Kocasinan - Kayseri - Türkiye,257 TL,TRY,41,Beauty & Personal Care,New
486,Öğr. Şöhret Yılmaz Akçay, ogr.sohret.yilmaz.akcay486@example.com ,+90556063399,12/07/2025,03/05/2026,Yeşilyurt - Malatya,173 TL,TRY, 27 ,Groceries,Regular
56,Soykut Durmuş,soykut.durmus56@gmial.com,+90  553   773 51  58 ,2022-05-02,17/05/2026,Atakum - Samsun - Türkiye,$174.09,USD,40,Beauty & Personal Care,Budget
475,Yasan Şehamet Fırat Akdeniz, yasan.sehamet.firat.akdeniz475@example.com ,0562 543 61 72,2025-05-01,"February 19, 2026",Osmangazi - Bursa - Türkiye,121 TL,TRY,32,Sports & Outdoors,Budget
500,Hüsmen Çetin, husmen.cetin500@example.com ,+90  500   258 95  52 ,28/09/2022,"September 11, 2025","Türkiye, Denizli","233,62",,45,Home & Garden,Budget
150,Çapkan Bilge, capkan.bilge150@example.com ,+90  501   462 63  83 ,"May 31, 2022",31/10/2025,Pamukkale - Denizli - Türkiye,₺416,TRY,69,Clothing,Regular
417,Gözel Durdu,gozel.durdu417@example.com,0555 206 50 63,2023-05-18,2025-10-01,Odunpazarı - Eskişehir - Türkiye,"176,38",,32,Books,Budget
238,Teber Bilir,teber.bilir238@example.com,+90558556593,16/10/2022,20/12/2025,"Türkiye, Mersin, Yenişehir",263 TL,TRY,52,Clothing,Budget
465,Buhari Akçay,buhari.akcay465@yaho.com,+90  596   112 91  09 ,04-12-2022,01-26-2026,Yenişehir - Mersin - Türkiye,358 TL,TRY,70,Sports & Outdoors,Budget
343,Aytek Elöve Akgündüz Duran, aytek.elove.akgunduz.duran343@example.com ,+90  544   134 32  75 ,"August 25, 2021","May 26, 2025","İstanbul, Şişli",₺330,TRY,59,Books,Regular
302,Mishat Buyrukhan Sezer Hançer, mishat.buyrukhan.sezer.hancer302@example.com ,+905016580444,2022-01-13,2025-06-12,Atakum - Samsun - Türkiye,"333,43",, 57 ,Home & Garden,Regular
30,Erdibay Korutürk,erdibay.koruturk30@gmial.com,+90510033093,2025-03-29,09-25-2025,"Türkiye, Samsun, İlkadım","285,27",,48,Toys & Games,Regular
388,Öğr. Deryanur Ergül Akdeniz, ogr.deryanur.ergul.akdeniz388@example.com ,+90502687681,2022-04-23,2025-12-24,"Türkiye, İstanbul, Şişli",$304.62,USD,59,Home & Garden,Budget
198,Akyıldız Akdeniz,akyildiz.akdeniz198@example.com,+90  532   684 24  50 ,11-05-2022,26/02/2026,"Türkiye, Diyarbakır, Kayapınar",432 TL,TRY,73,Electronics,Regular
355,Argu Karadeniz, argu.karadeniz355@example.com ,+90 501 896 16 42,2024-08-08,2025-11-19,Yenimahalle - Ankara - Türkiye,$564.91,USD,67,Home & Garden,Premium
248,Prof. Gökten Tevetoğlu,prof.gokten.tevetoglu248@outlok.com,+90538780084,01-29-2024,15/10/2025,Trabzon - Türkiye,"284,02",,49,Beauty & Personal Care,Regular
97,Lezize Tevetoğlu,lezize.tevetoglu97@example.com,+90  539   106 51  80 ,07-24-2025,2025-09-23,"Erzurum, Yakutiye",$217.73,USD,forty-eight,Electronics,Budget
214,Aygutalp Arslan, aygutalp.arslan214@example.com ,0562 137 21 38,2023-09-14,2025-04-28,"Türkiye, Kayseri, Kocasinan",$363.64,USD,68,Groceries,Budget
284,Sevdinar İhsanoğlu Hayrioğlu,sevdinar.ihsanoglu.hayrioglu284@example.com,+90  501   061 81  75 ,19/09/2024,2026-02-01,Odunpazarı - Eskişehir - Türkiye,"342,69",,64,Sports & Outdoors,Budget
317,İnançlı Ülker,inancli.ulker317@example.com,+90572520465,2025-09-04,06-07-2026,Kepez - Antalya - Türkiye,"148,66",,36,Groceries,Budget
62,Öğr. Sonnur Sezgin Seven, ogr.sonnur.sezgin.seven62@example.com ,+90  559   910 22  90 ,03/03/2022,2025-04-01,"Türkiye, İstanbul, Kadıköy",83 TL,TRY,23,Home & Garden,Budget
21,Tanbay Şener, tanbay.sener21@example.com ,0542 940 19 65,11/11/2021,"June 04, 2026","Türkiye, İstanbul, Kadıköy","370,87",,68,Home & Garden,Budget
12,Canseven Ergül Akdeniz,canseven.ergul.akdeniz12@example.com,+90531780801,21/09/2021,2026-06-15,"Türkiye, Mersin, Toroslar",$394.01,USD,72,Groceries,Budget
438,Tanyolaç Tevetoğlu,tanyolac.tevetoglu438@hotnail.com,+90553915668,02/07/2023,04-28-2025,"Türkiye, Şanlıurfa",₺363,TRY,69,Toys & Games,Budget
248,Prof. Gökten Tevetoğlu, prof.gokten.tevetoglu248@example.com ,+90 538 780 03 84,2024-01-29,03-13-2025,Ortahisar - Trabzon - Türkiye,"300,84",,,Beauty & Personal Care,Regular
60,Çev. Tüzeer Nurullah Bilir, cev.tuzeer.nurullah.bilir60@example.com ,+905560494517,02-07-2023,10/02/2026,Şehzadeler - Manisa - Türkiye,$169.05,USD,31,Groceries,Budget
19,Dr. Nezize Feyzin Arsoy Ergül,dr.nezize.feyzin.arsoy.ergul19@example.com,+90  533   158 69  23 ,"January 14, 2025",2025-05-04,Kayapınar - Diyarbakır - Türkiye,"601,54",,69,Books,Premium
75,Kaver İhsanoğlu Çetin,kaver.ihsanoglu.cetin75@outlok.com,+90 541 566 76 52,2023-03-02,01-14-2025,"Türkiye, Kayseri, Kocasinan",$346.81,USD,62,Home & Garden,Regular
197,Orgün Şensoy,orgun.sensoy197@outlok.com,+90 501 102 48 19,"September 02, 2024",06-23-2025,"Türkiye, Konya, Meram",$204.01,USD,34,Groceries,Regular
71,Aygutalp İhsanoğlu,aygutalp.ihsanoglu71@example.com,+90  540   758 18  14 ,2025-06-24,31/10/2025,"Türkiye, Manisa",344 TL,TRY,66,Electronics,Budget
492,Temirhan Zorlu,temirhan.zorlu492@example.com,+90509605673,05/10/2024,2025-03-14,Kayapınar - Diyarbakır - Türkiye,384 TL,TRY, 73 ,Home & Garden,Budget
311,Zöhrehan Ferhan Erdoğan, zohrehan.ferhan.erdogan311@example.com ,+90  556   265 65  04 ,01-06-2024,03/04/2026,"Diyarbakır, Kayapınar",202 TL,TRY,40,Books,Budget
227,Dr. Akyıldız Durdu Arslan, dr.akyildiz.durdu.arslan227@example.com ,+90 553 554 49 64,"June 15, 2023",25/05/2026,"Türkiye, İzmir, Konak",546 TL,TRY,67,Clothing,Premium
247,Arpağ Yorulmaz,arpag.yorulmaz247@gmial.com,+90507016410,"April 22, 2024",2025-03-08,"Türkiye, Bursa, Osmangazi","582,95",,73,Beauty & Personal Care,Premium
85,Kader Bilir, kader.bilir85@example.com ,+905339500476,13/04/2022,28/03/2025,Ortahisar - Trabzon,361 TL,TRY,61,Sports & Outdoors,Regular
17,Prof. Ferzi Asım Akdeniz,prof.ferzi.asim.akdeniz17@example.com,+90 541 182 44 93,"December 04, 2021",2025-10-27,"Türkiye, Bursa, Nilüfer",$211.63,USD,39,Electronics,Budget
397,Aydinç Korutürk, aydinc.koruturk397@example.com ,+90 538 806 53 33,25/07/2025,08-11-2025,Şehzadeler - Manisa - Türkiye,186 TL,TRY,39,Groceries,Budget
177,Uz. Sevsevil Gülbeyan Yorulmaz,uz.sevsevil.gulbeyan.yorulmaz177@example.com,+90  504   478 98  56 ,02-05-2022,2025-09-08,Seyhan - Adana - Türkiye,₺114,TRY, 26 ,Electronics,Budget
487,Adlan Eraslan,adlan.eraslan487@hotnail.com,0502 481 71 75,"December 30, 2024",2025-01-12,"Türkiye, Şanlıurfa, Eyyübiye",$182.42,USD,36,Beauty & Personal Care,Budget
322,Tekecan Sakarya, tekecan.sakarya322@example.com ,+90 552 893 89 11,"September 15, 2022",2025-05-01,Toroslar - Mersin - Türkiye,340 TL,TRY, 66 ,Sports & Outdoors,Budget
56,Soykut Durmuş,soykut.durmus56@example.com,+90  553   773 51  58 ,2022-05-02,2026-02-28,Atakum - Samsun - Türkiye,"217,45",,40,Electronics,Budget
233,Binay Huban Demir,binay.huban.demir233@example.com,0547 435 03 13,2022-05-26,2026-03-08,"Türkiye, Diyarbakır, Kayapınar","188,05",,45,Electronics,Budget
298,Av. Zevlüde Türk Mansız,av.zevlude.turk.mansiz298@hotnail.com,+905625349492,16/09/2022,07/12/2025,"Türkiye, Konya","481,83",,53,Sports & Outdoors,Premium
136,Rayla Zülbiye Karadeniz,rayla.zulbiye.karadeniz136@example.com,+90552965827,18/08/2021,30/09/2025,"Türkiye, Gaziantep, Şehitkamil",$110.64,USD,22,Toys & Games,Budget
122,Zehranur Şama Akça, zehranur.sama.akca122@example.com ,+90 534 266 17 97,2022-09-07,09-24-2025,Yakutiye - Erzurum - Türkiye,"273,79",,43,Toys & Games,Regular
63,Aykutalp Sakarya,aykutalp.sakarya63@yaho.com,+90  551   076 22  68 ,"January 01, 2022",20/06/2025,"Türkiye, Denizli, Pamukkale",227 TL,TRY,32,Clothing,Regular
202,Öğr. Seblâ Alemdar Gül,ogr.sebl.alemdar.gul202@gmial.com,+90553364557,"May 10, 2023","July 17, 2025",Şehzadeler - Manisa - Türkiye,$306.90,USD,46,Home & Garden,Regular
215,Öğr. Uğurtan Erbil Hançer,ogr.ugurtan.erbil.hancer215@example.com,+905384301883,"July 02, 2022",15/05/2025,"Türkiye, Erzurum, Yakutiye",₺215,TRY,28,Electronics,Regular
275,Ufukay Kutgün Seven,ufukay.kutgun.seven275@example.com,+905742201027,2022-04-05,2025-09-06,"Türkiye, Samsun",₺270,TRY,45,Beauty & Personal Care,New
399,Okt. Ferhan Nirgül Hançer Gül,okt.ferhan.nirgul.hancer.gul399@example.com,+90  558   323 02  41 ,2025-10-31,13/11/2025,"Türkiye, Mersin, Yenişehir",$406.58,USD,71,Books,Regular
50,Av. Behiza İnönü Duran, av.behiza.inonu.duran50@example.com ,+90  536   713 69  59 ,04-16-2024,06-10-2026,"Türkiye, Diyarbakır, Kayapınar",₺339,TRY,62,Home & Garden,Budget
257,Çev. Gülbani İlper Şafak Şener, cev.gulbani.ilper.safak.sener257@example.com ,0547 264 90 82,08/05/2023,2026-02-25,"Türkiye, Ankara",$404.69,USD, 71 ,Books,Regular
38,Us Sadittin İnönü Aslan,us.sadittin.inonu.aslan38@example.com,+90 532 812 06 79,2023-04-25,2026-01-29,Kayseri - Türkiye,₺187,TRY,36,Home & Garden,Budget
62,Öğr. Sonnur Sezgin Seven,ogr.sonnur.sezgin.seven62@gmial.com,+90  559   910 22  90 ,03/03/2022,22/01/2026,İstanbul - Türkiye,$149.77,USD,23,Clothing,Budget
378,Ruhugül Gül Sakarya, ruhugul.gul.sakarya378@example.com ,+90  502   851 96  11 ,2023-11-17,17/03/2025,"Türkiye, Diyarbakır, Kayapınar",$291.73,USD,54,Beauty & Personal Care,Budget
183,Özaslan Şensoy, ozaslan.sensoy183@example.com ,0594 155 21 66,23/05/2023,"March 27, 2026","Türkiye, Eskişehir",317 TL,TRY,35,Beauty & Personal Care,Premium
306,Uz. Cannur Çorlu, uz.cannur.corlu306@example.com ,+90  556   955 79  88 ,15/06/2023,05-22-2026,Şanlıurfa - Türkiye,₺286,TRY,47,Books,Budget
62,Öğr. Sonnur Sezgin Seven,ogr.sonnur.sezgin.seven62@example.com,+90  559   910 22  90 ,2022-03-03,"March 07, 2025","Türkiye, İstanbul, Kadıköy",111 TL,TRY,23,Beauty & Personal Care,Budget
323,Gökçil Özertem Dumanlı,gokcil.ozertem.dumanli323@outlok.com,+90  542   801 38  75 ,2022-01-13,2025-04-18,Selçuklu - Konya - Türkiye,"312,99",,55,Clothing,Budget
491,Dr. Dilcan Ticen Tevetoğlu Duran,dr.dilcan.ticen.tevetoglu.duran491@example.com,+90 546 296 13 67,2022-03-13,2026-06-16,"Türkiye, Antalya, Muratpaşa",114 TL,TRY,23,Sports & Outdoors,Budget
142,Büşranur Alemdar,busranur.alemdar142@example.com,+90  575   622 08  63 ,2024-02-22,03/12/2025,"Türkiye, Gaziantep, Şahinbey",$201.12,USD,33,Electronics,Regular
495,Yrd. Doç. Kızıltunç Cindoruk Ülker,yrd.doc.kiziltunc.cindoruk.ulker495@example.com,+905851648072,"May 23, 2022","November 18, 2025","Türkiye, Erzurum","291,72",,46,Home & Garden,Regular
21,Tanbay Şener,tanbay.sener21@yaho.com,+90 542 940 19 65,2021-11-11,14/03/2026,"Türkiye, İstanbul, Kadıköy",₺367,TRY,68,Sports & Outdoors,Budget
317,İnançlı Ülker,inancli.ulker317@example.com,+90572520456,2025-09-04,2026-03-09,"Türkiye, Antalya, Kepez",192 TL,TRY, 36 ,Groceries,Budget
128,Yamin Merzuk Yılmaz, yamin.merzuk.yilmaz128@example.com ,+905579051723,2023-10-18,30/03/2026,Melikgazi - Kayseri - Türkiye,₺331,TRY,53,Books,Regular
128,Yamin Merzuk Yılmaz,yamin.merzuk.yilmaz128@example.com,0557 905 07 23,10-18-2023,06-27-2025,"Türkiye, Kayseri, Melikgazi",₺308,TRY,53,Beauty & Personal Care,Regular
371,Apaydın Yaman,apaydin.yaman371@example.com,+905072071155,"September 12, 2023",2025-01-11,"Türkiye, Diyarbakır, Kayapınar",₺372,TRY,67,Electronics,Budget
208,Hürdoğan Sezgin,hurdogan.sezgin208@example.com,+90  543   222 59  13 ,08-16-2023,04/04/2026,"Türkiye, Şanlıurfa, Eyyübiye",$363.29,USD,69,Home & Garden,Budget
395,Av. Beyda Durdu, av.beyda.durdu395@example.com ,+90 506 512 07 04,"July 11, 2022",2025-05-18,"Türkiye, Gaziantep, Şahinbey","334,57",,58,Home & Garden,Regular
328,Yurtseven Tule Çamurcuoğlu Aslan,yurtseven.tule.camurcuoglu.aslan328@example.com,+90  532   010 17  02 ,10-21-2023,02-25-2026,"Türkiye, Şanlıurfa, Eyyübiye","355,58",,56,Beauty & Personal Care,Regular
333,Av. Ulutay Yilmaz Tarhan, av.ulutay.yilmaz.tarhan333@example.com ,+90  557   852 94  56 ,"October 25, 2024","May 05, 2025","Türkiye, Diyarbakır, Kayapınar",₺280,TRY,49,Electronics,Regular
260,Boztaş Gürelcem Seven Sezer,boztas.gurelcem.seven.sezer260@hotnail.com,+905339776713,2022-08-01,2025-05-25,Şehzadeler - Manisa - Türkiye,₺104,TRY, 18 ,Home & Garden,Budget
284,Sevdinar İhsanoğlu Hayrioğlu,sevdinar.ihsanoglu.hayrioglu284@example.com,+905010618155,09-19-2024,22/06/2026,Eskişehir - Türkiye,"305,82",,64,Home & Garden,Budget
271,Savni Seven,savni.seven271@hotnail.com,+90596958321,"October 20, 2021",2026-06-28,Osmangazi - Bursa - Türkiye,₺388,TRY, 63 ,Books,Regular
399,Okt. Ferhan Nirgül Hançer Gül, okt.ferhan.nirgul.hancer.gul399@example.com ,+90558320241,31/10/2025,"January 02, 2026",Yenişehir - Mersin - Türkiye,₺401,TRY, 71 ,Home & Garden,Regular
29,Öğr. Sevican Manço Eraslan, ogr.sevican.manco.eraslan29@example.com ,+905556464173,"September 30, 2021",2025-01-11,"Türkiye, Konya, Selçuklu",302 TL,TRY, 52 ,Toys & Games,Budget
278,Arifcan Aslan,arifcan.aslan278@yaho.com,+90 537 189 49 05,2022-12-13,2025-02-28,Şehzadeler - Manisa - Türkiye,₺370,TRY,67,Sports & Outdoors,Budget
455,Gönen Durmuş, gonen.durmus455@example.com ,0545 105 26 50,2025-05-19,18/11/2025,"Türkiye, Malatya, Yeşilyurt",275 TL,TRY, 45 ,Sports & Outdoors,Regular
118,Haliye Habibe Yıldırım, haliye.habibe.yildirim118@example.com ,+90  546   618 39  82 ,2022-02-08,2026-04-01,Nilüfer - Bursa - Türkiye,220 TL,TRY, 42 ,Home & Garden,Budget
392,Asiman Akçay,asiman.akcay392@example.com,+90  530   468 75  06 ,11-09-2024,"June 07, 2025",Yenimahalle - Ankara,₺228,TRY,39,Groceries,Budget
217,Doç. Zümre Münezzer Ergül,doc.zumre.munezzer.ergul217@example.com,+905376934268,08/05/2025,2026-03-31,"Türkiye, İzmir",₺279,TRY,53,Clothing,Budget
422,Kopan Bilge, kopan.bilge422@example.com ,+90  502   321 29  83 ,16/08/2024,2025-02-13,Şehitkamil - Gaziantep - Türkiye,₺262,TRY, 50 ,Books,Budget
452,Güçyeter Çorlu,gucyeter.corlu452@gmial.com,+90  596   727 57  84 ,2024-05-27,2026-06-22,"Türkiye, Samsun, İlkadım",$274.53,USD, 45 ,Clothing,Regular
139,Seçgül Dumanlı, secgul.dumanli139@example.com ,+90  575   884 25  24 ,"November 02, 2021",2025-12-23,"Türkiye, İzmir, Bornova",₺406,TRY, 74 ,Home & Garden,Budget
355,Argu Karadeniz,argu.karadeniz355@example.com,+902018961642,2024-08-08,"December 30, 2025","Türkiye, Ankara, Yenimahalle",₺539,TRY,67,Home & Garden,Premium
440,Muktedir Ünübol Durdu,muktedir.unubol.durdu440@gmial.com,+90540986655,20/02/2022,2025-04-29,Ortahisar - Trabzon - Türkiye,₺393,TRY, 68 ,Electronics,Budget
415,Benek Permun Bilge Korutürk,benek.permun.bilge.koruturk415@example.com,+90509006353,2024-10-29,05-12-2026,Yenimahalle - Ankara - Türkiye,₺111,TRY,23,Electronics,Budget
71,Aygutalp İhsanoğlu, aygutalp.ihsanoglu71@example.com ,+90540751814,06-24-2025,2026-03-02,"Türkiye, Manisa, Şehzadeler",312 TL,TRY,66,Home & Garden,Budget
287,Bayan Muarra Sonnur Demirel, bayan.muarra.sonnur.demirel287@example.com ,+90 542 717 39 62,01/05/2022,02/06/2026,Tepebaşı - Eskişehir - Türkiye,"288,14",,49,Groceries,Budget
68,Uz. Sadiye Gülbiye Aslan Ertaş, uz.sadiye.gulbiye.aslan.ertas68@example.com ,+90 551 518 64 49,02-08-2025,25/07/2025,"Türkiye, Eskişehir, Odunpazarı",$190.51,USD,39,Books,Budget
22,Arş. Gör. Yurtgüven Yüksel,ars.gor.yurtguven.yuksel22@example.com,0535 615 95 14,02-08-2023,"March 29, 2026",Şehzadeler - Manisa,246 TL,TRY,37,Clothing,Regular
465,Buhari Akçay,buhari.akcay465@outlok.com,+90  596   112 91  09 ,12/04/2022,2025-10-01,Yenişehir - Mersin - Türkiye,"392,66",,70,Toys & Games,Budget
106,Uğurkan Akçay, ugurkan.akcay106@example.com ,0558 771 75 35,"March 12, 2024","September 17, 2025",Kocasinan - Kayseri - Türkiye,₺223,TRY,44,Toys & Games,Budget
418,Yrd. Doç. Rana Rümeysa Arslan, yrd.doc.rana.rumeysa.arslan418@example.com ,+90  501   364 97  18 ,2022-10-04,08/12/2025,"Türkiye, Mersin",₺143,TRY,28,Sports & Outdoors,Budget
409,Giz Akça, giz.akca409@example.com ,+90562286716,2024-10-16,"April 18, 2025",Eyyübiye - Şanlıurfa - Türkiye,"295,76",,26,Toys & Games,Premium
146,Möhsim Seven, mohsim.seven146@example.com ,+90557431329,03/05/2025,2026-01-11,"Türkiye, İzmir, Karşıyaka",111 TL,TRY,,Groceries,Budget
461,Galip Akdeniz, galip.akdeniz461@example.com ,+905506684335,07-24-2023,2025-04-09,"Türkiye, Manisa, Şehzadeler",257 TL,TRY,48,Clothing,Budget
199,Av. Tangül Deha Şafak,av.tangul.deha.safak199@gmial.com,+90509968143,02/10/2021,2025-06-16,Nilüfer - Bursa - Türkiye,"408,18",,65,Groceries,New
56,Soykut Durmuş,soykut.durmus56@example.com,0553 773 51 58,2022-05-02,2025-07-05,Atakum - Samsun - Türkiye,$230.47,USD,40,Beauty & Personal Care,Budget
279,Okt. Türknur Kerime Alemdar,okt.turknur.kerime.alemdar279@example.com,+904494079290,08/04/2022,2025-09-10,Kayapınar - Diyarbakır - Türkiye,379 TL,TRY,36,Books,Premium
419,Kutay Afer Hayrioğlu Aksu, kutay.afer.hayrioglu.aksu419@example.com ,+90562527150,"July 15, 2022",02/08/2025,Osmangazi - Bursa,$351.92,USD, 55 ,Beauty & Personal Care,Regular
136,Rayla Zülbiye Karadeniz, rayla.zulbiye.karadeniz136@example.com ,+90556965827,"August 18, 2021",23/11/2025,Şehitkamil - Gaziantep - Türkiye,$114.63,USD,22,Clothing,Budget
68,Uz. Sadiye Gülbiye Aslan Ertaş, uz.sadiye.gulbiye.aslan.ertas68@example.com ,0551 518 64 49,2025-02-08,08-20-2025,Odunpazarı - Eskişehir - Türkiye,$194.92,USD,39,Sports & Outdoors,Budget
392,Asiman Akçay,asiman.akcay392@example.com,+90530687506,11-09-2024,2026-06-27,Yenimahalle - Ankara - Türkiye,$243.99,USD,39,Clothing,Budget
214,Aygutalp Arslan,aygutalp.arslan214@outlok.com,+905621372338,"September 14, 2023","January 17, 2026","Türkiye, Kayseri, Kocasinan",₺340,TRY,68,Books,Budget
140,Dr. Gülşeref Umuşan Güçlü Çetin,dr.gulseref.umusan.guclu.cetin140@example.com,+905648149187,2023-01-31,2025-07-18,"Türkiye, İstanbul, Üsküdar","215,75",,41,Beauty & Personal Care,Budget
345,Zeride Sabihe Zengin Korutürk,zeride.sabihe.zengin.koruturk345@gmial.com,0596 577 24 29,11/02/2024,04/04/2026,"Türkiye, Gaziantep, Şahinbey","334,58",,69,Books,Budget
490,Alcan Enes Seven Şener,alcan.enes.seven.sener490@yaho.com,+905168740907,"January 09, 2022",31/12/2025,Tepebaşı - Eskişehir - Türkiye,"407,94",,70,Clothing,Regular
184,Çağlasın Akdurmuş Akça, caglasin.akdurmus.akca184@example.com ,0508 993 58 89,31/05/2025,2026-06-06,"Türkiye, Şanlıurfa","305,22",,45,Home & Garden,Regular
196,Yıldız Samahat Ülker Arsoy,yildiz.samahat.ulker.arsoy196@yaho.com,+90  558   112 88  01 ,07/10/2024,"May 26, 2025",Melikgazi - Kayseri - Türkiye,391 TL,TRY,60,Toys & Games,Regular
228,Öğr. Selcen Şama Akçay,ogr.selcen.sama.akcay228@example.com,+90  562   202 34  13 ,"January 05, 2025",13/03/2025,"Samsun, Atakum",$210.53,USD,43,Beauty & Personal Care,Budget
394,Necva Yılmaz,necva.yilmaz394@example.com,+90 509 543 17 35,08-23-2025,27/12/2025,"Türkiye, Şanlıurfa, Eyyübiye",$368.49,USD,70,Books,Budget
475,Yasan Şehamet Fırat Akdeniz, yasan.sehamet.firat.akdeniz475@example.com ,+90625436172,"May 01, 2025",28/02/2026,"Türkiye, Bursa, Osmangazi","172,29",,32,Toys & Games,Budget
45,Arş. Gör. Özakan İhsanoğlu,ars.gor.ozakan.ihsanoglu45@example.com,+90504497278,27/03/2023,2025-08-14,Ortahisar - Trabzon - Türkiye,"207,25",,40,Sports & Outdoors,Budget
230,Koçak Soylu,kocak.soylu230@example.com,+905478078406,04-22-2024,03-22-2025,"Antalya, Kepez","296,50",, 56 ,Books,Budget
238,Teber Bilir,teber.bilir238@outlok.com,0558 556 65 93,10-16-2022,2025-12-18,"Türkiye, Mersin, Yenişehir",271 TL,TRY,52,Sports & Outdoors,Budget
316,Ümray Mehdiye Sezer Arslan,umray.mehdiye.sezer.arslan316@example.com,+90964715890,29/06/2024,02-08-2025,"Türkiye, Van, İpekyolu",192 TL,TRY, 28 ,Toys & Games,Regular
432,Fatinur Dumanlı, fatinur.dumanli432@example.com ,0510 040 90 13,08/01/2023,30/05/2026,Eyyübiye - Şanlıurfa - Türkiye,"378,63",,68,Beauty & Personal Care,Budget
19,Dr. Nezize Feyzin Arsoy Ergül,dr.nezize.feyzin.arsoy.ergul19@example.com,+90  533   158 69  23 ,2025-01-14,08-13-2025,"Türkiye, Diyarbakır, Kayapınar",$574.98,USD,69,Clothing,Premium
161,Zeride Çorlu,zeride.corlu161@example.com,+905160898592,04-10-2025,12-16-2025,Yakutiye - Erzurum - Türkiye,$388.84,USD,66,Books,Regular
432,Fatinur Dumanlı,fatinur.dumanli432@example.com,+90 510 040 90 13,2023-01-08,2026-05-29,Eyyübiye - Şanlıurfa - Türkiye,₺384,TRY, 68 ,Books,Budget
268,Ferihan Dumanlı,ferihan.dumanli268@outlok.com,+90553448571,2024-06-02,04-09-2025,Bornova - İzmir - Türkiye,"126,07",,27,Groceries,Budget
2,Uz. Zamir Açıkel Tarhan, uz.zamir.acikel.tarhan2@example.com ,0516 184 95 93,2021-12-31,2025-01-29,Şahinbey - Gaziantep - Türkiye,$147.57,USD,22,Clothing,Budget
16,Alanalp Ülker, alanalp.ulker16@example.com ,+90 554 278 49 80,03-16-2022,"March 14, 2025",İpekyolu - Van - Türkiye,₺409,TRY,70,Clothing,Regular
139,Seçgül Dumanlı,secgul.dumanli139@outlok.com,0575 884 25 24,2021-11-02,05/02/2025,Bornova - İzmir,"389,84",,74,Beauty & Personal Care,Budget
223,Okt. Cebesoy Gökay Yılmaz, okt.cebesoy.gokay.yilmaz223@example.com ,+90 564 729 29 31,11-27-2021,2025-06-06,Atakum - Samsun,380 TL,TRY,35,Groceries,Premium
319,Tali Âdem Soylu,tali.dem.soylu319@example.com,+90  538   988 81  67 ,09/07/2025,"April 04, 2026","Türkiye, Samsun, İlkadım",$296.51,USD,25,Beauty & Personal Care,Premium
492,Temirhan Zorlu, temirhan.zorlu492@example.com ,+905096256730,2024-10-05,12-08-2025,"Türkiye, Diyarbakır, Kayapınar","408,53",,73,Electronics,Budget
153,Mücellib Bektaşi Sezgin Ertaş, mucellib.bektasi.sezgin.ertas153@example.com ,+90596522395,23/10/2021,2026-04-21,Yenişehir - Mersin - Türkiye,$365.50,USD,sixty-two,Sports & Outdoors,Regular
221,Çev. İnsaf İnönü Fırat,cev.insaf.inonu.firat221@example.com,0508 562 71 87,03-06-2024,"June 24, 2025",Muratpaşa - Antalya - Türkiye,"365,23",,,Beauty & Personal Care,Budget
22,Arş. Gör. Yurtgüven Yüksel,ars.gor.yurtguven.yuksel22@yaho.com,+905356169514,08/02/2023,03/04/2025,"Türkiye, Manisa",₺210,TRY,37,Books,Regular
351,Zinnure Neval Yorulmaz Gülen, zinnure.neval.yorulmaz.gulen351@example.com ,+905450449485,07-04-2023,"October 29, 2025","Türkiye, Antalya, Kepez",417 TL,TRY, 75 ,Electronics,Budget
138,Melihcan Çetin,melihcan.cetin138@example.com,+905416183285,2023-10-04,09-01-2025,"Erzurum, Yakutiye","346,33",,55,Sports & Outdoors,Regular
210,Çisem Yılmaz,cisem.yilmaz210@yaho.com,+90537977239,02-23-2025,2026-02-20,Melikgazi - Kayseri - Türkiye,408 TL,TRY,68,Home & Garden,Regular
456,Mükrüme Alemdar Yaman, mukrume.alemdar.yaman456@example.com ,0531 340 26 65,10-09-2025,17/04/2026,Karşıyaka - İzmir - Türkiye,$175.08,USD,28,Clothing,Regular
267,Ertuncay Durmuş,ertuncay.durmus267@gmial.com,+90 530 768 10 40,"February 04, 2022",08-07-2025,"Türkiye, Malatya, Yeşilyurt",$433.54,USD,72,Toys & Games,Regular
152,Bayan Çolpan Hurican Çamurcuoğlu Akdeniz, bayan.colpan.hurican.camurcuoglu.akdeniz152@example.com ,+90504078592,21/05/2025,2025-12-05,"Türkiye, Manisa",203 TL,TRY, 33 ,Books,Regular
406,Hazrat Melihcan Demir Arslan, hazrat.melihcan.demir.arslan406@example.com ,0536 668 45 90,07/10/2022,"April 04, 2026","Türkiye, Samsun",$381.47,USD,68,Groceries,Budget
225,Saydam Feza Sezer, saydam.feza.sezer225@example.com ,+90399824558,"March 20, 2023",2025-06-23,"Türkiye, Samsun, Atakum","557,15",,,Toys & Games,Premium
382,Mengi Sakarya, mengi.sakarya382@example.com ,+905493971895,2023-09-12,03-02-2025,"Türkiye, Ankara, Yenimahalle",269 TL,TRY, 55 ,Home & Garden,Budget
344,Kerman Ertaş,kerman.ertas344@example.com,+90  502   720 63  45 ,20/09/2022,01-28-2025,"Türkiye, Ankara, Keçiören",$129.81,USD,23,Home & Garden,Budget
83,Öğr. Baydu Serda Yüksel,ogr.baydu.serda.yuksel83@example.com,+90 547 364 71 02,"June 26, 2023",16/04/2026,Yakutiye - Erzurum - Türkiye,303 TL,TRY,44,Sports & Outdoors,Regular
34,Tekbay Aksu,tekbay.aksu34@yaho.com,+90  549   480 83  13 ,"November 29, 2021",16/01/2025,"Türkiye, Mersin, Toroslar","246,29",,44,Groceries,Regular
358,Eyyüp Akdeniz,eyyup.akdeniz358@example.com,+90 559 266 10 85,"May 08, 2023",2026-05-24,"Türkiye, İzmir, Bornova","295,83",,61,Clothing,Budget
363,Çev. Alkor Yaman, cev.alkor.yaman363@example.com ,+90 501 227 77 07,2022-09-01,"July 01, 2025","Türkiye, Şanlıurfa, Eyyübiye","187,34",,33,Electronics,Budget
387,Bişar Ülker,bisar.ulker387@yaho.com,0574 355 37 95,"November 10, 2025",2026-01-08,Bursa,₺343,TRY,62,Groceries,Budget
232,Binışık Bilgütay Sezgin,binisik.bilgutay.sezgin232@gmial.com,0548 463 12 24,2025-04-30,16/11/2025,"Türkiye, Gaziantep, Şehitkamil",309 TL,TRY, 58 ,Groceries,Regular
113,Prof. Ürfettin Akçay,prof.urfettin.akcay113@example.com,+905429396356,2021-09-17,2026-01-04,Ortahisar - Trabzon - Türkiye,₺368,TRY,65,Electronics,Budget
231,Seydo Şener, seydo.sener231@example.com ,+90 536 866 32 66,2024-09-17,09/07/2025,"Türkiye, İstanbul, Üsküdar",174 TL,TRY,34,Sports & Outdoors,Budget
410,Çıvgın Yaman,civgin.yaman410@yaho.com,+90  572   994 93  87 ,2024-05-27,2026-05-24,Kayseri,$147.18,USD,30,Books,Budget
396,Belgizar Manço Korutürk,belgizar.manco.koruturk396@example.com,+90510919392,"July 06, 2024",2026-01-30,"Türkiye, Bursa, Nilüfer",$230.39,USD,40,Books,Regular
264,Vacibe Alemdar Yılmaz,vacibe.alemdar.yilmaz264@yaho.com,+905744144885,2021-08-25,2025-09-21,"Türkiye, Konya, Selçuklu",₺115,TRY,18,Clothing,Budget
472,Uz. Gülnaziye Şehza Yaman,uz.gulnaziye.sehza.yaman472@gmial.com,+90540422693,2025-07-23,02-28-2026,Meram - Konya - Türkiye,$125.92,USD,27,Clothing,Budget
174,Tayyip Duran,tayyip.duran174@example.com,+90  509   991 73  81 ,2022-02-17,10/02/2025,Osmangazi - Bursa - Türkiye,₺283,TRY,42,Books,Regular
30,Erdibay Korutürk,erdibay.koruturk30@outlok.com,0510 033 09 23,2025-03-29,2026-01-13,"Türkiye, Samsun, İlkadım",₺279,TRY,48,Clothing,Regular
165,Zeyno Ertaş,zeyno.ertas165@example.com,+900082148628,2022-10-05,08/06/2026,Kocasinan - Kayseri - Türkiye,"92,21",,19,Books,Budget
418,Yrd. Doç. Rana Rümeysa Arslan, yrd.doc.rana.rumeysa.arslan418@example.com ,+90 501 364 97 18,2022-10-04,2026-06-24,Mersin - Türkiye,₺127,TRY,28,Books,Budget
142,Büşranur Alemdar,busranur.alemdar142@example.com,+90 575 622 08 63,2024-02-22,2025-10-22,Şahinbey - Gaziantep - Türkiye,186 TL,TRY, 33 ,Toys & Games,Regular
449,Bağdat Şama,bagdat.sama449@example.com,0543 598 92 62,05/03/2024,04-25-2025,"Türkiye, İzmir, Karşıyaka",382 TL,TRY,68,Sports & Outdoors,Regular
79,Çakırca Gücal Yorulmaz,cakirca.gucal.yorulmaz79@outlok.com,+90 547 394 73 12,2025-07-14,30/10/2025,Osmangazi - Bursa - Türkiye,₺221,TRY, 46 ,Beauty & Personal Care,Budget
143,Dr. Gönen Ebuakil Sezgin, dr.gonen.ebuakil.sezgin143@example.com ,+90  506   174 45  18 ,2023-05-22,"March 27, 2026","Türkiye, Eskişehir","132,44",,18,Sports & Outdoors,Regular
499,Bayan Nürice Arsoy Eraslan,bayan.nurice.arsoy.eraslan499@gmial.com,0505 384 44 46,"March 05, 2022",2026-02-10,"Denizli, Pamukkale",₺183,TRY,33,Home & Garden,Budget
177,Uz. Sevsevil Gülbeyan Yorulmaz,uz.sevsevil.gulbeyan.yorulmaz177@example.com,+90 504 478 98 56,02-05-2022,2026-06-02,Seyhan - Adana - Türkiye,$114.62,USD,26,Toys & Games,Budget
313,Sevgen Akdeniz,sevgen.akdeniz313@example.com,0546 287 92 32,10-23-2023,2025-01-12,"Türkiye, Konya, Meram",$213.54,USD,36,Home & Garden,Regular
383,Elvan Çisem Yorulmaz Zengin,elvan.cisem.yorulmaz.zengin383@example.com,+90526085641,04-22-2025,06-20-2026,Üsküdar - İstanbul - Türkiye,$148.20,USD,24,Clothing,Regular
6,Yağızkurt Şensoy,yagizkurt.sensoy6@example.com,+90540184514,"July 06, 2023",10-14-2025,Nilüfer - Bursa - Türkiye,₺184,TRY, 28 ,Toys & Games,Regular
33,Dr. Aysuna Bilge Demir,dr.aysuna.bilge.demir33@yaho.com,+90 537 996 50 75,2024-12-05,2025-03-03,"Mersin, Toroslar",$259.36,USD,49,Electronics,Budget
221,Çev. İnsaf İnönü Fırat, cev.insaf.inonu.firat221@example.com ,+90 508 562 71 87,"March 06, 2024","May 01, 2026",Muratpaşa - Antalya,$305.92,USD,62,Books,Budget
33,Dr. Aysuna Bilge Demir,dr.aysuna.bilge.demir33@example.com,+90 537 996 50 75,2024-12-05,10/10/2025,"Türkiye, Mersin, Toroslar",₺271,TRY,49,Electronics,Budget
119,Korugan Şama, korugan.sama119@example.com ,+905572126464,03-27-2023,2025-02-24,"Türkiye, Mersin, Toroslar",$362.03,USD,68,Groceries,Budget
379,Salimet Hayrioğlu, salimet.hayrioglu379@example.com ,+90  501   851 06  79 ,2024-03-18,2026-04-05,"Türkiye, Malatya","343,89",,54,Books,Regular
423,Nalân Güverçin Şama,naln.guvercin.sama423@outlok.com,+90  506   614 98  28 ,2021-11-15,22/09/2025,"Türkiye, Diyarbakır, Kayapınar","157,07",,29,Sports & Outdoors,Budget
96,Bahaddin Zoral Durmuş Manço,bahaddin.zoral.durmus.manco96@hotnail.com,0545 933 27 27,03/10/2021,09/03/2026,Melikgazi - Kayseri - Türkiye,₺333,TRY,56,Books,Regular
411,Maksüde Hayrioğlu, maksude.hayrioglu411@example.com ,+90 516 938 59 77,2023-05-10,2025-03-21,"Türkiye, Antalya, Kepez",₺292,TRY, 54 ,Home & Garden,Budget
48,Hayrünnisa Ağbegim Yüksel,hayrunnisa.agbegim.yuksel48@example.com,+90724005045,2023-11-06,2025-10-02,"Türkiye, Şanlıurfa, Eyyübiye",$233.39,USD, 45 ,Beauty & Personal Care,Budget
415,Benek Permun Bilge Korutürk,benek.permun.bilge.koruturk415@example.com,+90  509   006 33  53 ,2024-10-29,2026-04-18,"Türkiye, Ankara, Yenimahalle",₺113,TRY,23,Books,Budget
365,Prof. Nevsale Uğur Zengin Sakarya,prof.nevsale.ugur.zengin.sakarya365@yaho.com,+905069981467,17/04/2025,"December 07, 2025","Türkiye, Ankara, Keçiören",$300.80,USD,49,Sports & Outdoors,Regular
365,Prof. Nevsale Uğur Zengin Sakarya,prof.nevsale.ugur.zengin.sakarya365@example.com,+90  506   958 14  67 ,17/04/2025,12/02/2026,"Türkiye, Ankara, Keçiören","314,07",, 49 ,Toys & Games,Regular
102,Av. Kısmet Aynımah Yılmaz, av.kismet.aynimah.yilmaz102@example.com ,+901342708668,23/12/2022,2025-07-06,"Türkiye, Trabzon, Ortahisar",$201.35,USD,26,Electronics,Regular
432,Fatinur Dumanlı,fatinur.dumanli432@example.com,0510 040 90 13,01-08-2023,11/07/2025,"Türkiye, Şanlıurfa, Eyyübiye","335,35",,68,Sports & Outdoors,Budget
439,Seyhan Zengin Durmuş, seyhan.zengin.durmus439@example.com ,+90 541 115 93 19,20/11/2023,"March 12, 2025",Yenişehir - Mersin - Türkiye,$326.13,USD,26,Electronics,Premium
142,Büşranur Alemdar, busranur.alemdar142@example.com ,+90  575   622 08  63 ,2024-02-22,2025-05-24,"Türkiye, Gaziantep, Şahinbey",$212.77,USD,33,Beauty & Personal Care,Regular
143,Dr. Gönen Ebuakil Sezgin,dr.gonen.ebuakil.sezgin143@hotnail.com,+90506144518,05-22-2023,27/10/2025,Tepebaşı - Eskişehir - Türkiye,182 TL,TRY,18,Electronics,Regular
188,Nafii Sezer, nafii.sezer188@example.com ,+90 510 272 61 49,11-06-2024,2026-06-06,Kayapınar - Diyarbakır - Türkiye,$109.97,USD,thirty,Clothing,Budget
195,Özpınar Selâtin Çetin Türk,ozpinar.seltin.cetin.turk195@example.com,+90557399305,2025-04-24,06-17-2025,"Türkiye, İstanbul, Kadıköy","201,64",,42,Sports & Outdoors,Budget
354,Heva Yaman,heva.yaman354@example.com,+905522177749,"April 05, 2022",2026-02-15,"Türkiye, Van, İpekyolu",₺99,TRY,18,Beauty & Personal Care,Budget
61,Yigit İhsanoğlu,yigit.ihsanoglu61@example.com,+905435502296,07-23-2025,"December 12, 2025",Eyyübiye - Şanlıurfa - Türkiye,"346,60",,27,Beauty & Personal Care,Premium
71,Aygutalp İhsanoğlu,aygutalp.ihsanoglu71@example.com,0540 758 18 14,"June 24, 2025",2025-08-30,"Türkiye, Manisa, Şehzadeler",318 TL,TRY,66,Clothing,Budget
51,Başok Ülker, basok.ulker51@example.com ,+90509974395,09-20-2024,05-08-2025,Ortahisar - Trabzon - Türkiye,290 TL,TRY,58,Beauty & Personal Care,Budget
192,Permun Akça Demirel, permun.akca.demirel192@example.com ,+90  535   989 33  47 ,14/12/2024,2025-02-19,Konya - Türkiye,$327.24,USD,61,Books,Budget
250,Rahiye Kumral Zorlu, rahiye.kumral.zorlu250@example.com ,0532 562 16 89,2022-06-10,2026-06-18,Üsküdar - İstanbul - Türkiye,$320.42,USD,61,Books,Budget
472,Uz. Gülnaziye Şehza Yaman, uz.gulnaziye.sehza.yaman472@example.com ,+90  524   042 26  93 ,23/07/2025,"April 27, 2026",Meram - Konya - Türkiye,"182,23",,27,Toys & Games,Budget
172,Bayan Oluş Şama Ülker, bayan.olus.sama.ulker172@example.com ,+903584282417,25/03/2025,"August 23, 2025","Türkiye, Gaziantep, Şehitkamil","341,42",, 65 ,Electronics,Budget
350,Av. Işıman Ayvas Tarhan, av.isiman.ayvas.tarhan350@example.com ,+90552158624,2025-04-17,2026-02-08,Trabzon - Türkiye,₺180,TRY,38,Books,Budget
64,Okt. Safinaz Revza Ertaş, okt.safinaz.revza.ertas64@example.com ,+90 596 641 60 52,2022-06-26,10/03/2026,İlkadım - Samsun - Türkiye,423 TL,TRY,47,Sports & Outdoors,Premium
246,Dr. Bilgütay Erten Alemdar,dr.bilgutay.erten.alemdar246@yaho.com,+905721103924,2025-11-14,02-21-2026,"Türkiye, Gaziantep, Şahinbey",$236.62,USD,39,Toys & Games,Regular
143,Dr. Gönen Ebuakil Sezgin,dr.gonen.ebuakil.sezgin143@gmial.com,0506 174 45 18,2023-05-22,04-22-2025,"Türkiye, Eskişehir, Tepebaşı",$130.96,USD, 18 ,Toys & Games,Regular
470,Kamar Tarhan,kamar.tarhan470@example.com,+905534240890,11-24-2021,18/01/2025,Odunpazarı - Eskişehir - Türkiye,"367,39",,65,Toys & Games,Regular
48,Hayrünnisa Ağbegim Yüksel,hayrunnisa.agbegim.yuksel48@hotnail.com,+90 572 400 50 45,2023-11-06,09/07/2025,"Türkiye, Şanlıurfa, Eyyübiye",242 TL,TRY,forty-five,Beauty & Personal Care,Budget
298,Av. Zevlüde Türk Mansız,av.zevlude.turk.mansiz298@example.com,+905625369292,09-16-2022,"June 08, 2025",Konya - Türkiye,461 TL,TRY, 53 ,Clothing,Premium
317,İnançlı Ülker,inancli.ulker317@gmial.com,+905721204565,04/09/2025,29/04/2026,"Türkiye, Antalya, Kepez",192 TL,TRY,36,Beauty & Personal Care,Budget
44,Karaer İnönü,karaer.inonu44@hotnail.com,0512 748 46 77,31/07/2024,09/01/2026,"Türkiye, Bursa, Osmangazi",301 TL,TRY,47,Toys & Games,Regular
318,Kâzime Yılmaz Durdu,kzime.yilmaz.durdu318@example.com,+90532192855,2024-06-05,20/06/2025,"Türkiye, İzmir, Karşıyaka","354,86",,61,Sports & Outdoors,Regular
178,Nurmelek Hayrioğlu,nurmelek.hayrioglu178@example.com,+90532033230,08-23-2022,2026-01-24,Eyyübiye - Şanlıurfa - Türkiye,$266.48,USD,50,Sports & Outdoors,Budget
482,Bay Gümüştekin Ayvas Karadeniz, bay.gumustekin.ayvas.karadeniz482@example.com ,+90 524 186 23 69,2025-08-20,"January 25, 2026",Eyyübiye - Şanlıurfa - Türkiye,₺214,TRY,32,Clothing,Regular
429,Cantez Akça,cantez.akca429@yaho.com,0543 640 27 01,"July 22, 2025",11/11/2025,"Türkiye, Samsun, İlkadım",400 TL,TRY,67,Beauty & Personal Care,Regular
139,Seçgül Dumanlı,secgul.dumanli139@example.com,+905758842574,02/11/2021,01-26-2025,"Türkiye, İzmir, Bornova",370 TL,TRY, 74 ,Electronics,Budget
97,Lezize Tevetoğlu, lezize.tevetoglu97@example.com ,+90  539   106 51  80 ,2025-07-24,2025-10-03,Yakutiye - Erzurum,$238.95,USD,48,Home & Garden,Budget
323,Gökçil Özertem Dumanlı,gokcil.ozertem.dumanli323@example.com,+90  542   801 38  75 ,13/01/2022,12-25-2025,Selçuklu - Konya - Türkiye,"291,85",,fifty-five,Home & Garden,Budget
332,Berran İnönü, berran.inonu332@example.com ,+90534911452,"November 02, 2025",06-26-2026,Gaziantep - Türkiye,291 TL,TRY,52,Books,Budget
369,Okanay Yavuz Çamurcuoğlu Dumanlı, okanay.yavuz.camurcuoglu.dumanli369@example.com ,0552 137 60 37,13/01/2024,2025-04-10,Antalya - Türkiye,"245,90",,36,Sports & Outdoors,Regular
280,Fazul Gül,fazul.gul280@hotnail.com,+90  547   128 14  42 ,30/06/2022,03-12-2026,"Türkiye, Manisa",191 TL,TRY,35,Sports & Outdoors,Budget
188,Nafii Sezer, nafii.sezer188@example.com ,0510 272 61 49,11-06-2024,01-07-2026,"Türkiye, Diyarbakır, Kayapınar",₺153,TRY, 30 ,Sports & Outdoors,Budget
361,Behrem Yılmaz, behrem.yilmaz361@example.com ,+90 549 956 41 22,14/11/2025,"January 12, 2026",Ortahisar - Trabzon - Türkiye,"163,23",,30,Electronics,Budget
146,Möhsim Seven, mohsim.seven146@example.com ,0555 743 13 29,"May 03, 2025",2025-08-01,"Türkiye, İzmir, Karşıyaka",$141.53,USD,27,Sports & Outdoors,Budget
159,Çev. Meşhur Asalet Demirel, cev.meshur.asalet.demirel159@example.com ,+905417141774,2025-06-09,2026-02-14,Nilüfer - Bursa - Türkiye,"359,38",,59,Toys & Games,Regular
137,Göken Arslan,goken.arslan137@example.com,+90 543 006 84 86,2023-07-29,2025-10-15,Konak - İzmir,$377.57,USD,62,Books,Regular
107,Sancak Türk,sancak.turk107@example.com,+90  504   899 64  23 ,"February 06, 2024",16/06/2025,"Türkiye, Gaziantep, Şahinbey",175 TL,TRY,thirty-two,Home & Garden,Regular
82,Dr. Sökmen Erdoğan,dr.sokmen.erdogan82@outlok.com,+90501094399,2022-05-14,"April 12, 2026",Bornova - İzmir - Türkiye,$140.00,USD,,Toys & Games,Regular
83,Öğr. Baydu Serda Yüksel,ogr.baydu.serda.yuksel83@example.com,+90  547   364 71  02 ,2023-06-26,02-24-2025,"Türkiye, Erzurum","270,19",,44,Beauty & Personal Care,Regular
187,Dr. Dilşat Durdu Akça,dr.dilsat.durdu.akca187@outlok.com,+90  550   375 89  97 ,12-06-2021,2025-06-23,"Türkiye, Gaziantep","353,70",,60,Groceries,Regular
57,Yrd. Doç. Duruk Abdülahat Erdoğan,yrd.doc.duruk.abdulahat.erdogan57@example.com,+905529012284,2024-12-20,03/04/2026,"Türkiye, Mersin, Yenişehir",151 TL,TRY,25,Sports & Outdoors,Regular
464,Sücaettin Kısakürek,sucaettin.kisakurek464@gmial.com,+90508255598,23/07/2022,2025-04-19,Melikgazi - Kayseri - Türkiye,"193,55",,41,Clothing,Budget
490,Alcan Enes Seven Şener,alcan.enes.seven.sener490@example.com,+90 516 874 09 03,2022-01-09,"December 20, 2025","Türkiye, Eskişehir, Tepebaşı",442 TL,TRY,70,Electronics,Regular
446,Öğr. Yazgül Yasemen Mansız Aksu,ogr.yazgul.yasemen.mansiz.aksu446@hotnail.com,+90  541   926 76  49 ,03-31-2025,2026-02-04,"Türkiye, Gaziantep, Şahinbey",126 TL,TRY,24,Beauty & Personal Care,Budget
301,Alice'); DROP TABLE cleaned_records;--, cetinsu.temizkal.demirel.bilge301@example.com ,+90547990772,01-02-2022,05-19-2025,"Türkiye, İstanbul, Şişli",$233.59,USD,43,Books,Budget
5,Arş. Gör. Sıylıhan Akbaş Durmuş, ars.gor.siylihan.akbas.durmus5@example.com ,+905969653286,06-09-2025,2025-12-16,"Türkiye, Konya, Meram",$360.53,USD,66,Toys & Games,Budget
17,Prof. Ferzi Asım Akdeniz, prof.ferzi.asim.akdeniz17@example.com ,+90  541   182 44  93 ,2021-12-04,2025-09-07,Bursa,"196,78",,39,Home & Garden,Budget
442,Arş. Gör. Fatinur Yorulmaz Dumanlı, ars.gor.fatinur.yorulmaz.dumanli442@example.com ,+90  530   276 42  08 ,01/10/2023,2025-08-02,"Türkiye, Manisa","251,77",,39,Groceries,Regular
378,Ruhugül Gül Sakarya,ruhugul.gul.sakarya378@example.com,0502 851 96 11,17/11/2023,2025-11-08,"Türkiye, Diyarbakır, Kayapınar",₺278,TRY,54,Groceries,Budget
21,Tanbay Şener,tanbay.sener21@example.com,+90542940965,2021-11-11,01-06-2025,"Türkiye, İstanbul, Kadıköy",₺360,TRY,68,Electronics,Budget
240,Uz. Savni Arıel Aksu,uz.savni.ariel.aksu240@example.com,0543 350 48 88,10-01-2022,2025-02-25,Kayseri - Türkiye,271 TL,TRY,54,Books,Budget
489,Dr. Mahter Havse Hançer, dr.mahter.havse.hancer489@example.com ,+905054369275,2023-01-28,09/11/2025,İpekyolu - Van,453 TL,TRY,72,Electronics,Regular
134,Dalkılıç Seven,dalkilic.seven134@yaho.com,0541 541 52 06,10/06/2022,18/05/2026,"Türkiye, Eskişehir",₺417,TRY,37,Toys & Games,Premium
158,Yahşi Soylu, yahsi.soylu158@example.com ,+90501533884,03-31-2022,2025-06-08,Bornova - İzmir - Türkiye,"214,82",,36,Clothing,Budget
396,Belgizar Manço Korutürk, belgizar.manco.koruturk396@example.com ,+90  510   919 39  28 ,06/07/2024,2025-12-24,"Türkiye, Bursa",$290.03,USD,forty,Electronics,Regular
204,Av. Atnan Eşref Akgündüz,av.atnan.esref.akgunduz204@example.com,+90548872539,2021-11-02,02-15-2025,Yenimahalle - Ankara,$397.31,USD, 72 ,Electronics,Budget
281,İmrihan İde Ülker,imrihan.ide.ulker281@hotnail.com,+90  537   280 51  29 ,"January 31, 2025",06-24-2025,"Türkiye, Mersin, Yenişehir",401 TL,TRY,71,Sports & Outdoors,Regular
116,Kaygusuz Akver Akdeniz Güçlü,kaygusuz.akver.akdeniz.guclu116@yaho.com,+90  543   114 26  26 ,04/03/2024,10/07/2025,Karşıyaka - İzmir - Türkiye,1.970 TL,TRY,,Toys & Games,Budget
290,Onuker Zengin, onuker.zengin290@example.com ,+90532030936,2025-08-05,2026-01-28,"Türkiye, Şanlıurfa, Eyyübiye",405 TL,TRY,,Sports & Outdoors,Regular
471,Öğr. Lezize Nursim Zorlu Fırat, ogr.lezize.nursim.zorlu.firat471@example.com ,+90 536 527 17 27,2024-11-29,18/02/2025,Yenişehir - Mersin - Türkiye,"547,63",, 70 ,Books,Premium
158,Yahşi Soylu,yahsi.soylu158@gmial.com,+90  501   533 68  84 ,03-31-2022,"July 11, 2025",Bornova - İzmir - Türkiye,₺221,TRY,36,Beauty & Personal Care,Budget
262,Muvaffak Avşin Hayrioğlu,muvaffak.avsin.hayrioglu262@gmial.com,+90545616814,2023-04-23,01-21-2026,"Türkiye, Ankara, Çankaya",₺142,TRY,26,Electronics,Budget
247,Arpağ Yorulmaz,arpag.yorulmaz247@outlok.com,+90  507   016 45  10 ,2024-04-22,26/06/2026,"Türkiye, Bursa",584 TL,TRY, 73 ,Books,Premium
385,Safinaz Ayçan Arslan Tevetoğlu,safinaz.aycan.arslan.tevetoglu385@example.com,+90503993788,16/10/2023,19/01/2025,Keçiören - Ankara - Türkiye,₺107,TRY,twenty-five,Electronics,Budget
301,Alice'); DROP TABLE cleaned_records;--,cetinsu.temizkal.demirel.bilge301@outlok.com,+90542799072,01-02-2022,"February 09, 2025","Türkiye, İstanbul, Şişli",210 TL,TRY,43,Groceries,Budget
73,Koçak Akçay,kocak.akcay73@example.com,+90 546 095 39 62,23/03/2022,"May 06, 2025",Şahinbey - Gaziantep - Türkiye,₺336,TRY,60,Toys & Games,Budget
224,Eskinalp Türk,eskinalp.turk224@example.com,+90061203471,05/06/2023,03-05-2025,"Türkiye, Erzurum, Yakutiye",$326.60,USD,65,Sports & Outdoors,Budget
417,Gözel Durdu, gozel.durdu417@example.com ,+90  555   206 50  63 ,18/05/2023,22/08/2025,Odunpazarı - Eskişehir - Türkiye,"168,59",,32,Toys & Games,Budget
165,Zeyno Ertaş, zeyno.ertas165@example.com ,+905082148622,10-05-2022,2025-03-10,Kayseri - Türkiye,$99.97,USD,19,Clothing,Budget
424,Dr. Oymak Şener, dr.oymak.sener424@example.com ,+90546897152,12-09-2021,2025-05-21,"Türkiye, Diyarbakır",₺242,TRY,48,Books,Budget
55,Dr. Hoşkadem Hadrey Erdoğan Şama,dr.hoskadem.hadrey.erdogan.sama55@example.com,+90512007113,"December 08, 2022",03-26-2026,Kocasinan - Kayseri - Türkiye,148 TL,TRY,26,Clothing,Regular
50,Av. Behiza İnönü Duran, av.behiza.inonu.duran50@example.com ,+90536716959,16/04/2024,06/11/2025,"Türkiye, Diyarbakır, Kayapınar",₺313,TRY,62,Beauty & Personal Care,Budget
440,Muktedir Ünübol Durdu, muktedir.unubol.durdu440@example.com ,+905409836645,"February 20, 2022","June 20, 2025","Türkiye, Trabzon, Ortahisar",$365.29,USD, 68 ,Toys & Games,Budget
33,Dr. Aysuna Bilge Demir, dr.aysuna.bilge.demir33@example.com ,+90 537 996 50 75,12-05-2024,05-11-2026,"Türkiye, Mersin, Toroslar",$240.17,USD,49,Home & Garden,Budget
391,Tanbay İhsanoğlu, tanbay.ihsanoglu391@example.com ,+90 506 056 64 18,02/05/2023,01-25-2026,"Türkiye, Bursa",276 TL,TRY,49,Home & Garden,Regular
246,Dr. Bilgütay Erten Alemdar,dr.bilgutay.erten.alemdar246@example.com,+90552113924,2025-11-14,2026-02-05,Şahinbey - Gaziantep - Türkiye,229 TL,TRY,39,Sports & Outdoors,Regular
51,Başok Ülker,basok.ulker51@example.com,+90 509 097 43 95,09-20-2024,2026-04-06,Ortahisar - Trabzon - Türkiye,"295,62",,fifty-eight,Home & Garden,Budget
396,Belgizar Manço Korutürk, belgizar.manco.koruturk396@example.com ,0510 919 39 28,2024-07-06,11-20-2025,Nilüfer - Bursa - Türkiye,₺237,TRY, 40 ,Clothing,Regular
460,Öğr. Hafıza Yaman Manço,ogr.hafiza.yaman.manco460@yaho.com,+90392312604,2024-11-14,2025-08-24,"Türkiye, Bursa, Nilüfer",₺151,TRY,27,Toys & Games,Regular
179,Muvaffak Hayrioğlu,muvaffak.hayrioglu179@hotnail.com,+90  564   890 90  10 ,2025-09-05,30/09/2025,İlkadım - Samsun - Türkiye,"302,61",,sixty-two,Electronics,Budget
200,Sevim Fayize Şafak Akçay, sevim.fayize.safak.akcay200@example.com ,+90 512 908 78 14,08/03/2022,2026-03-09,"Türkiye, Samsun",$106.13,USD,twenty-two,Clothing,Budget
477,Serda Akçay, serda.akcay477@example.com ,+905226771196,2021-11-15,03-17-2026,Muratpaşa - Antalya - Türkiye,"188,35",,thirty-five,Clothing,Budget
384,Dürrüşehvar Seven, durrusehvar.seven384@example.com ,+90  524   124 62  09 ,2024-02-15,2025-08-02,"Türkiye, Kayseri, Melikgazi",$161.15,USD, 29 ,Clothing,Budget
294,Arıel Güçlü,ariel.guclu294@example.com,+90 545 608 33 18,2025-05-31,"January 16, 2026",Eyyübiye - Şanlıurfa - Türkiye,363 TL,TRY,57,Electronics,Regular
349,Günsel Selvi Dumanlı Akça, gunsel.selvi.dumanli.akca349@example.com ,+90  553   759 90  04 ,2023-02-13,2025-02-20,"Türkiye, Trabzon, Ortahisar","326,83",,57,Toys & Games,Regular
118,Haliye Habibe Yıldırım, haliye.habibe.yildirim118@example.com ,+90 546 618 39 82,08/02/2022,2025-02-22,Nilüfer - Bursa - Türkiye,"218,26",,42,Sports & Outdoors,Budget
158,Yahşi Soylu,yahsi.soylu158@example.com,0501 533 68 84,31/03/2022,01-12-2026,Bornova - İzmir - Türkiye,155 TL,TRY,36,Beauty & Personal Care,Budget
138,Melihcan Çetin,melihcan.cetin138@gmial.com,+90544183285,10-04-2023,03-01-2025,"Türkiye, Erzurum, Yakutiye",₺306,TRY,55,Toys & Games,Regular
235,Serfinaz Çamurcuoğlu Dumanlı, serfinaz.camurcuoglu.dumanli235@example.com ,+90306524077,2022-10-25,11-01-2025,Atakum - Samsun - Türkiye,194 TL,TRY,36,Books,Regular
396,Belgizar Manço Korutürk, belgizar.manco.koruturk396@example.com ,+90 510 919 39 28,06/07/2024,2025-08-19,Nilüfer - Bursa - Türkiye,$219.72,USD,40,Groceries,Regular
112,Yrd. Doç. Fehmiye Havali Bilge, yrd.doc.fehmiye.havali.bilge112@example.com ,+90 501 489 02 50,2024-10-14,"February 21, 2026","Türkiye, Denizli",$321.26,USD,55,Books,Budget
317,İnançlı Ülker,inancli.ulker317@example.com,+905715204565,2025-09-04,2025-12-23,"Türkiye, Antalya, Kepez",₺201,TRY,36,Groceries,Budget
442,Arş. Gör. Fatinur Yorulmaz Dumanlı,ars.gor.fatinur.yorulmaz.dumanli442@example.com,+90 530 276 42 08,10-01-2023,04-19-2026,Şehzadeler - Manisa - Türkiye,261 TL,TRY,39,Sports & Outdoors,Regular
363,Çev. Alkor Yaman,cev.alkor.yaman363@gmial.com,+905312277707,2022-09-01,2026-01-22,Eyyübiye - Şanlıurfa - Türkiye,"170,81",,33,Sports & Outdoors,Budget
243,Servinaz Belkize Tarhan,servinaz.belkize.tarhan243@example.com,+905583206499,2023-02-13,2025-09-16,Şehzadeler - Manisa - Türkiye,116 TL,TRY,23,Clothing,Budget
330,Prof. Mehdiye Korutürk Bilge,prof.mehdiye.koruturk.bilge330@hotnail.com,+90 564 796 95 45,09/08/2025,04-16-2026,Melikgazi - Kayseri - Türkiye,₺177,TRY,19,Home & Garden,Regular
192,Permun Akça Demirel,permun.akca.demirel192@outlok.com,+90535989337,2024-12-14,11-19-2025,"Türkiye, Konya, Meram",$324.36,USD,61,Beauty & Personal Care,Budget
68,Uz. Sadiye Gülbiye Aslan Ertaş, uz.sadiye.gulbiye.aslan.ertas68@example.com ,+907515186449,02-08-2025,2026-06-07,Odunpazarı - Eskişehir - Türkiye,"191,21",,39,Books,Budget
324,Sezal Kader Gül, sezal.kader.gul324@example.com ,0556 638 36 15,2025-04-03,06/11/2025,Nilüfer - Bursa - Türkiye,"253,30",,47,Toys & Games,Budget
111,Dr. Ağakişi Hükümdar Öcalan,dr.agakisi.hukumdar.ocalan111@outlok.com,+90 501 666 87 00,01-03-2022,08/05/2025,"Türkiye, İzmir, Karşıyaka","113,66",,28,Sports & Outdoors,Budget
45,Arş. Gör. Özakan İhsanoğlu, ars.gor.ozakan.ihsanoglu45@example.com ,+90 504 499 72 78,2023-03-27,09-12-2025,"Türkiye, Trabzon, Ortahisar",$227.16,USD,forty,Toys & Games,Budget
475,Yasan Şehamet Fırat Akdeniz, yasan.sehamet.firat.akdeniz475@example.com ,+90625436172,05-01-2025,26/01/2026,"Türkiye, Bursa",143 TL,TRY,32,Groceries,Budget
409,Giz Akça, giz.akca409@example.com ,+90 562 128 67 16,16/10/2024,03-27-2026,"Türkiye, Şanlıurfa",₺293,TRY,26,Books,Premium
208,Hürdoğan Sezgin, hurdogan.sezgin208@example.com ,+905432229913,16/08/2023,"October 11, 2025",Eyyübiye - Şanlıurfa,$379.92,USD,69,Groceries,Budget
320,Hanbiken Şemsinisa Sezgin,hanbiken.semsinisa.sezgin320@example.com,+90  554   527 98  52 ,20/12/2021,2025-03-02,"Türkiye, İstanbul",₺160,TRY,37,Groceries,Budget
189,Nili Aksu,nili.aksu189@yaho.com,0546 547 22 69,"January 09, 2022",2025-11-29,Ortahisar - Trabzon - Türkiye,"542,38",, 74 ,Toys & Games,Premium
492,Temirhan Zorlu,temirhan.zorlu492@example.com,+90509656730,05/10/2024,2025-01-20,Kayapınar - Diyarbakır,$359.19,USD,73,Toys & Games,Budget
179,Muvaffak Hayrioğlu, muvaffak.hayrioglu179@example.com ,+90 564 890 90 10,2025-09-05,01-29-2026,"Türkiye, Samsun",₺316,TRY,sixty-two,Groceries,Budget
264,Vacibe Alemdar Yılmaz,vacibe.alemdar.yilmaz264@yaho.com,0534 414 48 85,2021-08-25,01/12/2025,Selçuklu - Konya - Türkiye,"74,91",,18,Toys & Games,Budget
373,Nurser Tevetoğlu,nurser.tevetoglu373@example.com,+90  548   926 73  89 ,25/06/2022,08/02/2026,"Türkiye, Samsun, İlkadım",385 TL,TRY,59,Toys & Games,Regular
19,Dr. Nezize Feyzin Arsoy Ergül,dr.nezize.feyzin.arsoy.ergul19@outlok.com,+90 533 158 69 23,01-14-2025,08-27-2025,"Türkiye, Diyarbakır, Kayapınar",$556.69,USD,69,Home & Garden,Premium
274,Oliver İhsanoğlu, oliver.ihsanoglu274@example.com ,+90  556   666 83  27 ,03/03/2025,2026-06-27,Çankaya - Ankara - Türkiye,211 TL,TRY,30,Electronics,Regular
321,Gürcüye Gülev Mansız Eraslan,gurcuye.gulev.mansiz.eraslan321@gmial.com,0501 193 93 25,14/10/2025,14/04/2026,Nilüfer - Bursa - Türkiye,$121.55,USD,23,Home & Garden,Budget
335,Alaz Eraslan Duran,alaz.eraslan.duran335@example.com,+90  551   484 68  53 ,17/08/2023,2025-11-01,İpekyolu - Van - Türkiye,₺205,TRY,43,Clothing,Budget
406,Hazrat Melihcan Demir Arslan, hazrat.melihcan.demir.arslan406@example.com ,0536 668 45 90,2022-10-07,06/05/2026,Atakum - Samsun - Türkiye,"359,15",,68,Groceries,Budget
256,Öğr. Rafih Şensoy,ogr.rafih.sensoy256@yaho.com,+90 596 569 99 88,09/05/2022,12-24-2025,"Türkiye, Gaziantep",589 TL,TRY,74,Electronics,Premium
269,Dr. Asiman Şener Tevetoğlu,dr.asiman.sener.tevetoglu269@hotnail.com,0542 493 21 49,19/01/2024,"October 23, 2025","Türkiye, Bursa, Nilüfer","354,10",,52,Clothing,Regular
164,Kıvılcım Seven,kivilcim.seven164@example.com,+90506530745,21/01/2024,15/07/2025,Şehzadeler - Manisa - Türkiye,₺559,TRY, 70 ,Beauty & Personal Care,Premium
187,Dr. Dilşat Durdu Akça, dr.dilsat.durdu.akca187@example.com ,+905803758997,2021-12-06,2025-08-04,Şahinbey - Gaziantep - Türkiye,"376,34",,60,Sports & Outdoors,Regular
121,Necva Şensoy, necva.sensoy121@example.com ,+90  556   465 19  39 ,21/11/2022,2025-12-24,Şanlıurfa,$180.44,USD, 29 ,Groceries,Regular
400,Özpetek Tevetoğlu, ozpetek.tevetoglu400@example.com ,+90 553 473 55 28,06-15-2022,24/01/2025,"Türkiye, Trabzon, Ortahisar",410 TL,TRY,74,Electronics,Regular
75,Kaver İhsanoğlu Çetin,kaver.ihsanoglu.cetin75@yaho.com,+90  541   566 76  52 ,03-02-2023,18/04/2025,Kocasinan - Kayseri - Türkiye,393 TL,TRY,62,Home & Garden,Regular
37,Uraltay Gül,uraltay.gul37@example.com,+90 582 400 84 27,"May 16, 2025","March 13, 2026",Melikgazi - Kayseri - Türkiye,$374.26,USD,73,Sports & Outdoors,Budget
392,Asiman Akçay,asiman.akcay392@example.com,+90530468756,11-09-2024,2025-09-12,Yenimahalle - Ankara - Türkiye,₺198,TRY,39,Toys & Games,Budget
229,Erginel Nezihi Demir,erginel.nezihi.demir229@hotnail.com,+90 531 745 64 24,11-21-2025,2026-05-10,Bornova - İzmir - Türkiye,₺125,TRY,18,Home & Garden,Regular
295,Naide Mansız,naide.mansiz295@hotnail.com,0559 701 08 22,10-14-2025,"November 14, 2025",Yakutiye - Erzurum - Türkiye,$313.03,USD,49,Sports & Outdoors,Regular
254,Çoğay Tarhan,cogay.tarhan254@yaho.com,+90  509   949 99  39 ,2024-08-24,07-22-2025,Muratpaşa - Antalya - Türkiye,212 TL,TRY,thirty-two,Home & Garden,Regular
354,Heva Yaman,heva.yaman354@example.com,+90550177749,"April 05, 2022",28/02/2026,"Türkiye, Van, İpekyolu",$103.19,USD,18,Books,Budget
88,Sevginur Misra İhsanoğlu, sevginur.misra.ihsanoglu88@example.com ,+90  559   526 94  95 ,2023-02-08,31/10/2025,Tepebaşı - Eskişehir - Türkiye,"401,23",,71,Toys & Games,Regular
73,Koçak Akçay,kocak.akcay73@example.com,+905410953962,2022-03-23,06/10/2025,"Türkiye, Gaziantep","317,54",,60,Clothing,Budget
79,Çakırca Gücal Yorulmaz,cakirca.gucal.yorulmaz79@example.com,0547 394 73 12,14/07/2025,2025-11-15,Osmangazi - Bursa - Türkiye,208 TL,TRY,46,Clothing,Budget
74,Burakhan Kasim Yılmaz,burakhan.kasim.yilmaz74@example.com,+90572217040,30/10/2024,10/04/2025,"Türkiye, Samsun, İlkadım",₺411,TRY,74,Beauty & Personal Care,Budget
290,Onuker Zengin,onuker.zengin290@hotnail.com,+90  532   030 93  76 ,2025-08-05,11/10/2025,"Türkiye, Şanlıurfa, Eyyübiye","380,51",,sixty-eight,Beauty & Personal Care,Regular
92,Behiza Hezniye Arsoy Arslan, behiza.hezniye.arsoy.arslan92@example.com ,+90 530 165 71 20,11-11-2022,"March 29, 2025",Toroslar - Mersin - Türkiye,203 TL,TRY,28,Sports & Outdoors,Regular
330,Prof. Mehdiye Korutürk Bilge, prof.mehdiye.koruturk.bilge330@example.com ,+905649969545,09/08/2025,"March 27, 2026",Kayseri - Türkiye,127 TL,TRY,19,Sports & Outdoors,Regular
230,Koçak Soylu,kocak.soylu230@example.com,0547 807 74 06,22/04/2024,08-09-2025,"Türkiye, Antalya, Kepez",₺266,TRY,56,Groceries,Budget
424,Dr. Oymak Şener,dr.oymak.sener424@example.com,+905726897152,12-09-2021,"April 16, 2026",Kayapınar - Diyarbakır - Türkiye,₺275,TRY, 48 ,Home & Garden,Budget
236,İncifir Sanavber Hançer, incifir.sanavber.hancer236@example.com ,+90535163878,31/01/2025,2025-10-14,"Türkiye, Şanlıurfa, Eyyübiye",₺277,TRY,57,Electronics,Budget
319,Tali Âdem Soylu,tali.dem.soylu319@example.com,+90  538   988 81  67 ,2025-07-09,12-03-2025,Samsun - Türkiye,₺316,TRY,25,Electronics,Premium
28,Gülşa Şensoy,gulsa.sensoy28@outlok.com,0543 455 81 22,2024-08-26,"March 12, 2025","Türkiye, İzmir, Karşıyaka",₺242,TRY, 42 ,Electronics,Regular
394,Necva Yılmaz,necva.yilmaz394@gmial.com,0509 543 17 35,23/08/2025,12-12-2025,"Türkiye, Şanlıurfa",$374.11,USD,seventy,Clothing,Budget
352,Gülev Demir, gulev.demir352@example.com ,+905542761707,12-13-2023,16/07/2025,Eyyübiye - Şanlıurfa - Türkiye,$351.11,USD,63,Clothing,Regular
27,Dirlik Çamurcuoğlu, dirlik.camurcuoglu27@example.com ,+90  572   774 34  87 ,06-08-2022,2026-02-23,"Türkiye, Antalya, Kepez","153,93",,33,Clothing,Budget
38,Us Sadittin İnönü Aslan, us.sadittin.inonu.aslan38@example.com ,0532 812 06 79,2023-04-25,03/02/2025,Kocasinan - Kayseri - Türkiye,161 TL,TRY,36,Toys & Games,Budget
345,Zeride Sabihe Zengin Korutürk,zeride.sabihe.zengin.koruturk345@example.com,+90  596   577 24  29 ,2024-02-11,21/03/2026,Şahinbey - Gaziantep - Türkiye,"343,06",,69,Toys & Games,Budget
57,Yrd. Doç. Duruk Abdülahat Erdoğan, yrd.doc.duruk.abdulahat.erdogan57@example.com ,+90 552 904 22 84,2024-12-20,02/12/2025,Mersin,"159,09",,25,Books,Regular
412,Abdülahat Oldağ Korutürk Şafak,abdulahat.oldag.koruturk.safak412@hotnail.com,0575 469 26 32,06-26-2022,07-14-2025,"Türkiye, İzmir, Bornova",₺388,TRY,64,Electronics,Regular
204,Av. Atnan Eşref Akgündüz,av.atnan.esref.akgunduz204@outlok.com,+905488725679,2021-11-02,05/09/2025,Yenimahalle - Ankara - Türkiye,"404,60",,72,Home & Garden,Budget
165,Zeyno Ertaş,zeyno.ertas165@example.com,+903082148628,2022-10-05,2026-01-07,"Türkiye, Kayseri, Kocasinan",₺74,TRY,19,Beauty & Personal Care,Budget
446,Öğr. Yazgül Yasemen Mansız Aksu,ogr.yazgul.yasemen.mansiz.aksu446@example.com,+90 541 926 76 49,31/03/2025,2026-06-12,"Türkiye, Gaziantep, Şahinbey",$117.12,USD,24,Books,Budget
37,Uraltay Gül, uraltay.gul37@example.com ,0582 400 84 27,2025-05-16,2025-10-06,Melikgazi - Kayseri - Türkiye,"389,31",, 73 ,Clothing,Budget
178,Nurmelek Hayrioğlu, nurmelek.hayrioglu178@example.com ,+90 532 603 32 30,2022-08-23,"June 10, 2025","Türkiye, Şanlıurfa, Eyyübiye",₺286,TRY,50,Electronics,Budget
154,Selmin Mansız, selmin.mansiz154@example.com ,0559 929 37 84,12-18-2024,2026-03-04,İpekyolu - Van - Türkiye,249 TL,TRY, 49 ,Electronics,Budget
99,Uzsoy Şener, uzsoy.sener99@example.com ,0510 690 33 11,08-14-2022,12-22-2025,"Türkiye, Mersin",$143.90,USD,20,Groceries,Regular
203,Musaffa Akdeniz,musaffa.akdeniz203@example.com,+90541080996,"August 20, 2021",2025-10-16,Kocasinan - Kayseri - Türkiye,₺289,TRY,55,Sports & Outdoors,Budget
419,Kutay Afer Hayrioğlu Aksu, kutay.afer.hayrioglu.aksu419@example.com ,+905625257190,"July 15, 2022",2025-05-30,"Türkiye, Bursa",$357.01,USD, 55 ,Toys & Games,Regular
473,Ayülker Şensoy,ayulker.sensoy473@outlok.com,+90  501   002 31  42 ,2022-06-07,2025-02-03,"Türkiye, Gaziantep",₺295,TRY,56,Home & Garden,Budget
385,Safinaz Ayçan Arslan Tevetoğlu, safinaz.aycan.arslan.tevetoglu385@example.com ,0503 399 37 88,2023-10-16,"February 06, 2026","Türkiye, Ankara, Keçiören",₺117,TRY,25,Beauty & Personal Care,Budget
354,Heva Yaman, heva.yaman354@example.com ,+90552017749,"April 05, 2022",2025-08-27,İpekyolu - Van,"70,42",,eighteen,Sports & Outdoors,Budget
80,Sittik Nevsal Zorlu, sittik.nevsal.zorlu80@example.com ,+90555188442,12-03-2023,2026-06-19,"Türkiye, Diyarbakır, Kayapınar","276,39",,50,Clothing,Budget
329,Çev. İlmafer Akça,cev.ilmafer.akca329@gmial.com,+90 506 167 56 77,2025-09-30,2026-06-02,Kepez - Antalya - Türkiye,"116,41",,20,Clothing,Budget
414,Arş. Gör. Sebattin İvecen Ülker,ars.gor.sebattin.ivecen.ulker414@outlok.com,+90 541 862 10 42,"June 24, 2023",2026-04-15,"Türkiye, Gaziantep, Şehitkamil",$248.65,USD,40,Sports & Outdoors,Budget
278,Arifcan Aslan,arifcan.aslan278@example.com,+90 537 189 49 05,2022-12-13,17/05/2026,"Türkiye, Manisa, Şehzadeler","356,87",,67,Sports & Outdoors,Budget
338,Deryanur Hasgül Güçlü Yıldırım, deryanur.hasgul.guclu.yildirim338@example.com ,+905070015041,2023-09-01,24/06/2025,Yenişehir - Mersin - Türkiye,421 TL,TRY,75,Sports & Outdoors,Regular
203,Musaffa Akdeniz, musaffa.akdeniz203@example.com ,+90541108996,08-20-2021,"May 29, 2026",Kocasinan - Kayseri - Türkiye,₺311,TRY,fifty-five,Toys & Games,Budget
351,Zinnure Neval Yorulmaz Gülen, zinnure.neval.yorulmaz.gulen351@example.com ,+90545649485,04/07/2023,2026-01-13,Kepez - Antalya - Türkiye,₺398,TRY,75,Beauty & Personal Care,Budget
255,Ünsever Türk,unsever.turk255@gmial.com,+905428975267,17/04/2023,23/05/2025,"Türkiye, Samsun, İlkadım",₺157,TRY,26,Electronics,Budget
472,Uz. Gülnaziye Şehza Yaman,uz.gulnaziye.sehza.yaman472@yaho.com,0524 042 26 93,07-23-2025,2026-02-05,Meram - Konya - Türkiye,"134,88",,27,Sports & Outdoors,Budget
158,Yahşi Soylu,yahsi.soylu158@outlok.com,+90  501   533 68  84 ,2022-03-31,17/06/2025,"Türkiye, İzmir",210 TL,TRY,36,Beauty & Personal Care,Budget
384,Dürrüşehvar Seven, durrusehvar.seven384@example.com ,+90  524   124 62  09 ,2024-02-15,"October 24, 2025",Kayseri - Türkiye,₺143,TRY,29,Clothing,Budget
394,Necva Yılmaz,necva.yilmaz394@example.com,+90  509   543 17  35 ,23/08/2025,01/12/2025,Şanlıurfa - Türkiye,₺361,TRY,70,Books,Budget
460,Öğr. Hafıza Yaman Manço,ogr.hafiza.yaman.manco460@example.com,0539 231 26 04,2024-11-14,2025-02-05,Nilüfer - Bursa - Türkiye,"157,90",,27,Books,Regular
71,Aygutalp İhsanoğlu,aygutalp.ihsanoglu71@example.com,0540 758 18 14,24/06/2025,09/10/2025,"Türkiye, Manisa, Şehzadeler",$354.88,USD, 66 ,Home & Garden,Budget
349,Günsel Selvi Dumanlı Akça,gunsel.selvi.dumanli.akca349@hotnail.com,+90 553 759 90 04,02-13-2023,05-13-2025,Ortahisar - Trabzon - Türkiye,"338,81",,57,Home & Garden,Regular
427,Erinçer Akar,erincer.akar427@example.com,+90249724399,03-26-2022,07/07/2025,İlkadım - Samsun - Türkiye,"371,94",,71,Toys & Games,Budget
385,Safinaz Ayçan Arslan Tevetoğlu,safinaz.aycan.arslan.tevetoglu385@yaho.com,+90  503   399 37  88 ,16/10/2023,2025-08-17,"Türkiye, Ankara",114 TL,TRY,twenty-five,Groceries,Budget
87,Emal Ülker Şensoy,emal.ulker.sensoy87@example.com,0516 878 49 91,2025-03-24,2025-12-21,"Türkiye, Samsun, Atakum","145,23",,24,Home & Garden,Regular
251,Öğr. Bezek Tevetoğlu Türk,ogr.bezek.tevetoglu.turk251@example.com,0564 957 82 32,"September 10, 2022",03-17-2026,"Türkiye, Gaziantep, Şahinbey",₺324,TRY,52,Books,Regular
231,Seydo Şener,seydo.sener231@hotnail.com,+90 536 866 32 66,09-17-2024,07-13-2025,Üsküdar - İstanbul - Türkiye,$133.97,USD,34,Electronics,Budget
281,İmrihan İde Ülker,imrihan.ide.ulker281@yaho.com,+90537205129,31/01/2025,"July 29, 2025",Yenişehir - Mersin - Türkiye,$407.01,USD,71,Groceries,Regular
266,Dr. Selime İnönü Yorulmaz,dr.selime.inonu.yorulmaz266@example.com,+905823574452,08-20-2021,15/10/2025,Çukurova - Adana - Türkiye,$385.02,USD,73,Toys & Games,Budget
481,Hatin Nüdret Çorlu Arsoy,hatin.nudret.corlu.arsoy481@example.com,0502 521 31 09,2023-08-13,"May 27, 2026",Ortahisar - Trabzon - Türkiye,$338.65,USD,27,Books,Premium
77,Uz. Gülev Arslan Bilir, uz.gulev.arslan.bilir77@example.com ,0596 401 65 82,2025-10-10,01-19-2026,"Türkiye, Kayseri, Kocasinan",$310.90,USD,27,Home & Garden,Premium
37,Uraltay Gül, uraltay.gul37@example.com ,+90 582 400 84 27,2025-05-16,2026-02-06,Melikgazi - Kayseri - Türkiye,$395.86,USD,73,Groceries,Budget
320,Hanbiken Şemsinisa Sezgin, hanbiken.semsinisa.sezgin320@example.com ,+90 554 527 98 52,2021-12-20,2026-01-14,Şişli - İstanbul - Türkiye,₺185,TRY, 37 ,Sports & Outdoors,Budget
392,Asiman Akçay, asiman.akcay392@example.com ,+90  530   468 75  06 ,09/11/2024,2025-05-16,"Türkiye, Ankara, Yenimahalle",170 TL,TRY,39,Electronics,Budget
233,Binay Huban Demir, binay.huban.demir233@example.com ,+90 547 435 03 13,05-26-2022,16/02/2025,Kayapınar - Diyarbakır - Türkiye,₺255,TRY,45,Groceries,Budget
461,Galip Akdeniz,galip.akdeniz461@hotnail.com,+90 510 668 43 35,07-24-2023,"September 15, 2025","Türkiye, Manisa, Şehzadeler",₺227,TRY, 48 ,Toys & Games,Budget
86,Hayel Eraslan,hayel.eraslan86@gmial.com,+90  516   245 65  06 ,08-30-2025,03-22-2026,Yakutiye - Erzurum - Türkiye,$326.95,USD,54,Home & Garden,Regular
481,Hatin Nüdret Çorlu Arsoy,hatin.nudret.corlu.arsoy481@gmial.com,+905025218109,2023-08-13,2025-10-10,"Türkiye, Trabzon, Ortahisar",₺336,TRY,27,Toys & Games,Premium
484,Feremez İnançlı Güçlü, feremez.inancli.guclu484@example.com ,+90539438303,"June 09, 2024",11-22-2025,"Türkiye, Bursa",₺189,TRY,23,Electronics,New
69,Av. Arıkol Mirbadin Sezgin,av.arikol.mirbadin.sezgin69@example.com,+90  546   291 48  65 ,26/03/2025,2025-04-07,Antalya,$528.99,USD,sixty,Toys & Games,Premium
195,Özpınar Selâtin Çetin Türk,ozpinar.seltin.cetin.turk195@example.com,+905574993056,2025-04-24,2026-03-30,Kadıköy - İstanbul - Türkiye,$235.23,USD,42,Toys & Games,Budget
262,Muvaffak Avşin Hayrioğlu, muvaffak.avsin.hayrioglu262@example.com ,+90  545   561 68  14 ,"April 23, 2023","October 27, 2025","Türkiye, Ankara, Çankaya",₺98,TRY,26,Beauty & Personal Care,Budget
132,Yeneral Ginyas Zorlu Hançer, yeneral.ginyas.zorlu.hancer132@example.com ,+90126042232,12-17-2021,2026-04-20,Atakum - Samsun - Türkiye,₺390,TRY,38,Books,Premium
136,Rayla Zülbiye Karadeniz,rayla.zulbiye.karadeniz136@example.com,+90  552   696 58  27 ,18/08/2021,18/01/2025,"Türkiye, Gaziantep, Şehitkamil",96 TL,TRY,twenty-two,Books,Budget
487,Adlan Eraslan,adlan.eraslan487@example.com,+903024817175,"December 30, 2024",2026-01-10,Eyyübiye - Şanlıurfa - Türkiye,$198.12,USD,36,Home & Garden,Budget
398,Karataş Seven,karatas.seven398@example.com,+905246395003,"November 02, 2024",14/01/2025,Eyyübiye - Şanlıurfa - Türkiye,199 TL,TRY,36,Toys & Games,Budget
383,Elvan Çisem Yorulmaz Zengin, elvan.cisem.yorulmaz.zengin383@example.com ,+90  562   608 56  41 ,22/04/2025,2026-03-17,Üsküdar - İstanbul - Türkiye,185 TL,TRY,24,Electronics,Regular
261,Çev. Rabbiye Alemdar İnönü,cev.rabbiye.alemdar.inonu261@example.com,+90  562   249 99  82 ,2023-05-25,02/12/2025,"Türkiye, Erzurum, Yakutiye",₺389,TRY,65,Home & Garden,Regular
195,Özpınar Selâtin Çetin Türk, ozpinar.seltin.cetin.turk195@example.com ,0557 399 30 56,24/04/2025,2026-03-27,"İstanbul, Kadıköy","196,80",,42,Toys & Games,Budget
241,Kösemen Dumanlı,kosemen.dumanli241@yaho.com,+90  552   245 93  34 ,04-06-2024,06/11/2025,"Türkiye, Ankara, Keçiören",$180.30,USD,23,Clothing,Regular
242,Çev. Atiyye Bilgin Arslan,cev.atiyye.bilgin.arslan242@gmial.com,+905096105576,2025-04-10,2025-12-06,İpekyolu - Van - Türkiye,₺574,TRY,73,Toys & Games,Premium
390,Av. Övün Şilan Tarhan, av.ovun.silan.tarhan390@example.com ,+90 537 504 79 30,11-06-2024,2025-11-22,"Türkiye, Kayseri, Melikgazi",413 TL,TRY,,Beauty & Personal Care,Regular
253,Aydinç Bilgin,aydinc.bilgin253@example.com,+905520566434,2025-02-04,"April 19, 2025",Nilüfer - Bursa - Türkiye,358 TL,TRY,,Clothing,Budget
229,Erginel Nezihi Demir, erginel.nezihi.demir229@example.com ,+90 531 745 64 24,"November 21, 2025","June 12, 2026",Bornova - İzmir - Türkiye,₺149,TRY,18,Books,Regular
462,Ortak Ömür Duran Karadeniz, ortak.omur.duran.karadeniz462@example.com ,+90  541   454 56  35 ,09-06-2025,12/03/2026,"Türkiye, Denizli, Pamukkale","157,43",,29,Groceries,Budget
22,Arş. Gör. Yurtgüven Yüksel,ars.gor.yurtguven.yuksel22@outlok.com,0535 615 95 14,2023-02-08,"July 12, 2025",Şehzadeler - Manisa - Türkiye,$223.20,USD,37,Sports & Outdoors,Regular
473,Ayülker Şensoy,ayulker.sensoy473@example.com,0501 002 31 42,06-07-2022,06/07/2025,Şehitkamil - Gaziantep - Türkiye,"283,07",,56,Clothing,Budget
50,Av. Behiza İnönü Duran,av.behiza.inonu.duran50@example.com,0536 713 69 59,16/04/2024,01-29-2026,Kayapınar - Diyarbakır - Türkiye,₺316,TRY,62,Toys & Games,Budget
245,Mazlum Demir,mazlum.demir245@hotnail.com,+90  559   042 59  79 ,2025-02-17,04-12-2025,"Türkiye, Van, İpekyolu",₺235,TRY,46,Toys & Games,Budget
59,Gürsal Arkut Zorlu,gursal.arkut.zorlu59@hotnail.com,+905124098569,2022-12-22,2025-10-22,Nilüfer - Bursa - Türkiye,$253.14,USD,36,Books,Regular
438,Tanyolaç Tevetoğlu, tanyolac.tevetoglu438@example.com ,+90 553 991 56 68,2023-07-02,02-18-2025,Eyyübiye - Şanlıurfa - Türkiye,₺342,TRY,69,Sports & Outdoors,Budget
362,Havse İncifir Hayrioğlu Yıldırım,havse.incifir.hayrioglu.yildirim362@example.com,+90 503 723 68 31,2024-04-05,06-09-2025,"Türkiye, İstanbul, Beşiktaş","430,33",,67,Clothing,Regular
332,Berran İnönü, berran.inonu332@example.com ,0534 911 41 52,11-02-2025,2026-05-26,"Türkiye, Gaziantep, Şahinbey","334,53",,52,Groceries,Budget
302,Mishat Buyrukhan Sezer Hançer,mishat.buyrukhan.sezer.hancer302@outlok.com,+90  501   658 04  64 ,2022-01-13,"March 28, 2026",Samsun,₺350,TRY,57,Beauty & Personal Care,Regular
342,Aktemür Göken Soylu,aktemur.goken.soylu342@example.com,+905035864518,2024-08-15,"October 22, 2025",Kadıköy - İstanbul - Türkiye,$398.78,USD,72,Sports & Outdoors,Regular
18,Av. Azettin Kavurt Aslan,av.azettin.kavurt.aslan18@example.com,+90 540 164 00 52,05-18-2022,2026-05-19,Toroslar - Mersin - Türkiye,"171,11",,34,Books,Budget
303,Alattin Hayrioğlu,alattin.hayrioglu303@example.com,+90 532 538 17 93,09-22-2021,"December 11, 2025","Konya, Selçuklu",₺533,TRY,65,Beauty & Personal Care,Premium
230,Koçak Soylu,kocak.soylu230@yaho.com,+90  547   807 74  06 ,22/04/2024,11/11/2025,"Türkiye, Antalya, Kepez",$311.02,USD, 56 ,Groceries,Budget
119,Korugan Şama,korugan.sama119@example.com,+90  547   212 64  64 ,2023-03-27,"February 23, 2026",Toroslar - Mersin - Türkiye,"365,43",,sixty-eight,Books,Budget
195,Özpınar Selâtin Çetin Türk, ozpinar.seltin.cetin.turk195@example.com ,+90  557   399 30  56 ,04-24-2025,02-16-2026,Kadıköy - İstanbul - Türkiye,220 TL,TRY,42,Sports & Outdoors,Budget
126,Okt. Minibe Seblâ Tevetoğlu,okt.minibe.sebl.tevetoglu126@example.com,+90541918253,05-20-2023,2026-02-10,Selçuklu - Konya - Türkiye,112 TL,TRY,25,Home & Garden,Budget
292,Dr. Yekbun Sevgen Yılmaz Gül,dr.yekbun.sevgen.yilmaz.gul292@outlok.com,+90  507   100 21  94 ,2023-08-13,06-01-2026,"Türkiye, Kayseri, Melikgazi",$527.13,USD, 62 ,Home & Garden,Premium
349,Günsel Selvi Dumanlı Akça,gunsel.selvi.dumanli.akca349@example.com,+90 553 759 90 04,02-13-2023,2026-02-14,Ortahisar - Trabzon - Türkiye,332 TL,TRY,57,Groceries,Regular
260,Boztaş Gürelcem Seven Sezer,boztas.gurelcem.seven.sezer260@gmial.com,+905339776711,2022-08-01,30/09/2025,Şehzadeler - Manisa,"82,75",,18,Toys & Games,Budget
392,Asiman Akçay,asiman.akcay392@hotnail.com,+90 530 468 75 06,11-09-2024,2025-08-06,"Türkiye, Ankara, Yenimahalle",$194.69,USD, 39 ,Electronics,Budget
37,Uraltay Gül,uraltay.gul37@yaho.com,0582 400 84 27,2025-05-16,"May 26, 2025",Melikgazi - Kayseri - Türkiye,₺394,TRY,73,Beauty & Personal Care,Budget
422,Kopan Bilge, kopan.bilge422@example.com ,+90 502 321 29 83,2024-08-16,05-19-2026,Şehitkamil - Gaziantep - Türkiye,₺243,TRY,50,Beauty & Personal Care,Budget
149,Turabi Sezer,turabi.sezer149@gmial.com,+90244720999,27/07/2024,2025-07-13,"Türkiye, Konya, Meram",$343.25,USD,,Clothing,Budget
227,Dr. Akyıldız Durdu Arslan,dr.akyildiz.durdu.arslan227@example.com,+905535540964,2023-06-15,2026-01-16,Konak - İzmir - Türkiye,₺545,TRY,67,Toys & Games,Premium
233,Binay Huban Demir, binay.huban.demir233@example.com ,+90 547 435 03 13,26/05/2022,2025-09-23,Kayapınar - Diyarbakır - Türkiye,"230,37",,,Sports & Outdoors,Budget
453,Hiçsönmez Hançer,hicsonmez.hancer453@hotnail.com,+900097283215,14/03/2025,10-12-2025,Şehitkamil - Gaziantep - Türkiye,$345.85,USD,50,Groceries,Regular
365,Prof. Nevsale Uğur Zengin Sakarya,prof.nevsale.ugur.zengin.sakarya365@example.com,+905069581463,2025-04-17,22/05/2026,Keçiören - Ankara - Türkiye,₺305,TRY,49,Home & Garden,Regular
40,Uz. Servinaz Adila Gül, uz.servinaz.adila.gul40@example.com ,+90539949027,15/01/2023,"August 17, 2025","Türkiye, Kayseri, Kocasinan",394 TL,TRY,59,Sports & Outdoors,Regular
146,Möhsim Seven,mohsim.seven146@example.com,0555 743 13 29,03/05/2025,26/05/2025,Karşıyaka - İzmir - Türkiye,₺123,TRY,27,Sports & Outdoors,Budget
385,Safinaz Ayçan Arslan Tevetoğlu, safinaz.aycan.arslan.tevetoglu385@example.com ,+90  503   399 37  88 ,16/10/2023,2026-01-24,Keçiören - Ankara - Türkiye,"99,95",,25,Groceries,Budget
391,Tanbay İhsanoğlu,tanbay.ihsanoglu391@example.com,+90 506 056 64 18,02/05/2023,27/06/2025,Osmangazi - Bursa - Türkiye,303 TL,TRY,49,Beauty & Personal Care,Regular
238,Teber Bilir,teber.bilir238@yaho.com,+90  558   556 65  93 ,10-16-2022,"February 14, 2025","Mersin, Yenişehir",$285.31,USD,52,Clothing,Budget
250,Rahiye Kumral Zorlu,rahiye.kumral.zorlu250@hotnail.com,0532 562 16 89,06-10-2022,28/04/2025,"Türkiye, İstanbul, Üsküdar",317 TL,TRY,61,Books,Budget
5,Arş. Gör. Sıylıhan Akbaş Durmuş,ars.gor.siylihan.akbas.durmus5@hotnail.com,+90 596 965 32 87,09/06/2025,"June 14, 2025",Meram - Konya,₺359,TRY, 66 ,Toys & Games,Budget
280,Fazul Gül,fazul.gul280@example.com,+905476281442,2022-06-30,12-15-2025,"Türkiye, Manisa, Şehzadeler",$142.86,USD,35,Electronics,Budget
377,Öğr. Hanedan İmam Ertaş,ogr.hanedan.imam.ertas377@hotnail.com,+90  562   282 77  28 ,12-25-2022,02-22-2026,Melikgazi - Kayseri - Türkiye,"176,54",,,Groceries,Regular
26,Rabbiye Aslan,rabbiye.aslan26@outlok.com,+905016328703,2024-07-20,2025-06-17,Eyyübiye - Şanlıurfa - Türkiye,"345,24",,72,Toys & Games,Budget
151,Özakan Mazlum Bilgin Akçay,ozakan.mazlum.bilgin.akcay151@example.com,+905598759856,2024-06-07,20/06/2026,İstanbul - Türkiye,"148,75",,29,Electronics,Budget
284,Sevdinar İhsanoğlu Hayrioğlu, sevdinar.ihsanoglu.hayrioglu284@example.com ,+90501618175,2024-09-19,06-05-2025,"Türkiye, Eskişehir, Odunpazarı",356 TL,TRY, 64 ,Sports & Outdoors,Budget
473,Ayülker Şensoy,ayulker.sensoy473@yaho.com,0501 002 31 42,06-07-2022,01-07-2025,"Türkiye, Gaziantep, Şehitkamil",$280.53,USD,56,Home & Garden,Budget
136,Rayla Zülbiye Karadeniz,rayla.zulbiye.karadeniz136@hotnail.com,+90 552 696 58 27,18/08/2021,2025-05-23,"Türkiye, Gaziantep, Şehitkamil",104 TL,TRY,22,Toys & Games,Budget
409,Giz Akça,giz.akca409@yaho.com,+905621286706,2024-10-16,2025-08-21,Eyyübiye - Şanlıurfa - Türkiye,$287.96,USD,26,Home & Garden,Premium
154,Selmin Mansız, selmin.mansiz154@example.com ,+905599293787,18/12/2024,25/04/2026,"Türkiye, Van, İpekyolu",$243.61,USD,49,Sports & Outdoors,Budget
408,Şahıgül Yorulmaz Yılmaz, sahigul.yorulmaz.yilmaz408@example.com ,0559 741 21 82,2025-10-08,06-23-2026,Eyyübiye - Şanlıurfa - Türkiye,"428,56",,70,Home & Garden,Regular
140,Dr. Gülşeref Umuşan Güçlü Çetin, dr.gulseref.umusan.guclu.cetin140@example.com ,+90 564 814 91 77,2023-01-31,06-20-2026,"Türkiye, İstanbul, Üsküdar",₺220,TRY,41,Home & Garden,Budget
254,Çoğay Tarhan,cogay.tarhan254@example.com,+90509949939,24/08/2024,"January 27, 2025",Muratpaşa - Antalya - Türkiye,₺156,TRY,32,Books,Regular
364,Arş. Gör. Dilsitan Banü Güçlü,ars.gor.dilsitan.banu.guclu364@outlok.com,+90505016679,06/11/2021,12/09/2025,İpekyolu - Van - Türkiye,$310.97,USD,53,Clothing,New
308,Ekmel Ertaş,ekmel.ertas308@hotnail.com,0559 274 52 38,2021-12-25,2026-05-13,Şehzadeler - Manisa - Türkiye,"136,06",,20,Beauty & Personal Care,Regular
103,Elvan Şener,elvan.sener103@gmial.com,0551 751 83 04,2023-11-01,2026-05-09,Yenişehir - Mersin - Türkiye,"389,16",,61,Beauty & Personal Care,Regular
416,Merzuk Adlan Ertaş, merzuk.adlan.ertas416@example.com ,+905535312206,28/01/2023,07/01/2026,Kadıköy - İstanbul - Türkiye,$329.76,USD,24,Home & Garden,Premium
446,Öğr. Yazgül Yasemen Mansız Aksu,ogr.yazgul.yasemen.mansiz.aksu446@yaho.com,+90519267649,"March 31, 2025",29/12/2025,"Türkiye, Gaziantep",119 TL,TRY,24,Sports & Outdoors,Budget
489,Dr. Mahter Havse Hançer,dr.mahter.havse.hancer489@gmial.com,+90  505   466 92  75 ,2023-01-28,29/01/2025,İpekyolu - Van - Türkiye,417 TL,TRY,72,Groceries,Regular
27,Dirlik Çamurcuoğlu,dirlik.camurcuoglu27@yaho.com,+90572773487,"June 08, 2022",14/04/2025,Kepez - Antalya - Türkiye,₺158,TRY,33,Clothing,Budget
473,Ayülker Şensoy, ayulker.sensoy473@example.com ,+905010043142,2022-06-07,10-04-2025,"Türkiye, Gaziantep",₺339,TRY,56,Electronics,Budget
399,Okt. Ferhan Nirgül Hançer Gül,okt.ferhan.nirgul.hancer.gul399@example.com,0558 323 02 41,10-31-2025,"February 02, 2026","Türkiye, Mersin, Yenişehir",$418.75,USD,71,Clothing,Regular
464,Sücaettin Kısakürek, sucaettin.kisakurek464@example.com ,+905108255398,07-23-2022,01-15-2025,Melikgazi - Kayseri - Türkiye,219 TL,TRY,41,Books,Budget
68,Uz. Sadiye Gülbiye Aslan Ertaş,uz.sadiye.gulbiye.aslan.ertas68@example.com,0551 518 64 49,08/02/2025,26/05/2025,"Türkiye, Eskişehir","212,57",,39,Home & Garden,Budget
18,Av. Azettin Kavurt Aslan, av.azettin.kavurt.aslan18@example.com ,+90540164002,18/05/2022,2025-08-27,Toroslar - Mersin - Türkiye,$149.49,USD,34,Home & Garden,Budget
270,Doç. Bozbağ Görgünay Durmuş, doc.bozbag.gorgunay.durmus270@example.com ,+90  557   724 59  92 ,2023-02-06,"November 20, 2025",Muratpaşa - Antalya - Türkiye,167 TL,TRY,24,Clothing,Regular
378,Ruhugül Gül Sakarya,ruhugul.gul.sakarya378@example.com,+90  502   851 96  11 ,17/11/2023,01-09-2026,"Türkiye, Diyarbakır, Kayapınar",₺274,TRY,54,Beauty & Personal Care,Budget
103,Elvan Şener,elvan.sener103@example.com,0551 751 83 04,01/11/2023,2025-03-09,Yenişehir - Mersin - Türkiye,$368.85,USD,61,Groceries,Regular
408,Şahıgül Yorulmaz Yılmaz,sahigul.yorulmaz.yilmaz408@yaho.com,+90  559   741 21  82 ,10-08-2025,12-10-2025,"Türkiye, Şanlıurfa, Eyyübiye",$415.73,USD,seventy,Home & Garden,Regular
260,Boztaş Gürelcem Seven Sezer, boztas.gurelcem.seven.sezer260@example.com ,0533 977 67 19,08-01-2022,03-01-2025,Şehzadeler - Manisa - Türkiye,"77,35",,eighteen,Home & Garden,Budget
142,Büşranur Alemdar,busranur.alemdar142@gmial.com,+90  575   622 08  63 ,2024-02-22,03-07-2025,Şahinbey - Gaziantep - Türkiye,"226,24",,33,Beauty & Personal Care,Regular
257,Çev. Gülbani İlper Şafak Şener,cev.gulbani.ilper.safak.sener257@example.com,+905472649282,08/05/2023,10-18-2025,"Türkiye, Ankara, Yenimahalle","399,94",,71,Toys & Games,Regular
250,Rahiye Kumral Zorlu, rahiye.kumral.zorlu250@example.com ,+90 532 562 16 89,10/06/2022,2026-05-18,"Türkiye, İstanbul, Üsküdar","329,02",,61,Sports & Outdoors,Budget
21,Tanbay Şener,tanbay.sener21@hotnail.com,0542 940 19 65,2021-11-11,2025-09-20,Kadıköy - İstanbul - Türkiye,"350,35",,68,Home & Garden,Budget
287,Bayan Muarra Sonnur Demirel, bayan.muarra.sonnur.demirel287@example.com ,0542 717 39 62,2022-05-01,2026-03-03,Tepebaşı - Eskişehir - Türkiye,223 TL,TRY,49,Home & Garden,Budget
27,Dirlik Çamurcuoğlu,dirlik.camurcuoglu27@gmial.com,+90  572   774 34  87 ,2022-06-08,2026-05-16,"Türkiye, Antalya, Kepez",$190.39,USD,33,Sports & Outdoors,Budget
31,İlklima Şafak, ilklima.safak31@example.com ,+905745299125,2025-05-05,2026-02-23,Van - Türkiye,"286,09",,55,Groceries,Budget
461,Galip Akdeniz, galip.akdeniz461@example.com ,+905106681335,07-24-2023,25/04/2026,"Türkiye, Manisa, Şehzadeler",₺237,TRY,48,Beauty & Personal Care,Budget
111,Dr. Ağakişi Hükümdar Öcalan,dr.agakisi.hukumdar.ocalan111@example.com,+90501666700,01-03-2022,2025-04-10,"Türkiye, İzmir, Karşıyaka",117 TL,TRY,28,Clothing,Budget
151,Özakan Mazlum Bilgin Akçay,ozakan.mazlum.bilgin.akcay151@example.com,+90578759856,2024-06-07,"March 18, 2025",Şişli - İstanbul - Türkiye,$132.59,USD,29,Groceries,Budget
478,İntihap Şafak,intihap.safak478@example.com,+905523660788,2023-03-10,2025-05-22,Odunpazarı - Eskişehir - Türkiye,315 TL,TRY, 52 ,Toys & Games,Regular
478,İntihap Şafak, intihap.safak478@example.com ,0552 366 87 88,03-10-2023,2025-05-01,Eskişehir - Türkiye,"291,98",,52,Toys & Games,Regular
371,Apaydın Yaman, apaydin.yaman371@example.com ,+90 507 208 11 55,"September 12, 2023","March 11, 2025","Türkiye, Diyarbakır","358,84",,67,Sports & Outdoors,Budget
490,Alcan Enes Seven Şener,alcan.enes.seven.sener490@example.com,+90  516   874 09  03 ,09/01/2022,12-25-2025,Tepebaşı - Eskişehir - Türkiye,$410.01,USD,70,Toys & Games,Regular
28,Gülşa Şensoy, gulsa.sensoy28@example.com ,+90  543   455 81  22 ,2024-08-26,07-03-2025,İzmir - Türkiye,$261.69,USD,42,Sports & Outdoors,Regular
177,Uz. Sevsevil Gülbeyan Yorulmaz,uz.sevsevil.gulbeyan.yorulmaz177@example.com,+905944789856,05/02/2022,"June 12, 2026","Adana, Seyhan",₺101,TRY,26,Books,Budget
26,Rabbiye Aslan,rabbiye.aslan26@example.com,0501 632 87 08,07-20-2024,2026-03-08,Eyyübiye - Şanlıurfa - Türkiye,390 TL,TRY,72,Sports & Outdoors,Budget
7,Öğr. Seniha İnsaf Aslan,ogr.seniha.insaf.aslan7@outlok.com,+90 543 039 11 71,07/09/2021,"May 26, 2026","Türkiye, Mersin","447,80",, 52 ,Electronics,Premium
245,Mazlum Demir, mazlum.demir245@example.com ,+90559045979,2025-02-17,2025-04-26,Van - Türkiye,237 TL,TRY, 46 ,Groceries,Budget
82,Dr. Sökmen Erdoğan,dr.sokmen.erdogan82@outlok.com,+90 501 094 39 69,"May 14, 2022",2025-03-28,Bornova - İzmir - Türkiye,$131.00,USD,19,Home & Garden,Regular
280,Fazul Gül,fazul.gul280@example.com,+90 547 128 14 42,2022-06-30,05-13-2025,Manisa - Türkiye,"194,84",,,Electronics,Budget
443,Ürfettin Şabettin Şama Demirel,urfettin.sabettin.sama.demirel443@example.com,+90 512 590 47 29,06/03/2025,"April 17, 2025",Eyyübiye - Şanlıurfa - Türkiye,266 TL,TRY, 46 ,Toys & Games,Regular
60,Çev. Tüzeer Nurullah Bilir, cev.tuzeer.nurullah.bilir60@example.com ,+905260494519,2023-02-07,"May 12, 2025",Şehzadeler - Manisa,₺150,TRY,31,Sports & Outdoors,Budget
43,Türknur Şennur Akar,turknur.sennur.akar43@example.com,0510 932 48 08,"August 30, 2023","March 26, 2025","Türkiye, Trabzon, Ortahisar",102 TL,TRY,23,Beauty & Personal Care,Budget
60,Çev. Tüzeer Nurullah Bilir,cev.tuzeer.nurullah.bilir60@example.com,0556 049 45 19,2023-02-07,2025-11-11,Şehzadeler - Manisa - Türkiye,₺169,TRY, 31 ,Books,Budget
5,Arş. Gör. Sıylıhan Akbaş Durmuş,ars.gor.siylihan.akbas.durmus5@example.com,+90596965328,"June 09, 2025",2026-06-10,Meram - Konya - Türkiye,₺325,TRY,66,Clothing,Budget
413,Uz. Kavurt Duran,uz.kavurt.duran413@example.com,+90 500 412 57 77,"July 26, 2025",15/10/2025,"Türkiye, Trabzon, Ortahisar",₺158,TRY,23,Electronics,Regular
341,Doç. Menişan Rehime Demir Yaman, doc.menisan.rehime.demir.yaman341@example.com ,+90 558 673 42 57,08/12/2021,2026-01-03,"Türkiye, Samsun, İlkadım",409 TL,TRY,41,Clothing,Premium
45,Arş. Gör. Özakan İhsanoğlu, ars.gor.ozakan.ihsanoglu45@example.com ,+90  504   499 72  78 ,03-27-2023,11/09/2025,Ortahisar - Trabzon - Türkiye,$206.87,USD,40,Toys & Games,Budget
408,Şahıgül Yorulmaz Yılmaz,sahigul.yorulmaz.yilmaz408@yaho.com,+90 559 741 21 82,10-08-2025,01-18-2026,"Türkiye, Şanlıurfa, Eyyübiye",₺418,TRY,70,Sports & Outdoors,Regular
323,Gökçil Özertem Dumanlı,gokcil.ozertem.dumanli323@outlok.com,+90 542 801 38 75,13/01/2022,2025-05-23,Selçuklu - Konya - Türkiye,"280,10",,fifty-five,Home & Garden,Budget
500,Hüsmen Çetin,husmen.cetin500@example.com,+905002689552,2022-09-28,2025-07-04,Pamukkale - Denizli - Türkiye,238 TL,TRY,45,Groceries,Budget
254,Çoğay Tarhan, cogay.tarhan254@example.com ,+90  509   949 99  39 ,2024-08-24,08-28-2025,"Antalya, Muratpaşa",$233.79,USD,32,Books,Regular
217,Doç. Zümre Münezzer Ergül, doc.zumre.munezzer.ergul217@example.com ,+905376902268,2025-05-08,2026-01-07,Konak - İzmir - Türkiye,"293,57",,53,Electronics,Budget
116,Kaygusuz Akver Akdeniz Güçlü,kaygusuz.akver.akdeniz.guclu116@example.com,+90  543   114 26  26 ,2024-03-04,03-13-2025,İzmir - Türkiye,$244.89,USD,41,Sports & Outdoors,Budget
345,Zeride Sabihe Zengin Korutürk,zeride.sabihe.zengin.koruturk345@outlok.com,+90  596   577 24  29 ,02-11-2024,11/10/2025,Şahinbey - Gaziantep - Türkiye,₺356,TRY,69,Clothing,Budget
418,Yrd. Doç. Rana Rümeysa Arslan,yrd.doc.rana.rumeysa.arslan418@outlok.com,+905213649718,10-04-2022,"April 07, 2026",Toroslar - Mersin - Türkiye,₺178,TRY,28,Home & Garden,Budget
371,Apaydın Yaman,apaydin.yaman371@example.com,+90502081155,2023-09-12,10-14-2025,Kayapınar - Diyarbakır - Türkiye,"341,50",,67,Electronics,Budget
236,İncifir Sanavber Hançer,incifir.sanavber.hancer236@example.com,+90 535 186 38 78,2025-01-31,05/05/2025,"Türkiye, Şanlıurfa, Eyyübiye",₺282,TRY,57,Toys & Games,Budget
231,Seydo Şener,seydo.sener231@gmial.com,+90  536   866 32  66 ,09-17-2024,02-18-2025,"Türkiye, İstanbul, Üsküdar",$173.53,USD,34,Home & Garden,Budget
82,Dr. Sökmen Erdoğan,dr.sokmen.erdogan82@hotnail.com,+90  501   094 39  69 ,2022-05-14,2025-07-08,"Türkiye, İzmir, Bornova","117,15",,19,Sports & Outdoors,Regular
350,Av. Işıman Ayvas Tarhan,av.isiman.ayvas.tarhan350@outlok.com,0557 215 86 24,2025-04-17,10/01/2025,Ortahisar - Trabzon,₺202,TRY,38,Sports & Outdoors,Budget
468,Seniha Hasgül Duran, seniha.hasgul.duran468@example.com ,0543 448 12 30,12-16-2022,2025-08-08,"Türkiye, Malatya, Yeşilyurt",141 TL,TRY,33,Toys & Games,Budget
80,Sittik Nevsal Zorlu, sittik.nevsal.zorlu80@example.com ,0555 188 44 22,2023-12-03,2025-12-20,"Türkiye, Diyarbakır",243 TL,TRY,50,Electronics,Budget
449,Bağdat Şama, bagdat.sama449@example.com ,0543 598 92 62,03-05-2024,"April 20, 2026",Karşıyaka - İzmir - Türkiye,"407,51",, 68 ,Toys & Games,Regular
7,Öğr. Seniha İnsaf Aslan,ogr.seniha.insaf.aslan7@example.com,+905430391131,2021-09-07,2026-02-12,Yenişehir - Mersin - Türkiye,$459.46,USD,52,Books,Premium
89,Abdülhadi Ertaş,abdulhadi.ertas89@example.com,+90537562636,02-19-2023,"October 18, 2025","Türkiye, Şanlıurfa, Eyyübiye",₺409,TRY,67,Toys & Games,Regular
420,Av. Nevsale Birsan Şafak Akdeniz,av.nevsale.birsan.safak.akdeniz420@gmial.com,0532 630 39 75,13/03/2025,"August 09, 2025",Yeşilyurt - Malatya - Türkiye,176 TL,TRY,35,Home & Garden,Budget
38,Us Sadittin İnönü Aslan,us.sadittin.inonu.aslan38@outlok.com,0532 812 06 79,"April 25, 2023",26/03/2026,Kocasinan - Kayseri - Türkiye,$191.41,USD,36,Sports & Outdoors,Budget
385,Safinaz Ayçan Arslan Tevetoğlu,safinaz.aycan.arslan.tevetoglu385@yaho.com,+90  503   399 37  88 ,16/10/2023,07/03/2025,Keçiören - Ankara - Türkiye,₺134,TRY,25,Clothing,Budget
395,Av. Beyda Durdu,av.beyda.durdu395@example.com,+90  506   512 07  04 ,11/07/2022,2025-05-06,Şahinbey - Gaziantep - Türkiye,362 TL,TRY,,Clothing,Regular
174,Tayyip Duran, tayyip.duran174@example.com ,+90  509   991 73  81 ,2022-02-17,12-03-2025,"Türkiye, Bursa, Osmangazi",272 TL,TRY,42,Sports & Outdoors,Regular
411,Maksüde Hayrioğlu,maksude.hayrioglu411@example.com,+90 516 938 59 77,2023-05-10,"November 23, 2025","Türkiye, Antalya, Kepez",267 TL,TRY,54,Books,Budget
71,Aygutalp İhsanoğlu,aygutalp.ihsanoglu71@gmial.com,+90  540   758 18  14 ,24/06/2025,13/01/2026,"Türkiye, Manisa, Şehzadeler",₺376,TRY,66,Electronics,Budget
392,Asiman Akçay, asiman.akcay392@example.com ,+90  530   468 75  06 ,11-09-2024,09/03/2026,Yenimahalle - Ankara - Türkiye,₺213,TRY,39,Toys & Games,Budget
235,Serfinaz Çamurcuoğlu Dumanlı,serfinaz.camurcuoglu.dumanli235@gmial.com,0530 652 40 77,10-25-2022,11/01/2026,"Türkiye, Samsun, Atakum","229,41",,36,Clothing,Regular
302,Mishat Buyrukhan Sezer Hançer, mishat.buyrukhan.sezer.hancer302@example.com ,0501 658 04 64,2022-01-13,01-10-2026,"Türkiye, Samsun, Atakum",326 TL,TRY,57,Sports & Outdoors,Regular
301,Alice'); DROP TABLE cleaned_records;--,cetinsu.temizkal.demirel.bilge301@gmial.com,+90 542 799 07 72,2022-01-02,2026-06-14,"Türkiye, İstanbul, Şişli","210,50",,43,Clothing,Budget
25,Eflâtun İlgi Türk, efltun.ilgi.turk25@example.com ,+90  548   951 34  33 ,02-14-2025,12-20-2025,"Türkiye, Adana, Seyhan",₺90,TRY,19,Clothing,Budget
254,Çoğay Tarhan,cogay.tarhan254@gmial.com,+90  509   949 99  39 ,2024-08-24,06/01/2026,Muratpaşa - Antalya - Türkiye,₺206,TRY,thirty-two,Beauty & Personal Care,Regular
379,Salimet Hayrioğlu,salimet.hayrioglu379@example.com,+901018510679,2024-03-18,2025-02-23,Malatya - Türkiye,₺317,TRY,54,Toys & Games,Regular
400,Özpetek Tevetoğlu, ozpetek.tevetoglu400@example.com ,+90553475528,06-15-2022,2025-05-10,Ortahisar - Trabzon - Türkiye,₺431,TRY,74,Beauty & Personal Care,Regular
376,Melihcan Dumanlı,melihcan.dumanli376@example.com,+902490753998,2022-08-11,2025-12-07,Osmangazi - Bursa - Türkiye,₺210,TRY,32,Books,Regular
195,Özpınar Selâtin Çetin Türk,ozpinar.seltin.cetin.turk195@example.com,0557 399 30 56,24/04/2025,08/02/2025,Kadıköy - İstanbul - Türkiye,222 TL,TRY,42,Beauty & Personal Care,Budget
378,Ruhugül Gül Sakarya,ruhugul.gul.sakarya378@hotnail.com,+90502859611,2023-11-17,2025-11-07,"Türkiye, Diyarbakır",294 TL,TRY,54,Sports & Outdoors,Budget
177,Uz. Sevsevil Gülbeyan Yorulmaz,uz.sevsevil.gulbeyan.yorulmaz177@example.com,+90504789856,02-05-2022,05-11-2026,"Türkiye, Adana, Seyhan","157,29",, 26 ,Electronics,Budget
423,Nalân Güverçin Şama,naln.guvercin.sama423@hotnail.com,+905066146828,"November 15, 2021",2025-09-02,"Türkiye, Diyarbakır, Kayapınar",₺143,TRY,29,Electronics,Budget
344,Kerman Ertaş,kerman.ertas344@hotnail.com,+90 502 720 63 45,"September 20, 2022",27/02/2026,Keçiören - Ankara - Türkiye,84 TL,TRY,23,Electronics,Budget
448,Şahnuray Yorulmaz,sahnuray.yorulmaz448@example.com,+905446267126,20/01/2022,05-07-2026,"Türkiye, İzmir, Karşıyaka",180 TL,TRY,27,Home & Garden,Regular
177,Uz. Sevsevil Gülbeyan Yorulmaz,uz.sevsevil.gulbeyan.yorulmaz177@gmial.com,+90  504   478 98  56 ,02-05-2022,02-28-2025,Seyhan - Adana - Türkiye,110 TL,TRY,26,Groceries,Budget
329,Çev. İlmafer Akça, cev.ilmafer.akca329@example.com ,+905061670677,"September 30, 2025",03-27-2026,"Türkiye, Antalya, Kepez",$87.43,USD,20,Toys & Games,Budget
18,Av. Azettin Kavurt Aslan,av.azettin.kavurt.aslan18@yaho.com,+90540140052,18/05/2022,01-27-2025,Toroslar - Mersin,"145,28",,34,Home & Garden,Budget
288,Nüdret Ülker Çetin, nudret.ulker.cetin288@example.com ,+90 539 174 10 11,2022-09-29,"February 16, 2026",Yakutiye - Erzurum - Türkiye,₺323,TRY,64,Books,Budget
438,Tanyolaç Tevetoğlu, tanyolac.tevetoglu438@example.com ,+90 553 991 56 68,2023-07-02,13/09/2025,Eyyübiye - Şanlıurfa - Türkiye,$372.29,USD,69,Toys & Games,Budget
265,Öğr. Ayşenur Gülenay Fırat Arsoy,ogr.aysenur.gulenay.firat.arsoy265@outlok.com,+90  539   551 24  05 ,05/11/2023,"July 17, 2025",Tepebaşı - Eskişehir - Türkiye,$338.17,USD, 58 ,Clothing,Regular
45,Arş. Gör. Özakan İhsanoğlu,ars.gor.ozakan.ihsanoglu45@gmial.com,+90504997278,27/03/2023,05-10-2025,"Türkiye, Trabzon, Ortahisar","184,35",, 40 ,Electronics,Budget
215,Öğr. Uğurtan Erbil Hançer, ogr.ugurtan.erbil.hancer215@example.com ,+90538430983,2022-07-02,2026-06-27,"Türkiye, Erzurum, Yakutiye",₺175,TRY,28,Beauty & Personal Care,Regular
73,Koçak Akçay,kocak.akcay73@example.com,+905360953962,03-23-2022,28/07/2025,Şahinbey - Gaziantep - Türkiye,"319,80",,60,Sports & Outdoors,Budget
360,Gökperi Demir,gokperi.demir360@example.com,+90516806102,2022-04-09,2025-09-23,"Türkiye, Manisa, Şehzadeler",$332.91,USD,48,Books,Regular
412,Abdülahat Oldağ Korutürk Şafak, abdulahat.oldag.koruturk.safak412@example.com ,+90 575 469 26 32,2022-06-26,2025-03-20,İzmir,₺408,TRY,64,Clothing,Regular
405,Günebakan İnönü, gunebakan.inonu405@example.com ,+90  537   780 52  92 ,2024-03-27,2026-06-21,"Türkiye, Denizli, Pamukkale",$334.93,USD,65,Electronics,Budget
253,Aydinç Bilgin,aydinc.bilgin253@gmial.com,+90552056474,2025-02-04,2026-06-20,Nilüfer - Bursa - Türkiye,$364.16,USD,67,Groceries,Budget
455,Gönen Durmuş, gonen.durmus455@example.com ,+90545105265,"May 19, 2025",31/01/2026,"Türkiye, Malatya, Yeşilyurt",$287.18,USD,45,Beauty & Personal Care,Regular
163,Fayize Demirel Bilir,fayize.demirel.bilir163@example.com,+90564679702,27/05/2024,2025-05-28,Konak - İzmir - Türkiye,₺257,TRY,43,Groceries,Budget
165,Zeyno Ertaş,zeyno.ertas165@hotnail.com,+905062148628,2022-10-05,2026-04-07,Kocasinan - Kayseri,$116.19,USD,19,Electronics,Budget
60,Çev. Tüzeer Nurullah Bilir, cev.tuzeer.nurullah.bilir60@example.com ,+90  556   049 45  19 ,07/02/2023,07/03/2026,Şehzadeler - Manisa - Türkiye,155 TL,TRY,31,Electronics,Budget
372,İlper Durmuş,ilper.durmus372@example.com,0502 908 46 68,2024-03-29,"April 14, 2026","Türkiye, Ankara, Keçiören",₺580,TRY,64,Groceries,Premium
147,Yekda Sezer, yekda.sezer147@example.com ,+905563853747,06-18-2024,2026-03-05,Kayapınar - Diyarbakır,$382.39,USD,72,Sports & Outdoors,Budget
317,İnançlı Ülker,inancli.ulker317@gmial.com,+90572524565,09-04-2025,2026-01-05,Kepez - Antalya - Türkiye,₺165,TRY,,Clothing,Budget
492,Temirhan Zorlu,temirhan.zorlu492@hotnail.com,+905096556730,"October 05, 2024",10/05/2025,"Türkiye, Diyarbakır","410,10",,73,Books,Budget
343,Aytek Elöve Akgündüz Duran, aytek.elove.akgunduz.duran343@example.com ,+90544134275,08-25-2021,11/09/2025,Şişli - İstanbul - Türkiye,₺360,TRY,59,Sports & Outdoors,Regular
121,Necva Şensoy,necva.sensoy121@example.com,+90  556   465 19  39 ,"November 21, 2022",2025-05-06,Eyyübiye - Şanlıurfa - Türkiye,"177,39",, 29 ,Books,Regular
84,Tayaydın Atalay Seven, tayaydin.atalay.seven84@example.com ,+90  559   532 78  77 ,21/03/2024,2025-11-06,"Türkiye, Konya, Meram",₺241,TRY,49,Electronics,Budget
417,Gözel Durdu,gozel.durdu417@example.com,+90 555 206 50 63,18/05/2023,27/09/2025,Odunpazarı - Eskişehir - Türkiye,148 TL,TRY,32,Books,Budget
268,Ferihan Dumanlı, ferihan.dumanli268@example.com ,+90 553 344 85 71,2024-06-02,"February 26, 2026",Bornova - İzmir - Türkiye,"126,00",,27,Electronics,Budget
238,Teber Bilir,teber.bilir238@example.com,+90 558 556 65 93,2022-10-16,01-23-2025,Yenişehir - Mersin - Türkiye,₺293,TRY,fifty-two,Toys & Games,Budget
246,Dr. Bilgütay Erten Alemdar,dr.bilgutay.erten.alemdar246@example.com,+90521103924,2025-11-14,01/01/2026,Şahinbey - Gaziantep - Türkiye,201 TL,TRY,39,Groceries,Regular
238,Teber Bilir, teber.bilir238@example.com ,0558 556 65 93,16/10/2022,"May 05, 2026","Türkiye, Mersin",$249.48,USD,52,Beauty & Personal Care,Budget
417,Gözel Durdu,gozel.durdu417@hotnail.com,+90  555   206 50  63 ,05-18-2023,06-19-2025,Odunpazarı - Eskişehir,₺170,TRY,32,Beauty & Personal Care,Budget
264,Vacibe Alemdar Yılmaz,vacibe.alemdar.yilmaz264@example.com,+905344144887,2021-08-25,2025-01-11,"Türkiye, Konya, Selçuklu",59 TL,TRY,18,Books,Budget
266,Dr. Selime İnönü Yorulmaz, dr.selime.inonu.yorulmaz266@example.com ,+90 582 357 84 52,2021-08-20,2025-11-17,Çukurova - Adana - Türkiye,₺369,TRY,73,Sports & Outdoors,Budget
413,Uz. Kavurt Duran, uz.kavurt.duran413@example.com ,+90 500 412 57 77,2025-07-26,12-30-2025,Trabzon,₺178,TRY,23,Clothing,Regular
474,Av. Nura Durmuş İhsanoğlu,av.nura.durmus.ihsanoglu474@gmial.com,+90 545 723 08 48,2025-04-04,11-04-2025,Kadıköy - İstanbul,$247.48,USD,19,Groceries,Premium
345,Zeride Sabihe Zengin Korutürk,zeride.sabihe.zengin.koruturk345@outlok.com,+90  596   577 24  29 ,"February 11, 2024","February 17, 2025","Türkiye, Gaziantep, Şahinbey","341,49",,69,Electronics,Budget
124,Gözem Zengin,gozem.zengin124@gmial.com,+905551238282,2024-02-04,2025-03-31,Ortahisar - Trabzon - Türkiye,328 TL,TRY,53,Home & Garden,Regular
212,Öğr. Çilga Hazine Sezer, ogr.cilga.hazine.sezer212@example.com ,+90 531 498 64 30,"December 21, 2021","September 04, 2025",Şehzadeler - Manisa - Türkiye,524 TL,TRY,65,Electronics,Premium
378,Ruhugül Gül Sakarya, ruhugul.gul.sakarya378@example.com ,+90 502 851 96 11,11-17-2023,25/02/2026,"Türkiye, Diyarbakır, Kayapınar",301 TL,TRY,54,Books,Budget
257,Çev. Gülbani İlper Şafak Şener,cev.gulbani.ilper.safak.sener257@hotnail.com,0547 264 90 82,"May 08, 2023",29/09/2025,"Ankara, Yenimahalle",$449.31,USD,71,Groceries,Regular
38,Us Sadittin İnönü Aslan, us.sadittin.inonu.aslan38@example.com ,+90  532   812 06  79 ,2023-04-25,02/04/2025,"Türkiye, Kayseri, Kocasinan",₺179,TRY,36,Electronics,Budget
209,Narhanim Aslan,narhanim.aslan209@outlok.com,+905024286970,2021-11-30,12-25-2025,Osmangazi - Bursa - Türkiye,378 TL,TRY,64,Toys & Games,Regular
236,İncifir Sanavber Hançer,incifir.sanavber.hancer236@example.com,+905351813878,"January 31, 2025",2025-04-29,"Türkiye, Şanlıurfa, Eyyübiye",$307.12,USD,57,Clothing,Budget
293,Kürşad Bilge, kursad.bilge293@example.com ,+90532476329,26/01/2022,20/12/2025,"Şanlıurfa, Eyyübiye","145,88",, 20 ,Beauty & Personal Care,Regular
356,Songurkan Bilir, songurkan.bilir356@example.com ,+90  532   664 21  47 ,07-11-2023,2026-06-05,"İzmir, Konak",554 TL,TRY,65,Toys & Games,Premium
344,Kerman Ertaş,kerman.ertas344@example.com,+90 502 720 63 45,20/09/2022,2026-04-06,Keçiören - Ankara - Türkiye,110 TL,TRY, 23 ,Clothing,Budget
96,Bahaddin Zoral Durmuş Manço, bahaddin.zoral.durmus.manco96@example.com ,0545 933 27 27,10-03-2021,2026-02-26,Kayseri - Türkiye,₺342,TRY,56,Beauty & Personal Care,Regular
228,Öğr. Selcen Şama Akçay, ogr.selcen.sama.akcay228@example.com ,+90  562   202 34  13 ,"January 05, 2025",15/02/2025,Atakum - Samsun - Türkiye,"221,33",,,Electronics,Budget
27,Dirlik Çamurcuoğlu,dirlik.camurcuoglu27@hotnail.com,+90 572 774 34 87,08/06/2022,13/02/2026,Kepez - Antalya - Türkiye,$140.75,USD, 33 ,Clothing,Budget
67,Erdursun Dalkılıç Akar Duran,erdursun.dalkilic.akar.duran67@yaho.com,0507 935 97 82,2025-08-08,2025-09-11,"Eskişehir, Odunpazarı",$233.60,USD,46,Electronics,Budget
97,Lezize Tevetoğlu, lezize.tevetoglu97@example.com ,0539 106 51 80,2025-07-24,05-08-2026,"Türkiye, Erzurum, Yakutiye",₺255,TRY,48,Toys & Games,Budget
432,Fatinur Dumanlı, fatinur.dumanli432@example.com ,+90  510   040 90  13 ,"January 08, 2023",06-16-2025,Eyyübiye - Şanlıurfa,₺340,TRY,68,Home & Garden,Budget
151,Özakan Mazlum Bilgin Akçay,ozakan.mazlum.bilgin.akcay151@hotnail.com,+905572759856,2024-06-07,01-31-2025,İstanbul - Türkiye,"132,83",,29,Beauty & Personal Care,Budget
238,Teber Bilir,teber.bilir238@gmial.com,+90  558   556 65  93 ,2022-10-16,17/03/2026,"Türkiye, Mersin","293,33",,52,Books,Budget
20,Tınal Aslan,tinal.aslan20@example.com,0536 541 45 86,02-20-2022,"June 22, 2026","Türkiye, Denizli",₺425,TRY,71,Toys & Games,Regular
473,Ayülker Şensoy, ayulker.sensoy473@example.com ,+90  501   002 31  42 ,07/06/2022,10/06/2026,Şehitkamil - Gaziantep - Türkiye,$281.78,USD,56,Groceries,Budget
438,Tanyolaç Tevetoğlu,tanyolac.tevetoglu438@hotnail.com,+90  553   991 56  68 ,07-02-2023,02-18-2026,"Türkiye, Şanlıurfa, Eyyübiye",₺366,TRY, 69 ,Books,Budget
25,Eflâtun İlgi Türk,efltun.ilgi.turk25@example.com,0548 951 34 33,14/02/2025,2025-11-07,Seyhan - Adana - Türkiye,$89.65,USD,19,Clothing,Budget
27,Dirlik Çamurcuoğlu,dirlik.camurcuoglu27@example.com,+90  572   774 34  87 ,"June 08, 2022","February 21, 2025",Antalya - Türkiye,173 TL,TRY,33,Electronics,Budget
156,Doç. Nerim Dumanlı,doc.nerim.dumanli156@example.com,+90510067626,2023-03-09,08/04/2025,"Samsun, İlkadım",₺452,TRY,74,Toys & Games,Regular
455,Gönen Durmuş, gonen.durmus455@example.com ,+90  545   105 26  50 ,05-19-2025,10/07/2025,Yeşilyurt - Malatya - Türkiye,"275,44",,45,Toys & Games,Regular
166,Bayan Gülsü Sabır Kısakürek,bayan.gulsu.sabir.kisakurek166@example.com,+90530753457,12/02/2023,02-22-2026,"Türkiye, Konya","280,15",,43,Beauty & Personal Care,Regular
431,Dr. Özge Musaffa Bilge Şener, dr.ozge.musaffa.bilge.sener431@example.com ,+905121016141,2024-01-12,10/12/2025,Kayapınar - Diyarbakır - Türkiye,"133,22",,19,Electronics,Regular
81,Bay Oruç Çorlu,bay.oruc.corlu81@example.com,0537 058 95 78,2025-03-22,2025-11-09,Selçuklu - Konya - Türkiye,"485,49",,57,Electronics,Premium
394,Necva Yılmaz, necva.yilmaz394@example.com ,+905095451735,23/08/2025,06-04-2026,Eyyübiye - Şanlıurfa - Türkiye,388 TL,TRY,70,Toys & Games,Budget
322,Tekecan Sakarya, tekecan.sakarya322@example.com ,+90  552   893 89  11 ,"September 15, 2022",09/06/2025,"Türkiye, Mersin",352 TL,TRY, 66 ,Home & Garden,Budget
387,Bişar Ülker, bisar.ulker387@example.com ,+90574355395,10/11/2025,12-27-2025,Bursa,347 TL,TRY,62,Clothing,Budget
230,Koçak Soylu,kocak.soylu230@example.com,+90  547   807 74  06 ,22/04/2024,2025-03-07,"Türkiye, Antalya, Kepez","331,41",,56,Clothing,Budget
13,Şehreban Kardelen Sezgin Türk, sehreban.kardelen.sezgin.turk13@example.com ,0574 687 23 43,2025-08-15,"November 18, 2025",Pamukkale - Denizli - Türkiye,₺509,TRY,55,Books,Premium
322,Tekecan Sakarya, tekecan.sakarya322@example.com ,+90552938911,2022-09-15,04/05/2025,"Türkiye, Mersin","367,86",,66,Groceries,Budget
306,Uz. Cannur Çorlu, uz.cannur.corlu306@example.com ,+90  556   955 79  88 ,2023-06-15,26/06/2025,"Türkiye, Şanlıurfa, Eyyübiye",$235.00,USD,47,Home & Garden,Budget
1,Akar Ziyaettin Aslan Yüksel,akar.ziyaettin.aslan.yuksel1@gmial.com,+90  543   321 81  96 ,10-08-2025,18/02/2026,"Türkiye, Bursa, Nilüfer","101,03",,19,Home & Garden,Budget
417,Gözel Durdu,gozel.durdu417@yaho.com,+90  555   206 50  63 ,"May 18, 2023","November 14, 2025","Türkiye, Eskişehir, Odunpazarı",$130.45,USD,32,Clothing,Budget
311,Zöhrehan Ferhan Erdoğan, zohrehan.ferhan.erdogan311@example.com ,0556 265 65 04,"January 06, 2024","January 12, 2025",Kayapınar - Diyarbakır - Türkiye,"211,64",,40,Electronics,Budget
226,Tezcan Bilge,tezcan.bilge226@example.com,+905947229699,2023-09-06,2025-03-31,Bornova - İzmir - Türkiye,₺442,TRY,72,Clothing,New
194,Dr. Vedat Önel Hançer,dr.vedat.onel.hancer194@outlok.com,+90 553 355 54 39,2022-12-22,06-27-2026,Manisa,$290.65,USD,48,Toys & Games,New
165,Zeyno Ertaş,zeyno.ertas165@outlok.com,+90508148628,2022-10-05,27/08/2025,Kocasinan - Kayseri - Türkiye,62 TL,TRY,19,Home & Garden,Budget
360,Gökperi Demir,gokperi.demir360@example.com,+909168006102,09/04/2022,"September 30, 2025",Şehzadeler - Manisa - Türkiye,$271.58,USD,48,Books,Regular
294,Arıel Güçlü,ariel.guclu294@yaho.com,+90  545   608 33  18 ,05-31-2025,12-26-2025,"Türkiye, Şanlıurfa, Eyyübiye",$331.12,USD,57,Electronics,Regular
163,Fayize Demirel Bilir,fayize.demirel.bilir163@outlok.com,+90  564   679 97  02 ,2024-05-27,2025-03-19,Konak - İzmir - Türkiye,$205.12,USD,43,Home & Garden,Budget
424,Dr. Oymak Şener,dr.oymak.sener424@outlok.com,+90746897152,2021-12-09,2025-05-16,"Türkiye, Diyarbakır",₺207,TRY,48,Books,Budget
198,Akyıldız Akdeniz,akyildiz.akdeniz198@example.com,+90 532 684 24 50,05/11/2022,03/02/2025,"Türkiye, Diyarbakır, Kayapınar",412 TL,TRY,73,Groceries,Regular
299,Elöve Şener, elove.sener299@example.com ,+905335694929,12-02-2025,10/05/2026,"Türkiye, İzmir, Bornova",₺295,TRY,44,Books,New
244,Çev. Özerdinç Özinal Şener,cev.ozerdinc.ozinal.sener244@yaho.com,0541 686 22 78,11-02-2024,2025-10-08,"Türkiye, Kayseri, Kocasinan",$271.37,USD,49,Groceries,Regular
233,Binay Huban Demir,binay.huban.demir233@yaho.com,+905474350343,05-26-2022,04/05/2025,Kayapınar - Diyarbakır - Türkiye,"227,65",,45,Groceries,Budget
454,Elifnur Tevetoğlu Demirel,elifnur.tevetoglu.demirel454@example.com,+90 544 744 30 96,09-23-2024,2025-02-23,Keçiören - Ankara - Türkiye,"254,78",,37,Electronics,New
110,Aygönenç Neslinur Bilir Tarhan, aygonenc.neslinur.bilir.tarhan110@example.com ,+90554615693,01-15-2022,04/05/2026,"Türkiye, Manisa, Şehzadeler","166,17",,32,Home & Garden,Budget
344,Kerman Ertaş,kerman.ertas344@gmial.com,+90  502   720 63  45 ,2022-09-20,"November 30, 2025","Türkiye, Ankara, Keçiören","86,10",,23,Clothing,Budget
63,Aykutalp Sakarya,aykutalp.sakarya63@example.com,+905510762260,01-01-2022,2025-02-14,"Türkiye, Denizli, Pamukkale",224 TL,TRY,thirty-two,Sports & Outdoors,Regular
289,Okyalaz Türk,okyalaz.turk289@example.com,+90520064256,"September 23, 2022",2025-03-27,"Türkiye, Diyarbakır",₺138,TRY,18,Home & Garden,Regular
235,Serfinaz Çamurcuoğlu Dumanlı,serfinaz.camurcuoglu.dumanli235@hotnail.com,+90  530   652 40  77 ,2022-10-25,08-02-2025,"Türkiye, Samsun, Atakum",248 TL,TRY,36,Home & Garden,Regular
1,Akar Ziyaettin Aslan Yüksel,akar.ziyaettin.aslan.yuksel1@outlok.com,+90 543 321 81 96,2025-10-08,2025-11-24,Nilüfer - Bursa - Türkiye,"85,65",,,Electronics,Budget
173,Firdevis Karadeniz Ertaş,firdevis.karadeniz.ertas173@example.com,0551 353 46 55,2024-06-27,"June 15, 2025",Yakutiye - Erzurum - Türkiye,₺288,TRY,55,Beauty & Personal Care,Budget
332,Berran İnönü,berran.inonu332@example.com,+905349116152,11-02-2025,"January 09, 2026",Şahinbey - Gaziantep - Türkiye,"271,74",,52,Sports & Outdoors,Budget
491,Dr. Dilcan Ticen Tevetoğlu Duran,dr.dilcan.ticen.tevetoglu.duran491@example.com,0546 296 13 67,"March 13, 2022",2025-10-18,"Türkiye, Antalya, Muratpaşa",$62.50,USD,23,Books,Budget
345,Zeride Sabihe Zengin Korutürk,zeride.sabihe.zengin.koruturk345@outlok.com,0596 577 24 29,2024-02-11,"June 18, 2026","Türkiye, Gaziantep","357,05",,69,Home & Garden,Budget
374,Servinaz Tülin Tevetoğlu, servinaz.tulin.tevetoglu374@example.com ,0534 108 56 28,2022-12-01,2025-11-23,Atakum - Samsun,"191,22",,36,Electronics,Budget
385,Safinaz Ayçan Arslan Tevetoğlu, safinaz.aycan.arslan.tevetoglu385@example.com ,0503 399 37 88,2023-10-16,2025-12-07,"Türkiye, Ankara, Keçiören",$127.59,USD,,Electronics,Budget
181,Çev. Bidayet Sirap Yıldırım, cev.bidayet.sirap.yildirim181@example.com ,+905300129721,2021-07-30,2026-05-08,"Türkiye, Şanlıurfa, Eyyübiye",$267.61,USD,50,Home & Garden,Budget
168,Sunay Yılmaz Akça,sunay.yilmaz.akca168@hotnail.com,+90540602933,"February 24, 2022",22/11/2025,Yenişehir - Mersin - Türkiye,119 TL,TRY,31,Beauty & Personal Care,Budget
68,Uz. Sadiye Gülbiye Aslan Ertaş, uz.sadiye.gulbiye.aslan.ertas68@example.com ,0551 518 64 49,2025-02-08,"May 29, 2026","Eskişehir, Odunpazarı",$212.20,USD,,Home & Garden,Budget
82,Dr. Sökmen Erdoğan,dr.sokmen.erdogan82@example.com,+900010943969,2022-05-14,01-14-2026,İzmir,$106.64,USD,19,Clothing,Regular
99,Uzsoy Şener,uzsoy.sener99@example.com,+905106913311,2022-08-14,11-18-2025,Mersin,"142,34",,20,Groceries,Regular
43,Türknur Şennur Akar, turknur.sennur.akar43@example.com ,0510 932 48 08,2023-08-30,02/01/2026,"Türkiye, Trabzon, Ortahisar",$98.03,USD,23,Electronics,Budget
329,Çev. İlmafer Akça, cev.ilmafer.akca329@example.com ,+90  506   167 56  77 ,2025-09-30,2026-04-29,Antalya,₺102,TRY,20,Groceries,Budget
25,Eflâtun İlgi Türk,efltun.ilgi.turk25@outlok.com,+90548951343,14/02/2025,"April 10, 2026",Seyhan - Adana - Türkiye,71 TL,TRY,19,Beauty & Personal Care,Budget
178,Nurmelek Hayrioğlu,nurmelek.hayrioglu178@gmial.com,+90  532   603 32  30 ,2022-08-23,"November 12, 2025","Türkiye, Şanlıurfa, Eyyübiye",237 TL,TRY,50,Toys & Games,Budget
74,Burakhan Kasim Yılmaz, burakhan.kasim.yilmaz74@example.com ,+902722170430,2024-10-30,08/10/2025,İlkadım - Samsun - Türkiye,₺432,TRY,74,Clothing,Budget
147,Yekda Sezer, yekda.sezer147@example.com ,+905561863747,2024-06-18,2025-01-16,Kayapınar - Diyarbakır - Türkiye,362 TL,TRY,72,Sports & Outdoors,Budget
126,Okt. Minibe Seblâ Tevetoğlu,okt.minibe.sebl.tevetoglu126@example.com,+90 541 918 25 53,2023-05-20,30/12/2025,"Türkiye, Konya, Selçuklu",₺129,TRY,twenty-five,Clothing,Budget
366,Arş. Gör. Güverçin Şirivan Türk Gül,ars.gor.guvercin.sirivan.turk.gul366@example.com,+907433800545,25/02/2022,"October 08, 2025",Atakum - Samsun - Türkiye,₺137,TRY,,Beauty & Personal Care,Budget
45,Arş. Gör. Özakan İhsanoğlu, ars.gor.ozakan.ihsanoglu45@example.com ,+905044997273,03-27-2023,2025-02-20,Ortahisar - Trabzon - Türkiye,$240.93,USD,40,Books,Budget
58,Eflâtun Arcan Akçay,efltun.arcan.akcay58@yaho.com,+90  505   395 02  40 ,28/03/2025,2026-05-12,Beşiktaş - İstanbul - Türkiye,377 TL,TRY,sixty-five,Home & Garden,Regular
27,Dirlik Çamurcuoğlu,dirlik.camurcuoglu27@outlok.com,+90572743487,2022-06-08,09/07/2025,"Türkiye, Antalya, Kepez",₺161,TRY,33,Books,Budget
214,Aygutalp Arslan, aygutalp.arslan214@example.com ,+90562132138,14/09/2023,2025-05-21,Kocasinan - Kayseri - Türkiye,"376,56",,68,Groceries,Budget
56,Soykut Durmuş,soykut.durmus56@example.com,+90 553 773 51 58,2022-05-02,2025-07-09,Atakum - Samsun - Türkiye,$224.81,USD,40,Books,Budget
101,Ayçan Çorlu, aycan.corlu101@example.com ,+905440832687,2025-09-07,22/02/2026,"Türkiye, Van, İpekyolu",249 TL,TRY,40,Clothing,New
464,Sücaettin Kısakürek,sucaettin.kisakurek464@outlok.com,+90 510 825 55 98,2022-07-23,08-11-2025,"Türkiye, Kayseri, Melikgazi","207,77",, 41 ,Toys & Games,Budget
419,Kutay Afer Hayrioğlu Aksu, kutay.afer.hayrioglu.aksu419@example.com ,+90 562 525 71 50,15/07/2022,2025-03-02,"Türkiye, Bursa",₺352,TRY,fifty-five,Electronics,Regular
180,Nurmelek Aslan,nurmelek.aslan180@hotnail.com,+90  548   356 42  08 ,03-02-2023,2025-08-03,Kayapınar - Diyarbakır - Türkiye,$211.67,USD, 31 ,Clothing,Regular
187,Dr. Dilşat Durdu Akça,dr.dilsat.durdu.akca187@example.com,+90550375897,2021-12-06,2026-01-23,"Türkiye, Gaziantep, Şahinbey",380 TL,TRY,60,Sports & Outdoors,Regular
334,Çolpan Arsoy Çorlu, colpan.arsoy.corlu334@example.com ,+90 534 404 96 39,2021-10-13,16/03/2025,"Türkiye, İzmir",₺310,TRY,23,Books,Premium
382,Mengi Sakarya,mengi.sakarya382@example.com,+90 543 397 18 95,"September 12, 2023",29/11/2025,Yenimahalle - Ankara - Türkiye,$268.80,USD,55,Clothing,Budget
396,Belgizar Manço Korutürk,belgizar.manco.koruturk396@gmial.com,+905109193923,"July 06, 2024",11-30-2025,"Türkiye, Bursa, Nilüfer",246 TL,TRY,40,Books,Regular
164,Kıvılcım Seven,kivilcim.seven164@outlok.com,+90  506   530 74  50 ,01-21-2024,03-09-2025,Şehzadeler - Manisa - Türkiye,"591,26",,70,Beauty & Personal Care,Premium
432,Fatinur Dumanlı,fatinur.dumanli432@example.com,0510 040 90 13,"January 08, 2023",2025-11-28,"Şanlıurfa, Eyyübiye","368,09",,sixty-eight,Home & Garden,Budget
86,Hayel Eraslan,hayel.eraslan86@yaho.com,+905102456506,30/08/2025,2026-01-17,"Türkiye, Erzurum, Yakutiye","296,07",,54,Books,Regular
446,Öğr. Yazgül Yasemen Mansız Aksu,ogr.yazgul.yasemen.mansiz.aksu446@example.com,0541 926 76 49,31/03/2025,2025-12-13,Şahinbey - Gaziantep - Türkiye,$114.58,USD,24,Clothing,Budget
294,Arıel Güçlü,ariel.guclu294@outlok.com,+90456083318,05-31-2025,09-26-2025,Şanlıurfa - Türkiye,$368.46,USD,57,Groceries,Regular
158,Yahşi Soylu,yahsi.soylu158@example.com,+90  501   533 68  84 ,03-31-2022,12-24-2025,İzmir - Türkiye,$153.50,USD,36,Toys & Games,Budget
108,İldeş Çalım Manço Şafak, ildes.calim.manco.safak108@example.com ,+905096231203,2023-02-11,"February 28, 2026",Şehitkamil - Gaziantep - Türkiye,282 TL,TRY,47,Toys & Games,Regular
438,Tanyolaç Tevetoğlu, tanyolac.tevetoglu438@example.com ,+90 553 991 56 68,2023-07-02,16/08/2025,Eyyübiye - Şanlıurfa - Türkiye,₺360,TRY,69,Books,Budget
309,Sevim Eraslan,sevim.eraslan309@yaho.com,+905578284107,2023-02-24,"January 22, 2025","Türkiye, Samsun",$363.30,USD,67,Books,Budget
387,Bişar Ülker,bisar.ulker387@example.com,+90543553795,"November 10, 2025",23/12/2025,"Türkiye, Bursa, Nilüfer",₺319,TRY, 62 ,Sports & Outdoors,Budget
375,Dr. Dilşat Âlemşah Gül, dr.dilsat.lemsah.gul375@example.com ,+905467105485,04-03-2025,06-26-2026,Yeşilyurt - Malatya - Türkiye,323 TL,TRY,21,Books,Premium
154,Selmin Mansız,selmin.mansiz154@outlok.com,+905599993784,18/12/2024,2025-07-24,"Türkiye, Van, İpekyolu","265,97",,49,Toys & Games,Budget
331,Dilşat Ertaş, dilsat.ertas331@example.com ,+90559056155,"August 22, 2023",2025-10-27,"Türkiye, Antalya, Kepez",₺249,TRY, 40 ,Toys & Games,Budget
359,Bedri Duran,bedri.duran359@example.com,+90559794523,2024-11-28,28/08/2025,Kepez - Antalya - Türkiye,"327,91",,23,Toys & Games,Premium
478,İntihap Şafak,intihap.safak478@gmial.com,+90 552 366 87 88,10/03/2023,2025-01-20,"Türkiye, Eskişehir","333,16",,52,Books,Regular
449,Bağdat Şama, bagdat.sama449@example.com ,+90 543 598 92 62,05/03/2024,2025-10-15,Karşıyaka - İzmir - Türkiye,₺415,TRY,68,Clothing,Regular
385,Safinaz Ayçan Arslan Tevetoğlu,safinaz.aycan.arslan.tevetoglu385@gmial.com,0503 399 37 88,10-16-2023,2025-05-19,"Türkiye, Ankara, Keçiören",$121.07,USD,25,Sports & Outdoors,Budget
209,Narhanim Aslan, narhanim.aslan209@example.com ,0502 428 69 90,2021-11-30,2025-09-29,Osmangazi - Bursa - Türkiye,₺394,TRY,64,Beauty & Personal Care,Regular
58,Eflâtun Arcan Akçay,efltun.arcan.akcay58@example.com,+905053750240,28/03/2025,07/07/2025,"Türkiye, İstanbul","385,50",, 65 ,Home & Garden,Regular
337,İlklima Kısakürek,ilklima.kisakurek337@example.com,+90  547   786 60  32 ,2024-06-02,01/04/2025,Kocasinan - Kayseri - Türkiye,"105,58",,26,Beauty & Personal Care,Budget
265,Öğr. Ayşenur Gülenay Fırat Arsoy,ogr.aysenur.gulenay.firat.arsoy265@example.com,+905395512475,2023-11-05,2025-11-06,Tepebaşı - Eskişehir - Türkiye,₺386,TRY,58,Home & Garden,Regular
339,Şeref Bilgin, seref.bilgin339@example.com ,+90 547 139 15 59,2021-10-25,04-25-2026,"Türkiye, İzmir, Bornova",₺352,TRY,42,Sports & Outdoors,Premium
16,Alanalp Ülker, alanalp.ulker16@example.com ,+90  554   278 49  80 ,2022-03-16,02-24-2026,"Türkiye, Van, İpekyolu",$451.78,USD,70,Sports & Outdoors,Regular
72,Uz. Köker Nurullah Güçlü,uz.koker.nurullah.guclu72@example.com,+90 536 971 17 98,2025-11-09,2026-02-10,Kayapınar - Diyarbakır - Türkiye,336 TL,TRY,58,Electronics,Regular
126,Okt. Minibe Seblâ Tevetoğlu,okt.minibe.sebl.tevetoglu126@yaho.com,+90419182553,05-20-2023,"July 23, 2025",Selçuklu - Konya - Türkiye,108 TL,TRY,25,Groceries,Budget
443,Ürfettin Şabettin Şama Demirel,urfettin.sabettin.sama.demirel443@yaho.com,0512 590 47 29,2025-03-06,2026-01-25,Şanlıurfa - Türkiye,₺317,TRY, 46 ,Clothing,Regular
278,Arifcan Aslan, arifcan.aslan278@example.com ,+90 537 189 49 05,2022-12-13,"July 04, 2025",Şehzadeler - Manisa - Türkiye,"353,08",,67,Groceries,Budget
297,Miyesser Şener Demirel,miyesser.sener.demirel297@gmial.com,+90 539 726 52 73,2022-05-28,2025-12-15,Pamukkale - Denizli - Türkiye,$290.31,USD,40,Beauty & Personal Care,New
382,Mengi Sakarya,mengi.sakarya382@example.com,0543 397 18 95,2023-09-12,2025-02-07,Yenimahalle - Ankara - Türkiye,"268,91",,55,Beauty & Personal Care,Budget
21,Tanbay Şener,tanbay.sener21@example.com,+90529401965,2021-11-11,03/11/2025,Kadıköy - İstanbul - Türkiye,₺373,TRY,68,Electronics,Budget
82,Dr. Sökmen Erdoğan,dr.sokmen.erdogan82@yaho.com,+90510943969,2022-05-14,21/02/2026,Bornova - İzmir - Türkiye,"136,55",,19,Sports & Outdoors,Regular
486,Öğr. Şöhret Yılmaz Akçay,ogr.sohret.yilmaz.akcay486@example.com,+90 559 606 33 99,"July 12, 2025",2025-07-18,Yeşilyurt - Malatya - Türkiye,$194.70,USD,27,Electronics,Regular
208,Hürdoğan Sezgin, hurdogan.sezgin208@example.com ,+90  543   222 59  13 ,2023-08-16,2026-02-28,"Şanlıurfa, Eyyübiye","399,18",,69,Beauty & Personal Care,Budget
322,Tekecan Sakarya, tekecan.sakarya322@example.com ,+90558938911,2022-09-15,2026-06-23,"Türkiye, Mersin, Toroslar","366,61",, 66 ,Clothing,Budget
106,Uğurkan Akçay,ugurkan.akcay106@example.com,+90  558   771 75  35 ,2024-03-12,04-21-2025,Kocasinan - Kayseri - Türkiye,238 TL,TRY, 44 ,Books,Budget
17,Prof. Ferzi Asım Akdeniz, prof.ferzi.asim.akdeniz17@example.com ,+90 541 182 44 93,12-04-2021,"January 27, 2025",Bursa,"236,18",,39,Home & Garden,Budget
126,Okt. Minibe Seblâ Tevetoğlu,okt.minibe.sebl.tevetoglu126@outlok.com,+90541912553,2023-05-20,07/08/2025,"Türkiye, Konya, Selçuklu",$96.68,USD, 25 ,Clothing,Budget
294,Arıel Güçlü,ariel.guclu294@hotnail.com,0545 608 33 18,2025-05-31,2026-02-07,"Türkiye, Şanlıurfa",310 TL,TRY,57,Sports & Outdoors,Regular
320,Hanbiken Şemsinisa Sezgin, hanbiken.semsinisa.sezgin320@example.com ,+90  554   527 98  52 ,12-20-2021,"April 16, 2025",İstanbul - Türkiye,"193,24",,37,Home & Garden,Budget
148,Taçnur Gülen Yüksel, tacnur.gulen.yuksel148@example.com ,+905323601994,2025-07-12,2026-01-30,Çukurova - Adana - Türkiye,138 TL,TRY,19,Groceries,New
448,Şahnuray Yorulmaz,sahnuray.yorulmaz448@example.com,+90 544 626 71 46,20/01/2022,"April 06, 2026",Karşıyaka - İzmir - Türkiye,"166,73",,27,Books,Regular
25,Eflâtun İlgi Türk,efltun.ilgi.turk25@yaho.com,+90549513433,2025-02-14,30/12/2025,Seyhan - Adana - Türkiye,"89,61",,19,Groceries,Budget
141,Dr. Atgun Arslan,dr.atgun.arslan141@example.com,+90 552 419 13 80,2025-09-13,2026-04-07,"Türkiye, Van, İpekyolu","570,85",,72,Electronics,Premium
232,Binışık Bilgütay Sezgin,binisik.bilgutay.sezgin232@example.com,+90548631224,30/04/2025,2025-05-22,"Türkiye, Gaziantep, Şehitkamil",₺342,TRY,58,Books,Regular
260,Boztaş Gürelcem Seven Sezer,boztas.gurelcem.seven.sezer260@example.com,+90 533 977 67 19,2022-08-01,2025-03-20,"Manisa, Şehzadeler",81 TL,TRY,eighteen,Sports & Outdoors,Budget
62,Öğr. Sonnur Sezgin Seven, ogr.sonnur.sezgin.seven62@example.com ,+90559910220,03/03/2022,11/01/2025,Kadıköy - İstanbul - Türkiye,"88,94",,23,Books,Budget
126,Okt. Minibe Seblâ Tevetoğlu, okt.minibe.sebl.tevetoglu126@example.com ,0541 918 25 53,"May 20, 2023",06-19-2025,"Türkiye, Konya, Selçuklu",138 TL,TRY,twenty-five,Groceries,Budget
18,Av. Azettin Kavurt Aslan, av.azettin.kavurt.aslan18@example.com ,+90  540   164 00  52 ,"May 18, 2022",2025-05-01,Toroslar - Mersin - Türkiye,$160.59,USD,34,Books,Budget
262,Muvaffak Avşin Hayrioğlu,muvaffak.avsin.hayrioglu262@example.com,+90 545 561 68 14,23/04/2023,2026-06-09,Ankara,147 TL,TRY,26,Sports & Outdoors,Budget
54,Piran Nurda Dumanlı,piran.nurda.dumanli54@yaho.com,+905370985921,"May 21, 2022","May 29, 2026","Türkiye, İstanbul, Üsküdar",442 TL,TRY,70,Books,Regular
468,Seniha Hasgül Duran,seniha.hasgul.duran468@yaho.com,+905474481230,16/12/2022,2025-08-05,Malatya - Türkiye,135 TL,TRY,33,Sports & Outdoors,Budget
324,Sezal Kader Gül, sezal.kader.gul324@example.com ,0556 638 36 15,2025-04-03,2026-01-09,Nilüfer - Bursa - Türkiye,226 TL,TRY,47,Toys & Games,Budget
455,Gönen Durmuş,gonen.durmus455@example.com,0545 105 26 50,05-19-2025,2025-10-15,Yeşilyurt - Malatya - Türkiye,249 TL,TRY,45,Clothing,Regular
332,Berran İnönü,berran.inonu332@example.com,+905349114552,2025-11-02,22/11/2025,Şahinbey - Gaziantep - Türkiye,₺252,TRY,52,Toys & Games,Budget
144,Bilender Yıldırım, bilender.yildirim144@example.com ,+90  506   413 83  67 ,2025-08-12,2026-03-22,"Türkiye, Kayseri, Kocasinan",$301.33,USD, 27 ,Home & Garden,Premium
193,Arıkol Zengin,arikol.zengin193@gmial.com,+90540572059,"August 30, 2025",10-28-2025,Adana - Türkiye,"418,40",,67,Clothing,New
472,Uz. Gülnaziye Şehza Yaman, uz.gulnaziye.sehza.yaman472@example.com ,+90  524   042 26  93 ,"July 23, 2025",2026-01-16,Meram - Konya - Türkiye,₺145,TRY,27,Clothing,Budget
98,Yaşattin Şama, yasattin.sama98@example.com ,+905009786863,2024-07-24,2026-06-19,"Türkiye, Denizli, Pamukkale",214 TL,TRY,47,Sports & Outdoors,Budget
205,Öğr. Sezen Üge Mansız Ülker, ogr.sezen.uge.mansiz.ulker205@example.com ,0572 299 27 50,"September 20, 2024",08-02-2025,"Türkiye, Diyarbakır, Kayapınar",401 TL,TRY,66,Electronics,Regular
385,Safinaz Ayçan Arslan Tevetoğlu,safinaz.aycan.arslan.tevetoglu385@example.com,+90 503 399 37 88,2023-10-16,26/05/2026,Keçiören - Ankara - Türkiye,₺138,TRY,25,Groceries,Budget
415,Benek Permun Bilge Korutürk,benek.permun.bilge.koruturk415@example.com,+90509006335,2024-10-29,02/05/2026,Yenimahalle - Ankara - Türkiye,$140.19,USD,23,Groceries,Budget
388,Öğr. Deryanur Ergül Akdeniz,ogr.deryanur.ergul.akdeniz388@example.com,0500 268 76 81,2022-04-23,03/01/2026,"Türkiye, İstanbul, Şişli",$327.20,USD,59,Home & Garden,Budget
119,Korugan Şama, korugan.sama119@example.com ,+905472106464,03-27-2023,17/05/2025,"Türkiye, Mersin, Toroslar",$364.74,USD,68,Toys & Games,Budget
422,Kopan Bilge,kopan.bilge422@yaho.com,+905023219983,16/08/2024,15/02/2026,"Türkiye, Gaziantep, Şehitkamil",₺259,TRY,50,Electronics,Budget
363,Çev. Alkor Yaman,cev.alkor.yaman363@example.com,+90  501   227 77  07 ,2022-09-01,2025-09-03,"Türkiye, Şanlıurfa, Eyyübiye","152,28",,33,Books,Budget
436,Bayan Açılay Nili Karadeniz Arslan, bayan.acilay.nili.karadeniz.arslan436@example.com ,+90556714932,2023-01-12,01-22-2026,"Türkiye, Manisa, Şehzadeler",397 TL,TRY,74,Books,Regular
477,Serda Akçay, serda.akcay477@example.com ,+90  552   677 11  96 ,2021-11-15,2025-03-13,"Türkiye, Antalya, Muratpaşa",$161.10,USD,thirty-five,Beauty & Personal Care,Budget
427,Erinçer Akar,erincer.akar427@outlok.com,+905249524399,2022-03-26,06-09-2026,İlkadım - Samsun - Türkiye,$395.12,USD,71,Home & Garden,Budget
5,Arş. Gör. Sıylıhan Akbaş Durmuş, ars.gor.siylihan.akbas.durmus5@example.com ,+90 596 965 32 87,2025-06-09,07-02-2025,Meram - Konya - Türkiye,$339.85,USD,66,Books,Budget
269,Dr. Asiman Şener Tevetoğlu, dr.asiman.sener.tevetoglu269@example.com ,+905424932189,"January 19, 2024",2026-05-30,"Türkiye, Bursa, Nilüfer",338 TL,TRY,fifty-two,Books,Regular
230,Koçak Soylu,kocak.soylu230@example.com,+90578077406,2024-04-22,03-27-2026,Antalya,312 TL,TRY,56,Sports & Outdoors,Budget
435,Türknur Beray Hançer Ertaş, turknur.beray.hancer.ertas435@example.com ,+90  530   505 05  73 ,07-19-2022,19/12/2025,"Türkiye, Malatya, Yeşilyurt",309 TL,TRY,49,Clothing,Regular
420,Av. Nevsale Birsan Şafak Akdeniz,av.nevsale.birsan.safak.akdeniz420@outlok.com,+90  532   630 39  75 ,"March 13, 2025",10-02-2025,"Türkiye, Malatya, Yeşilyurt",$178.75,USD, 35 ,Sports & Outdoors,Budget
288,Nüdret Ülker Çetin,nudret.ulker.cetin288@example.com,0539 174 10 11,2022-09-29,2025-12-24,Yakutiye - Erzurum - Türkiye,"315,65",,64,Electronics,Budget
216,Sonnur Çağlar Fırat Ergül,sonnur.caglar.firat.ergul216@outlok.com,+90  502   146 56  69 ,10-28-2024,2025-03-22,İlkadım - Samsun - Türkiye,270 TL,TRY,51,Toys & Games,Budget
63,Aykutalp Sakarya,aykutalp.sakarya63@example.com,+90 551 076 22 68,2022-01-01,05-28-2026,"Türkiye, Denizli, Pamukkale",$190.59,USD,32,Home & Garden,Regular
317,İnançlı Ülker,inancli.ulker317@gmial.com,+90575204565,2025-09-04,2025-11-04,"Antalya, Kepez",$191.97,USD,36,Beauty & Personal Care,Budget
109,Aköz Hançer,akoz.hancer109@outlok.com,+90548408611,04/01/2023,01/08/2025,"Türkiye, Manisa, Şehzadeler",₺126,TRY,27,Groceries,Budget
392,Asiman Akçay,asiman.akcay392@hotnail.com,0530 468 75 06,"November 09, 2024",06/04/2025,Yenimahalle - Ankara - Türkiye,₺190,TRY,39,Books,Budget
85,Kader Bilir, kader.bilir85@example.com ,0533 950 04 79,2022-04-13,05-05-2025,"Trabzon, Ortahisar","312,70",,61,Groceries,Regular
15,Nevsale Ürper Akar,nevsale.urper.akar15@gmial.com,+90  553   462 47  51 ,2025-11-23,12-05-2025,"Türkiye, İzmir",$293.21,USD,47,Sports & Outdoors,Regular
140,Dr. Gülşeref Umuşan Güçlü Çetin,dr.gulseref.umusan.guclu.cetin140@outlok.com,0564 814 91 77,01-31-2023,17/12/2025,İstanbul - Türkiye,220 TL,TRY,41,Beauty & Personal Care,Budget
203,Musaffa Akdeniz,musaffa.akdeniz203@gmial.com,+905411082996,08-20-2021,"August 04, 2025",Kocasinan - Kayseri - Türkiye,₺298,TRY,fifty-five,Toys & Games,Budget
31,İlklima Şafak, ilklima.safak31@example.com ,+905745299824,"May 05, 2025",25/01/2026,"Türkiye, Van, İpekyolu",₺283,TRY,55,Books,Budget
462,Ortak Ömür Duran Karadeniz,ortak.omur.duran.karadeniz462@example.com,+90514545635,06/09/2025,2025-10-04,Pamukkale - Denizli - Türkiye,132 TL,TRY, 29 ,Toys & Games,Budget
463,Tuğtaş Halidun Akgündüz,tugtas.halidun.akgunduz463@gmial.com,+90  553   474 91  62 ,2024-07-14,2025-12-05,Yenimahalle - Ankara - Türkiye,₺250,TRY,49,Electronics,Regular
424,Dr. Oymak Şener,dr.oymak.sener424@example.com,+905744897152,2021-12-09,27/03/2025,"Türkiye, Diyarbakır, Kayapınar",$273.78,USD,,Home & Garden,Budget
40,Uz. Servinaz Adila Gül,uz.servinaz.adila.gul40@example.com,+90 539 904 90 27,2023-01-15,10-16-2025,Kocasinan - Kayseri - Türkiye,"369,81",, 59 ,Toys & Games,Regular
383,Elvan Çisem Yorulmaz Zengin,elvan.cisem.yorulmaz.zengin383@example.com,+90 562 608 56 41,04-22-2025,28/06/2026,Üsküdar - İstanbul - Türkiye,140 TL,TRY,24,Home & Garden,Regular
192,Permun Akça Demirel, permun.akca.demirel192@example.com ,+90535893347,12-14-2024,2025-09-18,Meram - Konya - Türkiye,"297,91",,61,Electronics,Budget
89,Abdülhadi Ertaş,abdulhadi.ertas89@yaho.com,+905307562036,2023-02-19,2026-01-12,Şanlıurfa - Türkiye,₺384,TRY, 67 ,Clothing,Regular
76,Çev. Safinaz Çisem Ülker Demirel,cev.safinaz.cisem.ulker.demirel76@gmial.com,+90  516   169 28  45 ,2025-05-16,2025-09-17,Yeşilyurt - Malatya - Türkiye,"91,26",,23,Books,Budget
76,Çev. Safinaz Çisem Ülker Demirel, cev.safinaz.cisem.ulker.demirel76@example.com ,+90516169284,05-16-2025,2026-05-21,Yeşilyurt - Malatya - Türkiye,$94.86,USD,23,Toys & Games,Budget
57,Yrd. Doç. Duruk Abdülahat Erdoğan,yrd.doc.duruk.abdulahat.erdogan57@example.com,0552 904 22 84,"December 20, 2024","April 28, 2025","Türkiye, Mersin, Yenişehir",183 TL,TRY,25,Toys & Games,Regular
400,Özpetek Tevetoğlu, ozpetek.tevetoglu400@example.com ,+90 553 473 55 28,06-15-2022,05-05-2025,Ortahisar - Trabzon - Türkiye,$443.28,USD,,Books,Regular
98,Yaşattin Şama, yasattin.sama98@example.com ,+90 500 478 68 63,07-24-2024,04-01-2026,Pamukkale - Denizli - Türkiye,"237,17",,47,Books,Budget
97,Lezize Tevetoğlu,lezize.tevetoglu97@example.com,+90  539   106 51  80 ,24/07/2025,2026-03-11,"Erzurum, Yakutiye",$227.01,USD,forty-eight,Books,Budget
110,Aygönenç Neslinur Bilir Tarhan,aygonenc.neslinur.bilir.tarhan110@yaho.com,+90  554   615 67  93 ,01-15-2022,2026-04-07,"Manisa, Şehzadeler",₺156,TRY,32,Groceries,Budget
163,Fayize Demirel Bilir,fayize.demirel.bilir163@gmial.com,+90564679902,27/05/2024,28/03/2025,"Türkiye, İzmir",$212.04,USD, 43 ,Sports & Outdoors,Budget
460,Öğr. Hafıza Yaman Manço,ogr.hafiza.yaman.manco460@gmial.com,+905393312604,2024-11-14,06-29-2025,Nilüfer - Bursa - Türkiye,"197,70",,,Clothing,Regular
32,Nevsale Bilgin Yaman,nevsale.bilgin.yaman32@example.com,+90 506 716 57 26,12-17-2024,"October 02, 2025",Kocasinan - Kayseri,"400,44",,64,Electronics,Regular
184,Çağlasın Akdurmuş Akça, caglasin.akdurmus.akca184@example.com ,+90508993588,"May 31, 2025","January 27, 2026","Türkiye, Şanlıurfa, Eyyübiye",₺250,TRY,45,Home & Garden,Regular
187,Dr. Dilşat Durdu Akça, dr.dilsat.durdu.akca187@example.com ,+90 550 375 89 97,2021-12-06,25/06/2026,Şahinbey - Gaziantep - Türkiye,"363,23",,60,Sports & Outdoors,Regular
201,Şöhret Sezgin, sohret.sezgin201@example.com ,0555 231 49 13,2024-03-02,2025-12-28,"Türkiye, Konya",₺287,TRY,49,Books,Regular
222,Cemiyle Gülgüzel Arslan,cemiyle.gulguzel.arslan222@outlok.com,+90  534   795 52  76 ,07/10/2024,2025-01-28,"Türkiye, Konya, Meram",$406.03,USD,44,Sports & Outdoors,Premium
387,Bişar Ülker, bisar.ulker387@example.com ,0574 355 37 95,11-10-2025,"December 14, 2025",Nilüfer - Bursa - Türkiye,₺334,TRY,62,Electronics,Budget
75,Kaver İhsanoğlu Çetin,kaver.ihsanoglu.cetin75@outlok.com,0541 566 76 52,2023-03-02,2026-01-07,"Türkiye, Kayseri, Kocasinan","382,80",,62,Books,Regular
77,Uz. Gülev Arslan Bilir,uz.gulev.arslan.bilir77@example.com,+90 596 401 65 82,2025-10-10,2025-10-24,Kocasinan - Kayseri - Türkiye,$284.34,USD,27,Home & Garden,Premium
262,Muvaffak Avşin Hayrioğlu,muvaffak.avsin.hayrioglu262@outlok.com,+90545616814,2023-04-23,2025-11-01,"Türkiye, Ankara",$140.20,USD,,Books,Budget
274,Oliver İhsanoğlu,oliver.ihsanoglu274@example.com,+905566668427,03-03-2025,2026-06-24,"Türkiye, Ankara, Çankaya",199 TL,TRY,30,Electronics,Regular
35,Yrd. Doç. Banü Nurşan Kısakürek,yrd.doc.banu.nursan.kisakurek35@outlok.com,+90 557 444 31 35,"April 12, 2025",02-16-2026,Şehitkamil - Gaziantep - Türkiye,$378.39,USD,65,Sports & Outdoors,Regular
74,Burakhan Kasim Yılmaz, burakhan.kasim.yilmaz74@example.com ,+90 572 217 04 30,30/10/2024,2025-10-12,"Türkiye, Samsun, İlkadım",410 TL,TRY, 74 ,Groceries,Budget
478,İntihap Şafak,intihap.safak478@example.com,0552 366 87 88,10/03/2023,"April 12, 2025","Türkiye, Eskişehir","311,02",,52,Groceries,Regular
442,Arş. Gör. Fatinur Yorulmaz Dumanlı,ars.gor.fatinur.yorulmaz.dumanli442@hotnail.com,0530 276 42 08,2023-10-01,2025-09-12,"Türkiye, Manisa, Şehzadeler","254,61",,39,Groceries,Regular
475,Yasan Şehamet Fırat Akdeniz,yasan.sehamet.firat.akdeniz475@example.com,+90  562   543 61  72 ,"May 01, 2025",2025-10-27,"Türkiye, Bursa, Osmangazi",139 TL,TRY,thirty-two,Clothing,Budget
140,Dr. Gülşeref Umuşan Güçlü Çetin, dr.gulseref.umusan.guclu.cetin140@example.com ,+90548149177,31/01/2023,09/05/2025,"Türkiye, İstanbul, Üsküdar",$181.27,USD,41,Books,Budget
405,Günebakan İnönü,gunebakan.inonu405@yaho.com,0537 780 52 92,2024-03-27,2025-06-12,"Türkiye, Denizli, Pamukkale","354,00",,65,Sports & Outdoors,Budget
324,Sezal Kader Gül, sezal.kader.gul324@example.com ,+90556383615,2025-04-03,"May 05, 2026","Türkiye, Bursa, Nilüfer",₺220,TRY,47,Clothing,Budget
254,Çoğay Tarhan, cogay.tarhan254@example.com ,+90  509   949 99  39 ,24/08/2024,21/02/2025,"Türkiye, Antalya",194 TL,TRY, 32 ,Home & Garden,Regular
398,Karataş Seven, karatas.seven398@example.com ,+90524395003,11-02-2024,05-04-2026,Eyyübiye - Şanlıurfa - Türkiye,₺179,TRY, 36 ,Books,Budget
215,Öğr. Uğurtan Erbil Hançer,ogr.ugurtan.erbil.hancer215@gmial.com,0538 430 98 83,2022-07-02,06-22-2026,"Türkiye, Erzurum, Yakutiye",₺189,TRY, 28 ,Toys & Games,Regular
491,Dr. Dilcan Ticen Tevetoğlu Duran,dr.dilcan.ticen.tevetoglu.duran491@example.com,0546 296 13 67,13/03/2022,2025-01-15,"Türkiye, Antalya","126,81",, 23 ,Books,Budget
342,Aktemür Göken Soylu,aktemur.goken.soylu342@yaho.com,+908034864518,15/08/2024,21/03/2026,Kadıköy - İstanbul - Türkiye,385 TL,TRY,72,Electronics,Regular
491,Dr. Dilcan Ticen Tevetoğlu Duran, dr.dilcan.ticen.tevetoglu.duran491@example.com ,0546 296 13 67,2022-03-13,2025-05-16,"Antalya, Muratpaşa",₺123,TRY,23,Groceries,Budget
317,İnançlı Ülker,inancli.ulker317@yaho.com,+90  572   520 45  65 ,"September 04, 2025",02-14-2026,"Türkiye, Antalya, Kepez","182,03",,36,Books,Budget
373,Nurser Tevetoğlu,nurser.tevetoglu373@example.com,+90  548   926 73  89 ,25/06/2022,12/01/2025,İlkadım - Samsun - Türkiye,₺383,TRY,59,Beauty & Personal Care,Regular
28,Gülşa Şensoy,gulsa.sensoy28@example.com,+90543458122,08-26-2024,04-03-2026,"Türkiye, İzmir, Karşıyaka","267,98",,42,Toys & Games,Regular
63,Aykutalp Sakarya,aykutalp.sakarya63@example.com,+90  551   076 22  68 ,01-01-2022,09-04-2025,"Türkiye, Denizli, Pamukkale",₺202,TRY,32,Toys & Games,Regular
105,Arş. Gör. Salimet Övün Yılmaz Demir,ars.gor.salimet.ovun.yilmaz.demir105@example.com,+90  539   363 85  46 ,"May 03, 2023",2025-07-24,"Türkiye, Bursa, Osmangazi",330 TL,TRY, 52 ,Beauty & Personal Care,Regular
323,Gökçil Özertem Dumanlı, gokcil.ozertem.dumanli323@example.com ,+90 542 801 38 75,13/01/2022,"July 23, 2025","Türkiye, Konya, Selçuklu",₺312,TRY,55,Toys & Games,Budget
165,Zeyno Ertaş,zeyno.ertas165@example.com,+905082168628,2022-10-05,"November 05, 2025",Kocasinan - Kayseri - Türkiye,"110,54",,nineteen,Sports & Outdoors,Budget
132,Yeneral Ginyas Zorlu Hançer,yeneral.ginyas.zorlu.hancer132@hotnail.com,0512 604 22 32,17/12/2021,"December 28, 2025",Atakum - Samsun,"408,89",,38,Home & Garden,Premium
181,Çev. Bidayet Sirap Yıldırım,cev.bidayet.sirap.yildirim181@hotnail.com,+905300117721,30/07/2021,11/03/2025,"Türkiye, Şanlıurfa, Eyyübiye","263,27",,50,Home & Garden,Budget
42,Arş. Gör. Baba Bilge,ars.gor.baba.bilge42@example.com,+905742807154,02-19-2024,2026-05-27,"Türkiye, Eskişehir, Tepebaşı",214 TL,TRY,25,Home & Garden,New
171,Öğr. Durmuşali Esentürk Şafak,ogr.durmusali.esenturk.safak171@gmial.com,+90 574 466 60 99,2024-11-19,2025-03-15,"Türkiye, Kayseri","371,73",,39,Beauty & Personal Care,Premium
374,Servinaz Tülin Tevetoğlu,servinaz.tulin.tevetoglu374@example.com,+90534108628,"December 01, 2022","January 21, 2026",Atakum - Samsun - Türkiye,"156,33",,36,Electronics,Budget
4,Akdora Aygutalp Bilir,akdora.aygutalp.bilir4@yaho.com,+90  550   305 64  13 ,08/10/2022,2026-03-01,Erzurum,₺583,TRY,74,Books,Premium
448,Şahnuray Yorulmaz,sahnuray.yorulmaz448@example.com,+905440267146,01-20-2022,30/03/2026,"Türkiye, İzmir, Karşıyaka",$155.47,USD,27,Sports & Outdoors,Regular
105,Arş. Gör. Salimet Övün Yılmaz Demir,ars.gor.salimet.ovun.yilmaz.demir105@gmial.com,0539 363 85 46,03/05/2023,2025-08-14,"Türkiye, Bursa, Osmangazi",₺337,TRY,52,Beauty & Personal Care,Regular
37,Uraltay Gül,uraltay.gul37@hotnail.com,+905824018427,16/05/2025,2026-01-03,"Türkiye, Kayseri, Melikgazi","361,78",,73,Clothing,Budget
5,Arş. Gör. Sıylıhan Akbaş Durmuş,ars.gor.siylihan.akbas.durmus5@example.com,+905269653287,"June 09, 2025",2026-05-24,Konya - Türkiye,$336.37,USD,66,Sports & Outdoors,Budget
456,Mükrüme Alemdar Yaman,mukrume.alemdar.yaman456@example.com,+902313402665,2025-10-09,2025-11-02,İzmir - Türkiye,"181,98",, 28 ,Groceries,Regular
369,Okanay Yavuz Çamurcuoğlu Dumanlı, okanay.yavuz.camurcuoglu.dumanli369@example.com ,+90 552 137 60 37,13/01/2024,03/10/2025,"Türkiye, Antalya, Kepez",₺227,TRY,36,Toys & Games,Regular
361,Behrem Yılmaz, behrem.yilmaz361@example.com ,+90 549 956 41 22,"November 14, 2025",06-16-2026,"Trabzon, Ortahisar",$153.30,USD,30,Beauty & Personal Care,Budget
228,Öğr. Selcen Şama Akçay,ogr.selcen.sama.akcay228@hotnail.com,+90 562 202 34 13,2025-01-05,10-24-2025,"Türkiye, Samsun, Atakum","206,91",,43,Home & Garden,Budget
313,Sevgen Akdeniz, sevgen.akdeniz313@example.com ,+90  546   287 92  32 ,10-23-2023,04-24-2025,Meram - Konya - Türkiye,₺230,TRY,36,Home & Garden,Regular
59,Gürsal Arkut Zorlu,gursal.arkut.zorlu59@yaho.com,+90512499869,2022-12-22,2025-02-18,"Türkiye, Bursa, Nilüfer","227,70",,36,Home & Garden,Regular
427,Erinçer Akar, erincer.akar427@example.com ,+90 524 972 43 99,26/03/2022,20/09/2025,"Türkiye, Samsun",₺366,TRY,71,Toys & Games,Budget
31,İlklima Şafak,ilklima.safak31@example.com,+90574599124,05-05-2025,"May 16, 2025",İpekyolu - Van,295 TL,TRY,55,Groceries,Budget
217,Doç. Zümre Münezzer Ergül, doc.zumre.munezzer.ergul217@example.com ,+905376304268,"May 08, 2025",22/01/2026,Konak - İzmir - Türkiye,$285.94,USD,53,Home & Garden,Budget
2,Uz. Zamir Açıkel Tarhan, uz.zamir.acikel.tarhan2@example.com ,+90  516   184 95  93 ,"December 31, 2021",29/04/2025,Şahinbey - Gaziantep - Türkiye,₺114,TRY,twenty-two,Beauty & Personal Care,Budget
73,Koçak Akçay,kocak.akcay73@example.com,+90  546   095 39  62 ,23/03/2022,08/03/2026,"Türkiye, Gaziantep, Şahinbey","345,85",,60,Electronics,Budget
121,Necva Şensoy, necva.sensoy121@example.com ,0556 465 19 39,"November 21, 2022",02-25-2026,"Şanlıurfa, Eyyübiye",₺209,TRY,29,Beauty & Personal Care,Regular
336,Muvaffak Kanak Tarhan Korutürk,muvaffak.kanak.tarhan.koruturk336@outlok.com,+901489690835,"May 10, 2023",06/12/2025,Yeşilyurt - Malatya - Türkiye,"172,68",,27,Electronics,Budget
152,Bayan Çolpan Hurican Çamurcuoğlu Akdeniz, bayan.colpan.hurican.camurcuoglu.akdeniz152@example.com ,0504 078 59 32,"May 21, 2025",2025-10-21,"Manisa, Şehzadeler",192 TL,TRY,33,Home & Garden,Regular
321,Gürcüye Gülev Mansız Eraslan, gurcuye.gulev.mansiz.eraslan321@example.com ,+90  501   193 93  25 ,2025-10-14,30/11/2025,"Türkiye, Bursa, Nilüfer",116 TL,TRY,23,Electronics,Budget
12,Canseven Ergül Akdeniz,canseven.ergul.akdeniz12@hotnail.com,0531 781 08 01,21/09/2021,"January 19, 2025","Türkiye, Mersin, Toroslar",364 TL,TRY,72,Groceries,Budget
106,Uğurkan Akçay,ugurkan.akcay106@gmial.com,0558 771 75 35,"March 12, 2024",2025-11-13,"Türkiye, Kayseri",₺254,TRY,44,Clothing,Budget
499,Bayan Nürice Arsoy Eraslan,bayan.nurice.arsoy.eraslan499@example.com,+90 505 384 44 46,2022-03-05,"October 01, 2025","Türkiye, Denizli","183,20",,33,Toys & Games,Budget
324,Sezal Kader Gül, sezal.kader.gul324@example.com ,+905566383645,03/04/2025,2025-04-16,"Türkiye, Bursa, Nilüfer",$284.95,USD,47,Home & Garden,Budget
188,Nafii Sezer,nafii.sezer188@outlok.com,+90  510   272 61  49 ,11-06-2024,"April 24, 2025","Türkiye, Diyarbakır",$166.43,USD,thirty,Groceries,Budget
332,Berran İnönü,berran.inonu332@example.com,+908349114152,11-02-2025,2026-06-30,"Gaziantep, Şahinbey",₺298,TRY,52,Beauty & Personal Care,Budget
344,Kerman Ertaş,kerman.ertas344@outlok.com,+90 502 720 63 45,"September 20, 2022",10-01-2025,"Türkiye, Ankara, Keçiören",90 TL,TRY, 23 ,Clothing,Budget
11,Ceyhun Çorlu, ceyhun.corlu11@example.com ,0510 651 33 38,2023-06-08,01/12/2025,Yenimahalle - Ankara - Türkiye,"160,55",, 26 ,Beauty & Personal Care,Regular
227,Dr. Akyıldız Durdu Arslan, dr.akyildiz.durdu.arslan227@example.com ,0553 554 49 64,"June 15, 2023",2025-05-22,Konak - İzmir - Türkiye,₺549,TRY, 67 ,Books,Premium
343,Aytek Elöve Akgündüz Duran, aytek.elove.akgunduz.duran343@example.com ,+90  544   134 32  75 ,08-25-2021,10-14-2025,"Türkiye, İstanbul, Şişli","401,66",, 59 ,Home & Garden,Regular
209,Narhanim Aslan,narhanim.aslan209@yaho.com,0502 428 69 90,30/11/2021,03-16-2026,"Türkiye, Bursa, Osmangazi","383,64",,64,Clothing,Regular
334,Çolpan Arsoy Çorlu,colpan.arsoy.corlu334@outlok.com,0534 404 96 39,10-13-2021,01-09-2025,Karşıyaka - İzmir - Türkiye,₺307,TRY,23,Toys & Games,Premium
12,Canseven Ergül Akdeniz,canseven.ergul.akdeniz12@yaho.com,+90317810801,2021-09-21,11-16-2025,Toroslar - Mersin - Türkiye,389 TL,TRY,72,Clothing,Budget
113,Prof. Ürfettin Akçay,prof.urfettin.akcay113@example.com,+90  542   939 68  56 ,"September 17, 2021",02-15-2025,"Türkiye, Trabzon, Ortahisar","353,47",,sixty-five,Home & Garden,Budget
489,Dr. Mahter Havse Hançer,dr.mahter.havse.hancer489@example.com,+90  505   466 92  75 ,2023-01-28,23/01/2025,"Türkiye, Van, İpekyolu","416,05",,72,Books,Regular
355,Argu Karadeniz,argu.karadeniz355@example.com,+90 501 896 16 42,"August 08, 2024",2025-02-24,"Türkiye, Ankara, Yenimahalle",568 TL,TRY,67,Beauty & Personal Care,Premium
59,Gürsal Arkut Zorlu, gursal.arkut.zorlu59@example.com ,+90  512   499 85  69 ,12-22-2022,26/01/2025,Nilüfer - Bursa - Türkiye,₺196,TRY,36,Clothing,Regular
263,Muvahhide Demir,muvahhide.demir263@gmial.com,+90507136605,12-27-2023,2025-10-14,"Türkiye, Mersin","486,77",,53,Home & Garden,Premium
203,Musaffa Akdeniz, musaffa.akdeniz203@example.com ,+90 541 108 09 96,2021-08-20,2025-01-09,Kocasinan - Kayseri - Türkiye,₺303,TRY,55,Clothing,Budget
160,Hasret Kumral Şama, hasret.kumral.sama160@example.com ,+90  534   902 11  58 ,2023-08-18,20/04/2026,"Türkiye, Adana, Çukurova",393 TL,TRY,66,Clothing,Regular
446,Öğr. Yazgül Yasemen Mansız Aksu, ogr.yazgul.yasemen.mansiz.aksu446@example.com ,+90549267649,31/03/2025,25/03/2026,"Türkiye, Gaziantep, Şahinbey",$97.13,USD,24,Sports & Outdoors,Budget
468,Seniha Hasgül Duran,seniha.hasgul.duran468@gmial.com,+905434481330,2022-12-16,06-25-2026,Yeşilyurt - Malatya - Türkiye,"163,91",,33,Clothing,Budget
401,Alkor Manço, alkor.manco401@example.com ,0553 042 89 73,2021-11-14,12-13-2025,İzmir - Türkiye,$340.38,USD, 23 ,Electronics,Premium
341,Doç. Menişan Rehime Demir Yaman,doc.menisan.rehime.demir.yaman341@gmial.com,+90 558 673 42 57,12-08-2021,2025-12-13,"Türkiye, Samsun, İlkadım",$376.42,USD,41,Sports & Outdoors,Premium
238,Teber Bilir,teber.bilir238@example.com,+905585556593,2022-10-16,28/07/2025,"Türkiye, Mersin, Yenişehir","287,80",,52,Electronics,Budget
415,Benek Permun Bilge Korutürk,benek.permun.bilge.koruturk415@example.com,+905090663353,29/10/2024,2026-03-12,"Türkiye, Ankara, Yenimahalle",₺111,TRY,23,Beauty & Personal Care,Budget
171,Öğr. Durmuşali Esentürk Şafak,ogr.durmusali.esenturk.safak171@example.com,+90574466699,11-19-2024,01/06/2025,"Türkiye, Kayseri",381 TL,TRY,39,Toys & Games,Premium
110,Aygönenç Neslinur Bilir Tarhan,aygonenc.neslinur.bilir.tarhan110@hotnail.com,+90554615679,2022-01-15,03/07/2025,Şehzadeler - Manisa - Türkiye,₺159,TRY,32,Clothing,Budget
36,Arş. Gör. Hüda Çağlar Bilge Akça, ars.gor.huda.caglar.bilge.akca36@example.com ,+901374989413,15/04/2024,08-04-2025,Seyhan - Adana - Türkiye,197 TL,TRY,thirty-two,Beauty & Personal Care,Regular
2,Uz. Zamir Açıkel Tarhan, uz.zamir.acikel.tarhan2@example.com ,+90516149593,31/12/2021,11/01/2025,Şahinbey - Gaziantep - Türkiye,"108,51",,22,Home & Garden,Budget
262,Muvaffak Avşin Hayrioğlu,muvaffak.avsin.hayrioglu262@outlok.com,+90545566814,04-23-2023,"October 28, 2025","Türkiye, Ankara, Çankaya","120,06",,26,Electronics,Budget
173,Firdevis Karadeniz Ertaş,firdevis.karadeniz.ertas173@gmial.com,0551 353 46 55,06-27-2024,12-02-2025,Yakutiye - Erzurum - Türkiye,$313.28,USD,55,Electronics,Budget
262,Muvaffak Avşin Hayrioğlu,muvaffak.avsin.hayrioglu262@example.com,0545 561 68 14,04-23-2023,2025-06-06,"Türkiye, Ankara, Çankaya","147,04",,26,Beauty & Personal Care,Budget
107,Sancak Türk, sancak.turk107@example.com ,+90 504 899 64 23,06/02/2024,08/10/2025,Şahinbey - Gaziantep - Türkiye,$179.92,USD,32,Groceries,Regular
402,Prof. Tartış Yorulmaz, prof.tartis.yorulmaz402@example.com ,0555 877 74 96,2022-05-16,10-19-2025,"Türkiye, Manisa","418,22",,68,Home & Garden,Regular
306,Uz. Cannur Çorlu,uz.cannur.corlu306@example.com,+90  556   955 79  88 ,2023-06-15,2026-01-15,"Türkiye, Şanlıurfa, Eyyübiye",237 TL,TRY,47,Electronics,Budget
68,Uz. Sadiye Gülbiye Aslan Ertaş, uz.sadiye.gulbiye.aslan.ertas68@example.com ,+90 551 518 64 49,2025-02-08,2025-03-19,Odunpazarı - Eskişehir - Türkiye,$220.79,USD,39,Electronics,Budget
49,Atilhan Gül,atilhan.gul49@yaho.com,0574 821 75 94,2022-05-14,16/12/2025,"Türkiye, Malatya, Yeşilyurt","256,58",,forty-five,Toys & Games,Regular
115,Prof. Huban Kerime Aksu, prof.huban.kerime.aksu115@example.com ,+90 547 735 86 62,02-19-2022,2025-11-26,Odunpazarı - Eskişehir - Türkiye,"351,43",,fifty-five,Sports & Outdoors,Regular
291,Cemiyle Bilge,cemiyle.bilge291@hotnail.com,+90  502   707 90  32 ,2025-11-13,24/11/2025,"Türkiye, Kayseri, Kocasinan",₺178,TRY,29,Clothing,Regular
365,Prof. Nevsale Uğur Zengin Sakarya,prof.nevsale.ugur.zengin.sakarya365@hotnail.com,0506 958 14 67,04-17-2025,2026-05-17,Keçiören - Ankara - Türkiye,₺302,TRY, 49 ,Electronics,Regular
392,Asiman Akçay, asiman.akcay392@example.com ,+905304657506,2024-11-09,16/01/2025,"Türkiye, Ankara, Yenimahalle",197 TL,TRY,39,Home & Garden,Budget
139,Seçgül Dumanlı, secgul.dumanli139@example.com ,+90558842524,2021-11-02,2025-09-21,"Türkiye, İzmir, Bornova","414,28",,74,Beauty & Personal Care,Budget
266,Dr. Selime İnönü Yorulmaz,dr.selime.inonu.yorulmaz266@example.com,0582 357 84 52,08-20-2021,2026-04-24,Çukurova - Adana - Türkiye,393 TL,TRY,73,Electronics,Budget
250,Rahiye Kumral Zorlu,rahiye.kumral.zorlu250@yaho.com,+90 532 562 16 89,"June 10, 2022",07-12-2025,İstanbul - Türkiye,292 TL,TRY,61,Beauty & Personal Care,Budget
165,Zeyno Ertaş, zeyno.ertas165@example.com ,0508 214 86 28,05/10/2022,2026-01-20,Kocasinan - Kayseri - Türkiye,$83.02,USD,nineteen,Beauty & Personal Care,Budget
67,Erdursun Dalkılıç Akar Duran, erdursun.dalkilic.akar.duran67@example.com ,+905073359782,08-08-2025,26/11/2025,"Eskişehir, Odunpazarı","242,84",, 46 ,Books,Budget
325,Aybora Çamurcuoğlu, aybora.camurcuoglu325@example.com ,+90 554 801 57 16,05-11-2024,"June 20, 2025","Türkiye, Antalya",291 TL,TRY,47,Beauty & Personal Care,Regular
165,Zeyno Ertaş, zeyno.ertas165@example.com ,+905582148628,10-05-2022,01-13-2025,"Türkiye, Kayseri","87,40",,19,Books,Budget
453,Hiçsönmez Hançer,hicsonmez.hancer453@example.com,+905097213215,2025-03-14,"May 07, 2025","Türkiye, Gaziantep, Şehitkamil",$340.25,USD,50,Toys & Games,Regular
110,Aygönenç Neslinur Bilir Tarhan, aygonenc.neslinur.bilir.tarhan110@example.com ,+90  554   615 67  93 ,2022-01-15,2025-12-13,Şehzadeler - Manisa - Türkiye,"164,96",,32,Groceries,Budget
79,Çakırca Gücal Yorulmaz,cakirca.gucal.yorulmaz79@gmial.com,+90 547 394 73 12,14/07/2025,2025-10-10,Osmangazi - Bursa - Türkiye,234 TL,TRY,46,Books,Budget
418,Yrd. Doç. Rana Rümeysa Arslan,yrd.doc.rana.rumeysa.arslan418@outlok.com,+90013649718,10-04-2022,09/03/2025,"Türkiye, Mersin, Toroslar","154,40",,28,Home & Garden,Budget
126,Okt. Minibe Seblâ Tevetoğlu,okt.minibe.sebl.tevetoglu126@hotnail.com,0541 918 25 53,20/05/2023,05-12-2025,"Konya, Selçuklu",$125.23,USD,25,Home & Garden,Budget
21,Tanbay Şener,tanbay.sener21@hotnail.com,+90  542   940 19  65 ,11/11/2021,2025-09-17,"Türkiye, İstanbul, Kadıköy",₺367,TRY,68,Sports & Outdoors,Budget
208,Hürdoğan Sezgin, hurdogan.sezgin208@example.com ,+90543222913,2023-08-16,2025-01-30,Eyyübiye - Şanlıurfa - Türkiye,₺390,TRY,69,Groceries,Budget
36,Arş. Gör. Hüda Çağlar Bilge Akça, ars.gor.huda.caglar.bilge.akca36@example.com ,0537 498 94 13,2024-04-15,2025-03-25,"Türkiye, Adana, Seyhan","207,23",, 32 ,Books,Regular
153,Mücellib Bektaşi Sezgin Ertaş,mucellib.bektasi.sezgin.ertas153@example.com,+90  539   652 23  95 ,"October 23, 2021",08-26-2025,Yenişehir - Mersin - Türkiye,₺349,TRY,62,Sports & Outdoors,Regular
268,Ferihan Dumanlı, ferihan.dumanli268@example.com ,+905536448571,"June 02, 2024",2025-12-07,Bornova - İzmir - Türkiye,₺171,TRY,27,Sports & Outdoors,Budget
214,Aygutalp Arslan, aygutalp.arslan214@example.com ,+90562137138,2023-09-14,01-06-2025,Kocasinan - Kayseri - Türkiye,₺366,TRY,68,Books,Budget
351,Zinnure Neval Yorulmaz Gülen,zinnure.neval.yorulmaz.gulen351@example.com,0545 644 94 85,07-04-2023,24/11/2025,"Türkiye, Antalya, Kepez",$400.37,USD, 75 ,Sports & Outdoors,Budget
289,Okyalaz Türk,okyalaz.turk289@example.com,0572 006 42 56,2022-09-23,04-29-2026,Kayapınar - Diyarbakır - Türkiye,"117,12",,18,Clothing,Regular
24,Dr. Günkurt Şanlı Öcalan, dr.gunkurt.sanli.ocalan24@example.com ,+905436995775,02-28-2022,12-10-2025,"Türkiye, İstanbul, Üsküdar","218,13",,31,Electronics,Regular
74,Burakhan Kasim Yılmaz, burakhan.kasim.yilmaz74@example.com ,0572 217 04 30,"October 30, 2024",2025-05-29,İlkadım - Samsun,$362.69,USD,74,Toys & Games,Budget
236,İncifir Sanavber Hançer, incifir.sanavber.hancer236@example.com ,0535 186 38 78,2025-01-31,30/07/2025,Eyyübiye - Şanlıurfa - Türkiye,306 TL,TRY,57,Sports & Outdoors,Budget
285,Veis Yüksel, veis.yuksel285@example.com ,0509 109 39 11,19/06/2025,20/02/2026,"Türkiye, Konya, Selçuklu",454 TL,TRY,72,Sports & Outdoors,Regular
483,Eşim Yaman,esim.yaman483@example.com,+905391115950,2024-08-09,08-13-2025,Yakutiye - Erzurum - Türkiye,"185,99",,36,Home & Garden,Budget
306,Uz. Cannur Çorlu,uz.cannur.corlu306@example.com,+905569557938,06-15-2023,2026-01-19,"Türkiye, Şanlıurfa, Eyyübiye",$234.11,USD,47,Clothing,Budget
436,Bayan Açılay Nili Karadeniz Arslan,bayan.acilay.nili.karadeniz.arslan436@example.com,0556 716 49 32,2023-01-12,2025-07-02,"Türkiye, Manisa, Şehzadeler",₺431,TRY,74,Clothing,Regular
390,Av. Övün Şilan Tarhan,av.ovun.silan.tarhan390@example.com,+90 537 504 79 30,11-06-2024,02/05/2026,Melikgazi - Kayseri - Türkiye,₺413,TRY,70,Home & Garden,Regular
432,Fatinur Dumanlı,fatinur.dumanli432@example.com,+90 510 040 90 13,08/01/2023,"May 23, 2025",Eyyübiye - Şanlıurfa - Türkiye,"345,70",,68,Electronics,Budget
338,Deryanur Hasgül Güçlü Yıldırım, deryanur.hasgul.guclu.yildirim338@example.com ,+905070015943,2023-09-01,02/04/2025,"Türkiye, Mersin, Yenişehir",460 TL,TRY, 75 ,Home & Garden,Regular
207,Gülbeyan Soylu,gulbeyan.soylu207@example.com,+905591846326,21/12/2023,17/11/2025,"Türkiye, Eskişehir","573,31",,70,Sports & Outdoors,Premium
43,Türknur Şennur Akar, turknur.sennur.akar43@example.com ,+90  510   932 48  08 ,"August 30, 2023",09-01-2025,"Türkiye, Trabzon, Ortahisar",131 TL,TRY,23,Clothing,Budget
131,Minibe Ülker,minibe.ulker131@example.com,+905995962923,2024-10-15,"April 01, 2026","Türkiye, Bursa, Nilüfer","359,47",, 69 ,Beauty & Personal Care,Budget
262,Muvaffak Avşin Hayrioğlu,muvaffak.avsin.hayrioglu262@example.com,0545 561 68 14,2023-04-23,2025-06-09,"Türkiye, Ankara, Çankaya",₺124,TRY,26,Home & Garden,Budget
317,İnançlı Ülker,inancli.ulker317@outlok.com,+90572524565,04/09/2025,2026-02-06,"Türkiye, Antalya","173,52",, 36 ,Groceries,Budget
316,Ümray Mehdiye Sezer Arslan,umray.mehdiye.sezer.arslan316@example.com,0596 471 58 90,"June 29, 2024","October 05, 2025","Türkiye, Van, İpekyolu",191 TL,TRY,28,Beauty & Personal Care,Regular
440,Muktedir Ünübol Durdu, muktedir.unubol.durdu440@example.com ,+90509836655,02-20-2022,2026-02-26,"Türkiye, Trabzon, Ortahisar",₺339,TRY,sixty-eight,Books,Budget
293,Kürşad Bilge,kursad.bilge293@example.com,+90532487639,01-26-2022,11/03/2026,"Türkiye, Şanlıurfa",130 TL,TRY,twenty,Home & Garden,Regular
322,Tekecan Sakarya,tekecan.sakarya322@gmial.com,+90552898911,2022-09-15,2026-03-23,Mersin - Türkiye,₺353,TRY,66,Sports & Outdoors,Budget
344,Kerman Ertaş,kerman.ertas344@outlok.com,0502 720 63 45,09-20-2022,2025-08-12,Keçiören - Ankara,103 TL,TRY,23,Beauty & Personal Care,Budget
382,Mengi Sakarya,mengi.sakarya382@gmial.com,+90543397189,"September 12, 2023",07/10/2025,"Ankara, Yenimahalle",261 TL,TRY,55,Clothing,Budget
315,Dr. Havali Kısakürek Durdu,dr.havali.kisakurek.durdu315@outlok.com,+905462770147,"July 29, 2025",27/04/2026,Eyyübiye - Şanlıurfa,490 TL,TRY,56,Home & Garden,Premium
44,Karaer İnönü, karaer.inonu44@example.com ,+905127434677,07-31-2024,03-07-2026,"Türkiye, Bursa, Osmangazi",$304.43,USD,47,Clothing,Regular
309,Sevim Eraslan,sevim.eraslan309@yaho.com,+90 557 828 41 06,2023-02-24,"March 11, 2026",İlkadım - Samsun - Türkiye,₺381,TRY,67,Beauty & Personal Care,Budget
378,Ruhugül Gül Sakarya,ruhugul.gul.sakarya378@example.com,+90502851911,2023-11-17,"July 23, 2025","Türkiye, Diyarbakır, Kayapınar",$342.34,USD,54,Groceries,Budget
161,Zeride Çorlu,zeride.corlu161@example.com,0516 089 89 92,04-10-2025,2026-05-27,Yakutiye - Erzurum - Türkiye,$417.68,USD,66,Toys & Games,Regular
94,Şevketfeza Yosma Yılmaz,sevketfeza.yosma.yilmaz94@example.com,+90520672400,2024-04-10,04-23-2026,Çankaya - Ankara - Türkiye,"319,45",,54,Beauty & Personal Care,Regular
159,Çev. Meşhur Asalet Demirel,cev.meshur.asalet.demirel159@yaho.com,+90 541 714 67 74,09/06/2025,2025-10-30,"Türkiye, Bursa",345 TL,TRY,59,Electronics,Regular
312,Okt. İmrihan Melikkan Şener Şafak,okt.imrihan.melikkan.sener.safak312@gmial.com,0537 674 26 62,2022-08-28,2026-03-05,Diyarbakır - Türkiye,"278,30",,56,Home & Garden,Budget
473,Ayülker Şensoy,ayulker.sensoy473@outlok.com,+901010023142,06-07-2022,2026-04-23,"Türkiye, Gaziantep",277 TL,TRY, 56 ,Toys & Games,Budget
92,Behiza Hezniye Arsoy Arslan,behiza.hezniye.arsoy.arslan92@example.com,+90530165120,11-11-2022,"January 29, 2025","Mersin, Toroslar",₺176,TRY,28,Toys & Games,Regular
25,Eflâtun İlgi Türk,efltun.ilgi.turk25@outlok.com,+905480513433,2025-02-14,19/10/2025,"Türkiye, Adana","82,69",,19,Home & Garden,Budget
215,Öğr. Uğurtan Erbil Hançer,ogr.ugurtan.erbil.hancer215@gmial.com,+90  538   430 98  83 ,"July 02, 2022","June 26, 2026","Türkiye, Erzurum","201,74",,28,Sports & Outdoors,Regular
108,İldeş Çalım Manço Şafak,ildes.calim.manco.safak108@example.com,+90  500   623 12  03 ,2023-02-11,02-23-2026,Şehitkamil - Gaziantep - Türkiye,$286.59,USD,47,Electronics,Regular
110,Aygönenç Neslinur Bilir Tarhan, aygonenc.neslinur.bilir.tarhan110@example.com ,+905546156093,2022-01-15,2025-07-13,"Türkiye, Manisa, Şehzadeler","141,39",,32,Toys & Games,Budget
465,Buhari Akçay,buhari.akcay465@outlok.com,+905961529109,04-12-2022,01-23-2025,"Türkiye, Mersin, Yenişehir",384 TL,TRY,70,Groceries,Budget
55,Dr. Hoşkadem Hadrey Erdoğan Şama,dr.hoskadem.hadrey.erdogan.sama55@outlok.com,0512 004 71 13,08/12/2022,2025-07-28,Kocasinan - Kayseri - Türkiye,₺207,TRY,26,Clothing,Regular
25,Eflâtun İlgi Türk,efltun.ilgi.turk25@hotnail.com,0548 951 34 33,2025-02-14,2025-04-24,"Türkiye, Adana",$109.83,USD,19,Groceries,Budget
195,Özpınar Selâtin Çetin Türk, ozpinar.seltin.cetin.turk195@example.com ,+90573993056,2025-04-24,2025-12-23,"İstanbul, Kadıköy",203 TL,TRY,42,Sports & Outdoors,Budget
253,Aydinç Bilgin,aydinc.bilgin253@outlok.com,+90  552   056 64  74 ,"February 04, 2025",25/07/2025,"Bursa, Nilüfer",$361.04,USD,67,Electronics,Budget
76,Çev. Safinaz Çisem Ülker Demirel, cev.safinaz.cisem.ulker.demirel76@example.com ,+90516169845,"May 16, 2025",2025-12-26,Yeşilyurt - Malatya - Türkiye,"130,83",,23,Beauty & Personal Care,Budget
396,Belgizar Manço Korutürk,belgizar.manco.koruturk396@outlok.com,+90109193928,2024-07-06,"June 06, 2025",Nilüfer - Bursa - Türkiye,"208,54",,40,Groceries,Regular
25,Eflâtun İlgi Türk,efltun.ilgi.turk25@example.com,+90 548 951 34 33,"February 14, 2025",05-04-2025,Adana - Türkiye,$73.74,USD, 19 ,Books,Budget
177,Uz. Sevsevil Gülbeyan Yorulmaz, uz.sevsevil.gulbeyan.yorulmaz177@example.com ,+905044789756,05/02/2022,2026-03-06,"Türkiye, Adana",₺129,TRY,26,Clothing,Budget
349,Günsel Selvi Dumanlı Akça, gunsel.selvi.dumanli.akca349@example.com ,+90 553 759 90 04,13/02/2023,05-02-2025,"Türkiye, Trabzon, Ortahisar",$324.88,USD,57,Clothing,Regular
393,Mevlüdiye Çamurcuoğlu,mevludiye.camurcuoglu393@hotnail.com,0536 133 25 41,06-09-2022,"April 01, 2026",İpekyolu - Van - Türkiye,₺280,TRY,fifty-eight,Beauty & Personal Care,Budget
10,Ferahdiba Bilir, ferahdiba.bilir10@example.com ,+905356311656,"August 24, 2023",2025-05-11,İpekyolu - Van,415 TL,TRY,47,Groceries,Premium
45,Arş. Gör. Özakan İhsanoğlu,ars.gor.ozakan.ihsanoglu45@example.com,+90  504   499 72  78 ,27/03/2023,27/03/2025,"Türkiye, Trabzon, Ortahisar",259 TL,TRY,40,Clothing,Budget
261,Çev. Rabbiye Alemdar İnönü,cev.rabbiye.alemdar.inonu261@hotnail.com,0562 249 99 82,25/05/2023,2025-01-17,Yakutiye - Erzurum - Türkiye,₺392,TRY,65,Electronics,Regular
179,Muvaffak Hayrioğlu,muvaffak.hayrioglu179@hotnail.com,+90564890900,05/09/2025,10-14-2025,İlkadım - Samsun - Türkiye,"352,34",,62,Clothing,Budget
486,Öğr. Şöhret Yılmaz Akçay, ogr.sohret.yilmaz.akcay486@example.com ,0559 606 33 99,07-12-2025,2025-07-29,"Türkiye, Malatya, Yeşilyurt","173,33",, 27 ,Beauty & Personal Care,Regular
195,Özpınar Selâtin Çetin Türk,ozpinar.seltin.cetin.turk195@hotnail.com,+90573993056,24/04/2025,08-05-2025,"Türkiye, İstanbul, Kadıköy","219,41",, 42 ,Home & Garden,Budget
307,Hazine Soylu Çamurcuoğlu, hazine.soylu.camurcuoglu307@example.com ,0524 375 40 25,05-09-2024,2025-07-23,Kepez - Antalya - Türkiye,292 TL,TRY,47,Books,New
146,Möhsim Seven, mohsim.seven146@example.com ,+905553431329,2025-05-03,2025-06-09,İzmir - Türkiye,$115.71,USD,27,Groceries,Budget
483,Eşim Yaman, esim.yaman483@example.com ,+90  534   111 59  50 ,2024-08-09,2025-07-14,"Türkiye, Erzurum, Yakutiye",217 TL,TRY, 36 ,Books,Budget
139,Seçgül Dumanlı,secgul.dumanli139@hotnail.com,+90  575   884 25  24 ,02/11/2021,19/12/2025,"Türkiye, İzmir, Bornova",392 TL,TRY,74,Beauty & Personal Care,Budget
413,Uz. Kavurt Duran,uz.kavurt.duran413@yaho.com,+90  500   412 57  77 ,"July 26, 2025",03-03-2026,"Türkiye, Trabzon","147,98",,23,Sports & Outdoors,Regular
391,Tanbay İhsanoğlu, tanbay.ihsanoglu391@example.com ,+90  506   056 64  18 ,2023-05-02,2025-08-15,Osmangazi - Bursa - Türkiye,"289,28",,49,Clothing,Regular
146,Möhsim Seven, mohsim.seven146@example.com ,0555 743 13 29,03/05/2025,"August 16, 2025",Karşıyaka - İzmir,"135,06",,27,Clothing,Budget
143,Dr. Gönen Ebuakil Sezgin, dr.gonen.ebuakil.sezgin143@example.com ,+90501744518,"May 22, 2023","February 24, 2025",Tepebaşı - Eskişehir - Türkiye,"143,62",,eighteen,Electronics,Regular
349,Günsel Selvi Dumanlı Akça, gunsel.selvi.dumanli.akca349@example.com ,+905535599004,2023-02-13,"February 25, 2025",Ortahisar - Trabzon - Türkiye,317 TL,TRY,57,Clothing,Regular
72,Uz. Köker Nurullah Güçlü, uz.koker.nurullah.guclu72@example.com ,0536 971 17 98,"November 09, 2025",15/06/2026,"Türkiye, Diyarbakır",$381.70,USD,58,Groceries,Regular
80,Sittik Nevsal Zorlu,sittik.nevsal.zorlu80@example.com,0555 188 44 22,"December 03, 2023","April 27, 2026",Kayapınar - Diyarbakır - Türkiye,$243.37,USD,fifty,Clothing,Budget
450,Sağıt Umman Kısakürek Arslan,sagit.umman.kisakurek.arslan450@example.com,0510 256 25 88,2022-08-13,2025-06-25,"Türkiye, İstanbul, Beşiktaş",₺589,TRY,74,Sports & Outdoors,Premium
241,Kösemen Dumanlı, kosemen.dumanli241@example.com ,0552 245 93 34,04-06-2024,2025-04-25,Keçiören - Ankara - Türkiye,₺149,TRY,23,Beauty & Personal Care,Regular
398,Karataş Seven,karatas.seven398@example.com,+90 524 739 50 03,"November 02, 2024",2025-03-12,"Şanlıurfa, Eyyübiye",$186.75,USD,36,Sports & Outdoors,Budget
374,Servinaz Tülin Tevetoğlu, servinaz.tulin.tevetoglu374@example.com ,+90534108628,2022-12-01,2025-11-24,"Türkiye, Samsun, Atakum",$156.19,USD, 36 ,Home & Garden,Budget
232,Binışık Bilgütay Sezgin,binisik.bilgutay.sezgin232@example.com,+905484631220,2025-04-30,06-09-2026,Gaziantep,$362.90,USD,58,Clothing,Regular
280,Fazul Gül,fazul.gul280@gmial.com,0547 128 14 42,2022-06-30,2026-02-03,"Türkiye, Manisa",$191.52,USD,35,Groceries,Budget
368,Av. Rafia Şafak Tarhan,av.rafia.safak.tarhan368@outlok.com,0512 135 24 78,26/02/2023,"April 14, 2025",Keçiören - Ankara - Türkiye,$539.61,USD,64,Home & Garden,Premium
97,Lezize Tevetoğlu,lezize.tevetoglu97@example.com,0539 106 51 80,2025-07-24,23/08/2025,Yakutiye - Erzurum - Türkiye,262 TL,TRY,48,Books,Budget
468,Seniha Hasgül Duran,seniha.hasgul.duran468@yaho.com,+90 543 448 12 30,"December 16, 2022",12-08-2025,Yeşilyurt - Malatya - Türkiye,"174,45",, 33 ,Clothing,Budget
56,Soykut Durmuş,soykut.durmus56@example.com,+90  553   773 51  58 ,2022-05-02,08-18-2025,"Türkiye, Samsun, Atakum",₺201,TRY,40,Clothing,Budget
397,Aydinç Korutürk, aydinc.koruturk397@example.com ,+90 538 806 53 33,25/07/2025,2026-02-17,"Türkiye, Manisa, Şehzadeler","179,37",, 39 ,Electronics,Budget
435,Türknur Beray Hançer Ertaş,turknur.beray.hancer.ertas435@example.com,+90  530   505 05  73 ,19/07/2022,"September 28, 2025",Yeşilyurt - Malatya - Türkiye,$304.15,USD,49,Electronics,Regular
125,Ayduru Sakarya, ayduru.sakarya125@example.com ,+90  562   266 09  37 ,08-18-2022,08-25-2025,Kayapınar - Diyarbakır - Türkiye,"283,37",,45,Home & Garden,Regular
304,Filit Idık Arsoy,filit.idik.arsoy304@example.com,0548 640 15 57,2023-03-23,02-10-2026,"Türkiye, Eskişehir, Tepebaşı",313 TL,TRY, 50 ,Groceries,Regular
379,Salimet Hayrioğlu, salimet.hayrioglu379@example.com ,+905018511679,18/03/2024,26/02/2025,"Malatya, Yeşilyurt",311 TL,TRY,54,Sports & Outdoors,Regular
24,Dr. Günkurt Şanlı Öcalan, dr.gunkurt.sanli.ocalan24@example.com ,+90 543 699 57 77,02-28-2022,2025-03-09,"Türkiye, İstanbul, Üsküdar",$189.48,USD,31,Clothing,Regular
315,Dr. Havali Kısakürek Durdu,dr.havali.kisakurek.durdu315@example.com,+90 546 273 01 47,"July 29, 2025","September 11, 2025",Eyyübiye - Şanlıurfa - Türkiye,₺470,TRY,56,Beauty & Personal Care,Premium
269,Dr. Asiman Şener Tevetoğlu,dr.asiman.sener.tevetoglu269@example.com,+90 542 493 21 49,"January 19, 2024","June 26, 2026",Nilüfer - Bursa - Türkiye,₺305,TRY,fifty-two,Electronics,Regular
41,Tomurcuk İnönü, tomurcuk.inonu41@example.com ,+90 596 717 56 55,03-11-2022,2026-04-02,Mersin,₺310,TRY,24,Home & Garden,Premium
200,Sevim Fayize Şafak Akçay, sevim.fayize.safak.akcay200@example.com ,+90  512   908 78  14 ,"March 08, 2022",05-20-2026,"Türkiye, Samsun, İlkadım",₺90,TRY,22,Sports & Outdoors,Budget
423,Nalân Güverçin Şama,naln.guvercin.sama423@example.com,+90  506   614 98  28 ,"November 15, 2021",18/06/2025,"Türkiye, Diyarbakır, Kayapınar",$149.69,USD,29,Groceries,Budget
39,Dilfeza Arslan,dilfeza.arslan39@example.com,0532 421 02 49,01/10/2021,2025-01-21,Kocasinan - Kayseri - Türkiye,"428,55",,70,Books,Regular
431,Dr. Özge Musaffa Bilge Şener,dr.ozge.musaffa.bilge.sener431@example.com,+90  512   141 61  41 ,01-12-2024,10/10/2025,"Türkiye, Diyarbakır, Kayapınar",₺145,TRY, 19 ,Beauty & Personal Care,Regular
224,Eskinalp Türk,eskinalp.turk224@example.com,0506 120 34 71,2023-06-05,24/05/2026,Yakutiye - Erzurum - Türkiye,"326,91",,65,Sports & Outdoors,Budget
491,Dr. Dilcan Ticen Tevetoğlu Duran, dr.dilcan.ticen.tevetoglu.duran491@example.com ,+90462961367,2022-03-13,03-29-2026,"Türkiye, Antalya, Muratpaşa",₺129,TRY,23,Books,Budget
351,Zinnure Neval Yorulmaz Gülen,zinnure.neval.yorulmaz.gulen351@example.com,+90  545   644 94  85 ,04/07/2023,10/03/2026,"Türkiye, Antalya, Kepez",388 TL,TRY,75,Toys & Games,Budget
3,Suat Şafak, suat.safak3@example.com ,+90  553   419 28  32 ,05-11-2023,11-28-2025,Şehitkamil - Gaziantep - Türkiye,₺208,TRY,42,Clothing,Budget
473,Ayülker Şensoy, ayulker.sensoy473@example.com ,+90 501 002 31 42,07/06/2022,09-18-2025,"Türkiye, Gaziantep","301,85",,56,Books,Budget
312,Okt. İmrihan Melikkan Şener Şafak, okt.imrihan.melikkan.sener.safak312@example.com ,0537 674 26 62,28/08/2022,2026-02-05,"Türkiye, Diyarbakır, Kayapınar",322 TL,TRY, 56 ,Beauty & Personal Care,Budget
112,Yrd. Doç. Fehmiye Havali Bilge,yrd.doc.fehmiye.havali.bilge112@example.com,0501 489 02 50,10-14-2024,22/08/2025,Pamukkale - Denizli - Türkiye,$293.66,USD,55,Toys & Games,Budget
261,Çev. Rabbiye Alemdar İnönü,cev.rabbiye.alemdar.inonu261@yaho.com,0562 249 99 82,05-25-2023,13/12/2025,"Erzurum, Yakutiye",₺420,TRY,65,Electronics,Regular
157,Hoşkadem Karadeniz,hoskadem.karadeniz157@yaho.com,+905254115262,04/11/2021,2025-12-18,"Türkiye, Erzurum, Yakutiye",149 TL,TRY,22,Home & Garden,Regular
435,Türknur Beray Hançer Ertaş,turknur.beray.hancer.ertas435@example.com,0530 505 05 73,07-19-2022,02-19-2025,"Malatya, Yeşilyurt","268,06",,49,Books,Regular
472,Uz. Gülnaziye Şehza Yaman, uz.gulnaziye.sehza.yaman472@example.com ,+90 524 042 26 93,"July 23, 2025",2026-01-26,Meram - Konya - Türkiye,$120.62,USD,27,Books,Budget
483,Eşim Yaman, esim.yaman483@example.com ,+90  534   111 59  50 ,2024-08-09,10/01/2026,Yakutiye - Erzurum - Türkiye,"176,25",, 36 ,Groceries,Budget
468,Seniha Hasgül Duran,seniha.hasgul.duran468@example.com,+90 543 448 12 30,16/12/2022,2025-04-23,"Malatya, Yeşilyurt",161 TL,TRY,33,Beauty & Personal Care,Budget
475,Yasan Şehamet Fırat Akdeniz,yasan.sehamet.firat.akdeniz475@example.com,+90 562 543 61 72,2025-05-01,2026-02-16,Osmangazi - Bursa - Türkiye,171 TL,TRY,32,Home & Garden,Budget
111,Dr. Ağakişi Hükümdar Öcalan, dr.agakisi.hukumdar.ocalan111@example.com ,+905017668700,2022-01-03,22/10/2025,"Türkiye, İzmir, Karşıyaka",₺120,TRY,28,Toys & Games,Budget
109,Aköz Hançer,akoz.hancer109@yaho.com,+90584086211,04/01/2023,11/09/2025,"Türkiye, Manisa, Şehzadeler",$126.79,USD, 27 ,Home & Garden,Budget
168,Sunay Yılmaz Akça,sunay.yilmaz.akca168@hotnail.com,+905406029334,24/02/2022,03-09-2026,"Türkiye, Mersin, Yenişehir",$163.07,USD,31,Groceries,Budget
57,Yrd. Doç. Duruk Abdülahat Erdoğan,yrd.doc.duruk.abdulahat.erdogan57@example.com,0552 904 22 84,2024-12-20,02-18-2026,"Mersin, Yenişehir",180 TL,TRY,25,Books,Regular
464,Sücaettin Kısakürek, sucaettin.kisakurek464@example.com ,+90 510 825 55 98,23/07/2022,2025-11-25,"Türkiye, Kayseri","193,49",, 41 ,Clothing,Budget
268,Ferihan Dumanlı, ferihan.dumanli268@example.com ,+90  553   344 85  71 ,06-02-2024,05/02/2025,Bornova - İzmir - Türkiye,₺138,TRY,27,Clothing,Budget
320,Hanbiken Şemsinisa Sezgin, hanbiken.semsinisa.sezgin320@example.com ,0554 527 98 52,2021-12-20,08-13-2025,Şişli - İstanbul - Türkiye,₺180,TRY,37,Beauty & Personal Care,Budget
48,Hayrünnisa Ağbegim Yüksel,hayrunnisa.agbegim.yuksel48@example.com,0572 400 50 45,06/11/2023,2025-03-21,"Türkiye, Şanlıurfa, Eyyübiye","210,50",,45,Home & Garden,Budget
354,Heva Yaman, heva.yaman354@example.com ,+90552017749,04-05-2022,07/01/2026,İpekyolu - Van - Türkiye,$90.89,USD,18,Beauty & Personal Care,Budget
158,Yahşi Soylu,yahsi.soylu158@example.com,+90501336884,31/03/2022,10-20-2025,Bornova - İzmir - Türkiye,"209,28",,36,Groceries,Budget
245,Mazlum Demir,mazlum.demir245@example.com,+90559025979,02-17-2025,18/02/2025,İpekyolu - Van,$246.68,USD,46,Groceries,Budget
192,Permun Akça Demirel, permun.akca.demirel192@example.com ,+905359493347,14/12/2024,26/05/2026,Meram - Konya - Türkiye,"335,46",,61,Groceries,Budget
3,Suat Şafak,suat.safak3@yaho.com,0553 419 28 32,"May 11, 2023",2025-07-22,"Türkiye, Gaziantep, Şehitkamil","214,55",,42,Books,Budget
313,Sevgen Akdeniz,sevgen.akdeniz313@gmial.com,+90546287923,23/10/2023,2025-10-27,Meram - Konya - Türkiye,₺234,TRY,36,Groceries,Regular
322,Tekecan Sakarya, tekecan.sakarya322@example.com ,+90 552 893 89 11,09-15-2022,04-11-2025,"Türkiye, Mersin, Toroslar",₺351,TRY,66,Clothing,Budget
312,Okt. İmrihan Melikkan Şener Şafak,okt.imrihan.melikkan.sener.safak312@hotnail.com,+90376742662,2022-08-28,10/04/2026,"Türkiye, Diyarbakır, Kayapınar","290,13",,56,Beauty & Personal Care,Budget
84,Tayaydın Atalay Seven,tayaydin.atalay.seven84@yaho.com,+903595327877,2024-03-21,2025-02-16,"Türkiye, Konya",₺252,TRY,49,Clothing,Budget
86,Hayel Eraslan, hayel.eraslan86@example.com ,+90  516   245 65  06 ,2025-08-30,08/02/2026,"Türkiye, Erzurum, Yakutiye",$334.44,USD,54,Clothing,Regular
490,Alcan Enes Seven Şener,alcan.enes.seven.sener490@outlok.com,+905168740963,"January 09, 2022",04-24-2025,"Türkiye, Eskişehir, Tepebaşı",421 TL,TRY,seventy,Clothing,Regular
234,Yrd. Doç. Şahdiye Hafıza Öcalan, yrd.doc.sahdiye.hafiza.ocalan234@example.com ,+90  500   528 12  73 ,03-04-2024,21/03/2026,Adana - Türkiye,$468.14,USD,53,Clothing,Premium
216,Sonnur Çağlar Fırat Ergül, sonnur.caglar.firat.ergul216@example.com ,+90502146566,"October 28, 2024",2026-04-11,"Türkiye, Samsun, İlkadım",₺236,TRY,51,Home & Garden,Budget
168,Sunay Yılmaz Akça,sunay.yilmaz.akca168@example.com,+90 540 602 93 33,2022-02-24,2026-01-23,Yenişehir - Mersin - Türkiye,₺152,TRY,31,Home & Garden,Budget
314,Gülmisal Nurveren Akdeniz,gulmisal.nurveren.akdeniz314@yaho.com,+905942873002,2024-06-23,"March 07, 2026",Keçiören - Ankara - Türkiye,236 TL,TRY,37,Books,New
76,Çev. Safinaz Çisem Ülker Demirel,cev.safinaz.cisem.ulker.demirel76@example.com,0516 169 28 45,2025-05-16,30/01/2026,Malatya - Türkiye,$72.93,USD,23,Clothing,Budget
243,Servinaz Belkize Tarhan,servinaz.belkize.tarhan243@example.com,+905583206797,13/02/2023,12-14-2025,Şehzadeler - Manisa - Türkiye,"127,46",,23,Home & Garden,Budget
216,Sonnur Çağlar Fırat Ergül,sonnur.caglar.firat.ergul216@outlok.com,0502 146 56 69,2024-10-28,"July 28, 2025","Türkiye, Samsun, İlkadım",277 TL,TRY,51,Electronics,Budget
136,Rayla Zülbiye Karadeniz,rayla.zulbiye.karadeniz136@yaho.com,+90526965827,18/08/2021,03/09/2025,Gaziantep,99 TL,TRY,22,Toys & Games,Budget
467,Okt. Havse Selvi Mansız,okt.havse.selvi.mansiz467@outlok.com,+905401036788,07-12-2025,27/12/2025,Denizli - Türkiye,$172.09,USD,28,Books,Regular
329,Çev. İlmafer Akça,cev.ilmafer.akca329@example.com,+90  506   167 56  77 ,09-30-2025,"April 07, 2026","Türkiye, Antalya, Kepez",$109.69,USD,20,Beauty & Personal Care,Budget
462,Ortak Ömür Duran Karadeniz,ortak.omur.duran.karadeniz462@yaho.com,+905414545335,06/09/2025,2026-04-30,"Türkiye, Denizli, Pamukkale",₺135,TRY,29,Clothing,Budget
361,Behrem Yılmaz,behrem.yilmaz361@gmial.com,+90  549   956 41  22 ,"November 14, 2025",2026-04-13,"Türkiye, Trabzon, Ortahisar","172,93",,30,Home & Garden,Budget
497,Remazan Duran,remazan.duran497@hotnail.com,+90  555   044 81  77 ,08-18-2023,03/12/2025,İpekyolu - Van - Türkiye,$268.79,USD,,Groceries,Regular
173,Firdevis Karadeniz Ertaş,firdevis.karadeniz.ertas173@hotnail.com,+90  551   353 46  55 ,06-27-2024,2025-10-13,Erzurum - Türkiye,"278,92",,55,Beauty & Personal Care,Budget
397,Aydinç Korutürk,aydinc.koruturk397@example.com,+905388065336,25/07/2025,"February 09, 2026",Şehzadeler - Manisa - Türkiye,$167.40,USD,39,Books,Budget
318,Kâzime Yılmaz Durdu,kzime.yilmaz.durdu318@example.com,+90 532 192 85 54,2024-06-05,2025-12-12,"Türkiye, İzmir, Karşıyaka",$407.10,USD,61,Books,Regular
464,Sücaettin Kısakürek,sucaettin.kisakurek464@example.com,+905108257598,2022-07-23,09/12/2025,Melikgazi - Kayseri - Türkiye,213 TL,TRY,41,Electronics,Budget
178,Nurmelek Hayrioğlu,nurmelek.hayrioglu178@outlok.com,+90  532   603 32  30 ,23/08/2022,25/07/2025,"Şanlıurfa, Eyyübiye",274 TL,TRY,50,Toys & Games,Budget
465,Buhari Akçay,buhari.akcay465@example.com,+90596129109,"April 12, 2022",30/04/2025,"Türkiye, Mersin",348 TL,TRY,70,Electronics,Budget
420,Av. Nevsale Birsan Şafak Akdeniz,av.nevsale.birsan.safak.akdeniz420@example.com,0532 630 39 75,2025-03-13,03-09-2026,Yeşilyurt - Malatya - Türkiye,$166.47,USD,35,Toys & Games,Budget
428,Yrd. Doç. Birgit İnönü, yrd.doc.birgit.inonu428@example.com ,+90 544 886 94 61,03/05/2025,11-17-2025,Nilüfer - Bursa - Türkiye,₺365,TRY,58,Books,Regular
87,Emal Ülker Şensoy,emal.ulker.sensoy87@example.com,+905168784901,24/03/2025,2025-09-08,Samsun - Türkiye,₺149,TRY,24,Sports & Outdoors,Regular
233,Binay Huban Demir,binay.huban.demir233@example.com,+90574350313,26/05/2022,2025-11-24,Kayapınar - Diyarbakır - Türkiye,"215,30",,45,Groceries,Budget
354,Heva Yaman,heva.yaman354@gmial.com,+90  552   017 77  49 ,2022-04-05,23/06/2025,"Türkiye, Van, İpekyolu",110 TL,TRY,18,Sports & Outdoors,Budget
157,Hoşkadem Karadeniz, hoskadem.karadeniz157@example.com ,+90  505   411 52  62 ,04/11/2021,2025-06-18,Yakutiye - Erzurum - Türkiye,$159.07,USD,22,Home & Garden,Regular
394,Necva Yılmaz,necva.yilmaz394@yaho.com,+90  509   543 17  35 ,08-23-2025,2026-06-11,Eyyübiye - Şanlıurfa - Türkiye,₺366,TRY,seventy,Sports & Outdoors,Budget
97,Lezize Tevetoğlu,lezize.tevetoglu97@example.com,+90  539   106 51  80 ,2025-07-24,16/05/2026,Yakutiye - Erzurum - Türkiye,"270,14",,48,Clothing,Budget
398,Karataş Seven, karatas.seven398@example.com ,+90 524 739 50 03,11-02-2024,08/04/2026,Eyyübiye - Şanlıurfa - Türkiye,₺175,TRY,36,Home & Garden,Budget
146,Möhsim Seven,mohsim.seven146@example.com,+90557431329,05-03-2025,2025-07-21,Karşıyaka - İzmir - Türkiye,$113.08,USD,27,Home & Garden,Budget
98,Yaşattin Şama,yasattin.sama98@example.com,+90  500   478 68  63 ,"July 24, 2024",2026-06-03,"Türkiye, Denizli, Pamukkale",239 TL,TRY,47,Toys & Games,Budget
161,Zeride Çorlu,zeride.corlu161@hotnail.com,+907160898992,2025-04-10,2026-05-26,"Türkiye, Erzurum, Yakutiye","377,62",,66,Sports & Outdoors,Regular
208,Hürdoğan Sezgin, hurdogan.sezgin208@example.com ,0543 222 59 13,2023-08-16,23/02/2026,Şanlıurfa - Türkiye,$367.86,USD,69,Groceries,Budget
313,Sevgen Akdeniz,sevgen.akdeniz313@hotnail.com,+90 546 287 92 32,10-23-2023,08-17-2025,Meram - Konya - Türkiye,$225.88,USD,36,Home & Garden,Regular
8,Çerçi Sezgin,cerci.sezgin8@hotnail.com,+905825896383,12-13-2021,2025-05-28,"Türkiye, Antalya, Kepez",267 TL,TRY,37,Clothing,Regular
462,Ortak Ömür Duran Karadeniz,ortak.omur.duran.karadeniz462@example.com,+90 541 454 56 35,2025-09-06,2026-01-16,Pamukkale - Denizli - Türkiye,$162.93,USD, 29 ,Beauty & Personal Care,Budget
51,Başok Ülker, basok.ulker51@example.com ,+906090974395,2024-09-20,04-15-2026,"Türkiye, Trabzon, Ortahisar",₺329,TRY,58,Books,Budget
288,Nüdret Ülker Çetin,nudret.ulker.cetin288@example.com,+90  539   174 10  11 ,2022-09-29,03-15-2025,Yakutiye - Erzurum - Türkiye,$343.30,USD,64,Groceries,Budget
391,Tanbay İhsanoğlu, tanbay.ihsanoglu391@example.com ,+90506056648,02/05/2023,2026-06-16,"Türkiye, Bursa",$279.87,USD,,Home & Garden,Regular
387,Bişar Ülker, bisar.ulker387@example.com ,+905763553795,2025-11-10,2026-05-22,"Türkiye, Bursa, Nilüfer",316 TL,TRY,62,Beauty & Personal Care,Budget
21,Tanbay Şener, tanbay.sener21@example.com ,+90 542 940 19 65,11-11-2021,2025-04-04,Kadıköy - İstanbul - Türkiye,$377.27,USD,68,Books,Budget
346,Kıvılcım Şensoy,kivilcim.sensoy346@gmial.com,+90 552 669 30 08,"April 27, 2022",14/07/2025,Bornova - İzmir - Türkiye,$312.94,USD,57,Sports & Outdoors,Regular
440,Muktedir Ünübol Durdu, muktedir.unubol.durdu440@example.com ,+905409836355,20/02/2022,22/06/2025,Ortahisar - Trabzon - Türkiye,"327,56",, 68 ,Books,Budget
154,Selmin Mansız,selmin.mansiz154@example.com,+90559993784,2024-12-18,2025-07-09,Van - Türkiye,$266.60,USD,49,Beauty & Personal Care,Budget
45,Arş. Gör. Özakan İhsanoğlu,ars.gor.ozakan.ihsanoglu45@gmial.com,0504 499 72 78,"March 27, 2023",2025-08-10,Ortahisar - Trabzon - Türkiye,174 TL,TRY,40,Toys & Games,Budget
420,Av. Nevsale Birsan Şafak Akdeniz, av.nevsale.birsan.safak.akdeniz420@example.com ,+90 532 630 39 75,2025-03-13,03-04-2026,"Türkiye, Malatya, Yeşilyurt",174 TL,TRY, 35 ,Toys & Games,Budget
67,Erdursun Dalkılıç Akar Duran,erdursun.dalkilic.akar.duran67@example.com,+90  507   935 97  82 ,2025-08-08,23/10/2025,"Eskişehir, Odunpazarı",$239.15,USD,46,Beauty & Personal Care,Budget
410,Çıvgın Yaman,civgin.yaman410@example.com,0572 994 93 87,05-27-2024,12/06/2025,Kayseri - Türkiye,$125.08,USD,30,Toys & Games,Budget
24,Dr. Günkurt Şanlı Öcalan, dr.gunkurt.sanli.ocalan24@example.com ,+90 543 699 57 77,"February 28, 2022","April 25, 2025",Üsküdar - İstanbul - Türkiye,₺212,TRY,31,Toys & Games,Regular
342,Aktemür Göken Soylu,aktemur.goken.soylu342@yaho.com,+90 503 486 45 18,15/08/2024,2025-06-11,"Türkiye, İstanbul, Kadıköy",$433.99,USD,72,Toys & Games,Regular
267,Ertuncay Durmuş,ertuncay.durmus267@example.com,0530 768 10 40,2022-02-04,03/08/2025,"Türkiye, Malatya","425,35",,72,Groceries,Regular
217,Doç. Zümre Münezzer Ergül,doc.zumre.munezzer.ergul217@example.com,+90537690468,05-08-2025,08/01/2026,"Türkiye, İzmir, Konak",269 TL,TRY,53,Clothing,Budget
420,Av. Nevsale Birsan Şafak Akdeniz, av.nevsale.birsan.safak.akdeniz420@example.com ,+90  532   630 39  75 ,13/03/2025,2025-08-18,"Türkiye, Malatya, Yeşilyurt",$180.34,USD, 35 ,Beauty & Personal Care,Budget
293,Kürşad Bilge,kursad.bilge293@example.com,+906324876329,26/01/2022,2025-04-10,"Türkiye, Şanlıurfa, Eyyübiye",₺136,TRY,20,Beauty & Personal Care,Regular
20,Tınal Aslan,tinal.aslan20@hotnail.com,+90 536 541 45 86,"February 20, 2022","March 09, 2026","Türkiye, Denizli, Pamukkale",419 TL,TRY, 71 ,Books,Regular
427,Erinçer Akar,erincer.akar427@example.com,+90529724399,2022-03-26,2025-03-25,"Türkiye, Samsun, İlkadım","381,63",,71,Home & Garden,Budget
21,Tanbay Şener,tanbay.sener21@example.com,0542 940 19 65,2021-11-11,21/05/2026,"Türkiye, İstanbul, Kadıköy",$375.77,USD,68,Books,Budget
228,Öğr. Selcen Şama Akçay,ogr.selcen.sama.akcay228@hotnail.com,+905622723413,05/01/2025,11-19-2025,Atakum - Samsun - Türkiye,₺215,TRY,43,Toys & Games,Budget
116,Kaygusuz Akver Akdeniz Güçlü,kaygusuz.akver.akdeniz.guclu116@yaho.com,+905431542626,03-04-2024,2026-05-02,"Türkiye, İzmir, Karşıyaka","240,55",, 41 ,Electronics,Budget
425,Ruhsat Oymak Akar Akçay,ruhsat.oymak.akar.akcay425@example.com,+90508576665,"March 16, 2023",2025-07-12,"Türkiye, Konya, Selçuklu",₺210,TRY,37,Books,Regular
1,Akar Ziyaettin Aslan Yüksel, akar.ziyaettin.aslan.yuksel1@example.com ,+905433218496,10-08-2025,"April 21, 2026","Türkiye, Bursa, Nilüfer",$89.04,USD,19,Electronics,Budget
418,Yrd. Doç. Rana Rümeysa Arslan,yrd.doc.rana.rumeysa.arslan418@yaho.com,+90 501 364 97 18,10-04-2022,05-21-2025,Toroslar - Mersin - Türkiye,₺167,TRY,,Home & Garden,Budget
418,Yrd. Doç. Rana Rümeysa Arslan,yrd.doc.rana.rumeysa.arslan418@hotnail.com,+90  501   364 97  18 ,04/10/2022,24/10/2025,"Türkiye, Mersin, Toroslar",126 TL,TRY,28,Groceries,Budget
211,Atilhan Yüksel,atilhan.yuksel211@example.com,+90  512   799 08  81 ,06-05-2025,31/12/2025,Çukurova - Adana - Türkiye,297 TL,TRY, 48 ,Books,Regular
465,Buhari Akçay,buhari.akcay465@yaho.com,+90596119109,2022-04-12,10-27-2025,"Türkiye, Mersin, Yenişehir",360 TL,TRY,70,Home & Garden,Budget
117,Öğr. İdiris Münif Ergül,ogr.idiris.munif.ergul117@example.com,+905754121227,29/10/2022,"February 05, 2025",Üsküdar - İstanbul,"315,53",, 53 ,Beauty & Personal Care,Regular
336,Muvaffak Kanak Tarhan Korutürk, muvaffak.kanak.tarhan.koruturk336@example.com ,+90 548 969 08 35,2023-05-10,"October 03, 2025","Türkiye, Malatya, Yeşilyurt",127 TL,TRY,27,Home & Garden,Budget
333,Av. Ulutay Yilmaz Tarhan,av.ulutay.yilmaz.tarhan333@example.com,+905578829456,25/10/2024,"April 29, 2026",Kayapınar - Diyarbakır - Türkiye,₺306,TRY,49,Clothing,Regular
360,Gökperi Demir,gokperi.demir360@example.com,+90  516   800 61  02 ,09/04/2022,2025-07-01,Şehzadeler - Manisa - Türkiye,"280,16",,48,Books,Regular
122,Zehranur Şama Akça,zehranur.sama.akca122@hotnail.com,0534 266 17 97,09-07-2022,2026-04-18,Yakutiye - Erzurum,247 TL,TRY,43,Clothing,Regular
453,Hiçsönmez Hançer,hicsonmez.hancer453@gmial.com,+905057283215,2025-03-14,"October 28, 2025","Türkiye, Gaziantep, Şehitkamil",309 TL,TRY,50,Toys & Games,Regular
73,Koçak Akçay, kocak.akcay73@example.com ,+90 546 095 39 62,03-23-2022,2025-01-16,Şahinbey - Gaziantep - Türkiye,"302,06",,sixty,Groceries,Budget
1,Akar Ziyaettin Aslan Yüksel, akar.ziyaettin.aslan.yuksel1@example.com ,+90 543 321 81 96,2025-10-08,"January 14, 2026","Türkiye, Bursa, Nilüfer",$104.83,USD,nineteen,Sports & Outdoors,Budget
315,Dr. Havali Kısakürek Durdu, dr.havali.kisakurek.durdu315@example.com ,+905466730147,07-29-2025,2025-10-27,Eyyübiye - Şanlıurfa,505 TL,TRY,56,Home & Garden,Premium
446,Öğr. Yazgül Yasemen Mansız Aksu, ogr.yazgul.yasemen.mansiz.aksu446@example.com ,+905719267649,03-31-2025,06-04-2025,Şahinbey - Gaziantep - Türkiye,₺124,TRY,24,Beauty & Personal Care,Budget
77,Uz. Gülev Arslan Bilir,uz.gulev.arslan.bilir77@outlok.com,0596 401 65 82,"October 10, 2025",2026-06-29,"Türkiye, Kayseri, Kocasinan","361,68",,27,Home & Garden,Premium
216,Sonnur Çağlar Fırat Ergül, sonnur.caglar.firat.ergul216@example.com ,+90 502 146 56 69,10-28-2024,2026-01-25,İlkadım - Samsun - Türkiye,₺255,TRY,51,Books,Budget
483,Eşim Yaman,esim.yaman483@example.com,+905391115950,09/08/2024,07/11/2025,"Türkiye, Erzurum, Yakutiye","222,92",,36,Home & Garden,Budget
367,Sevican Asu Yorulmaz,sevican.asu.yorulmaz367@outlok.com,0574 550 84 28,2022-07-24,2026-06-12,"Türkiye, Malatya, Yeşilyurt",298 TL,TRY,60,Toys & Games,Budget
423,Nalân Güverçin Şama,naln.guvercin.sama423@example.com,+90 506 614 98 28,2021-11-15,01-14-2026,"Türkiye, Diyarbakır, Kayapınar",127 TL,TRY,29,Electronics,Budget
468,Seniha Hasgül Duran,seniha.hasgul.duran468@example.com,+905434181230,16/12/2022,10-14-2025,"Türkiye, Malatya, Yeşilyurt","133,13",,33,Toys & Games,Budget
264,Vacibe Alemdar Yılmaz,vacibe.alemdar.yilmaz264@gmial.com,+90 534 414 48 85,08-25-2021,2025-10-08,"Türkiye, Konya, Selçuklu",$94.19,USD,18,Groceries,Budget
295,Naide Mansız,naide.mansiz295@example.com,+90  559   701 08  22 ,2025-10-14,2026-05-09,Yakutiye - Erzurum,283 TL,TRY,49,Home & Garden,Regular
9,Doç. Maksur Şama,doc.maksur.sama9@hotnail.com,+90505184738,2025-03-17,2025-05-26,Atakum - Samsun - Türkiye,₺409,TRY,64,Beauty & Personal Care,New
441,Gündüzalp Tevetoğlu,gunduzalp.tevetoglu441@example.com,+900160875243,2023-02-23,2025-06-30,"Manisa, Şehzadeler",₺350,TRY,61,Electronics,Regular
376,Melihcan Dumanlı,melihcan.dumanli376@example.com,+90  549   075 39  98 ,2022-08-11,2026-05-06,Osmangazi - Bursa - Türkiye,"217,08",,32,Groceries,Regular
51,Başok Ülker, basok.ulker51@example.com ,+90  509   097 43  95 ,2024-09-20,"March 24, 2026","Türkiye, Trabzon",301 TL,TRY,58,Beauty & Personal Care,Budget
139,Seçgül Dumanlı,secgul.dumanli139@hotnail.com,+90 575 884 25 24,02/11/2021,2025-04-12,İzmir - Türkiye,₺376,TRY,74,Sports & Outdoors,Budget
464,Sücaettin Kısakürek, sucaettin.kisakurek464@example.com ,+90  510   825 55  98 ,07-23-2022,2025-07-17,"Kayseri, Melikgazi",232 TL,TRY,41,Books,Budget
438,Tanyolaç Tevetoğlu,tanyolac.tevetoglu438@yaho.com,+90 553 991 56 68,2023-07-02,"November 14, 2025","Şanlıurfa, Eyyübiye",₺379,TRY,69,Home & Garden,Budget
168,Sunay Yılmaz Akça, sunay.yilmaz.akca168@example.com ,+905506029333,24/02/2022,2025-07-24,"Türkiye, Mersin, Yenişehir",₺148,TRY,31,Home & Garden,Budget
20,Tınal Aslan, tinal.aslan20@example.com ,+90536544586,2022-02-20,12-11-2025,Pamukkale - Denizli,"447,51",, 71 ,Sports & Outdoors,Regular
172,Bayan Oluş Şama Ülker, bayan.olus.sama.ulker172@example.com ,+90554282417,2025-03-25,24/01/2026,Şehitkamil - Gaziantep - Türkiye,319 TL,TRY,sixty-five,Clothing,Budget
396,Belgizar Manço Korutürk,belgizar.manco.koruturk396@yaho.com,0510 919 39 28,2024-07-06,2025-05-26,"Türkiye, Bursa, Nilüfer",282 TL,TRY,,Toys & Games,Regular
499,Bayan Nürice Arsoy Eraslan,bayan.nurice.arsoy.eraslan499@yaho.com,+90 505 384 44 46,"March 05, 2022",2025-04-12,"Türkiye, Denizli, Pamukkale",₺177,TRY,33,Home & Garden,Budget
322,Tekecan Sakarya,tekecan.sakarya322@yaho.com,0552 893 89 11,2022-09-15,2025-07-10,"Türkiye, Mersin, Toroslar",$353.44,USD,66,Electronics,Budget
203,Musaffa Akdeniz, musaffa.akdeniz203@example.com ,+90541108996,08-20-2021,01-26-2026,"Türkiye, Kayseri, Kocasinan",₺279,TRY,fifty-five,Sports & Outdoors,Budget
230,Koçak Soylu, kocak.soylu230@example.com ,+905478047406,2024-04-22,2026-05-05,Kepez - Antalya - Türkiye,281 TL,TRY,56,Electronics,Budget
483,Eşim Yaman,esim.yaman483@hotnail.com,+90 534 111 59 50,09/08/2024,2026-02-10,"Türkiye, Erzurum, Yakutiye",$181.78,USD,36,Sports & Outdoors,Budget
302,Mishat Buyrukhan Sezer Hançer,mishat.buyrukhan.sezer.hancer302@example.com,+90 501 658 04 64,13/01/2022,2025-09-06,"Türkiye, Samsun, Atakum",350 TL,TRY, 57 ,Toys & Games,Regular
290,Onuker Zengin,onuker.zengin290@example.com,+90 532 030 93 76,2025-08-05,"October 06, 2025",Şanlıurfa - Türkiye,₺405,TRY,sixty-eight,Groceries,Regular
343,Aytek Elöve Akgündüz Duran,aytek.elove.akgunduz.duran343@gmial.com,+90441343275,25/08/2021,19/02/2026,Şişli - İstanbul - Türkiye,327 TL,TRY,59,Groceries,Regular
23,Öğr. Kasim Aslan,ogr.kasim.aslan23@outlok.com,+90  548   236 62  99 ,"April 05, 2024",02-02-2025,"Türkiye, Eskişehir",₺275,TRY,43,Sports & Outdoors,Regular
270,Doç. Bozbağ Görgünay Durmuş,doc.bozbag.gorgunay.durmus270@example.com,+905577285992,02-06-2023,01-17-2026,Muratpaşa - Antalya - Türkiye,"166,14",,24,Toys & Games,Regular
62,Öğr. Sonnur Sezgin Seven,ogr.sonnur.sezgin.seven62@hotnail.com,+905599100290,03-03-2022,"January 19, 2026","Türkiye, İstanbul, Kadıköy",₺88,TRY,23,Beauty & Personal Care,Budget
17,Prof. Ferzi Asım Akdeniz,prof.ferzi.asim.akdeniz17@outlok.com,+90541182449,2021-12-04,29/06/2025,Nilüfer - Bursa - Türkiye,$193.54,USD, 39 ,Electronics,Budget
358,Eyyüp Akdeniz,eyyup.akdeniz358@yaho.com,0559 266 10 85,08/05/2023,03-09-2025,"Türkiye, İzmir, Bornova","322,78",,61,Clothing,Budget
209,Narhanim Aslan, narhanim.aslan209@example.com ,+905024226990,11-30-2021,01-31-2026,Osmangazi - Bursa - Türkiye,"353,16",,64,Electronics,Regular
244,Çev. Özerdinç Özinal Şener, cev.ozerdinc.ozinal.sener244@example.com ,0541 686 22 78,02/11/2024,2026-05-30,"Türkiye, Kayseri, Kocasinan",$317.68,USD, 49 ,Electronics,Regular
45,Arş. Gör. Özakan İhsanoğlu, ars.gor.ozakan.ihsanoglu45@example.com ,0504 499 72 78,27/03/2023,22/06/2026,Ortahisar - Trabzon - Türkiye,189 TL,TRY,forty,Beauty & Personal Care,Budget
371,Apaydın Yaman,apaydin.yaman371@hotnail.com,+90507201155,2023-09-12,2026-05-02,Kayapınar - Diyarbakır - Türkiye,313 TL,TRY,67,Home & Garden,Budget
13,Şehreban Kardelen Sezgin Türk,sehreban.kardelen.sezgin.turk13@hotnail.com,+90574687233,08-15-2025,04/12/2025,Pamukkale - Denizli - Türkiye,"514,48",,55,Electronics,Premium
228,Öğr. Selcen Şama Akçay,ogr.selcen.sama.akcay228@example.com,+90  562   202 34  13 ,05/01/2025,2025-04-18,"Türkiye, Samsun, Atakum",₺229,TRY, 43 ,Electronics,Budget
460,Öğr. Hafıza Yaman Manço,ogr.hafiza.yaman.manco460@yaho.com,+90539231260,2024-11-14,08/02/2026,"Türkiye, Bursa, Nilüfer",₺179,TRY,27,Books,Regular
141,Dr. Atgun Arslan, dr.atgun.arslan141@example.com ,+90552419180,"September 13, 2025",11-24-2025,İpekyolu - Van - Türkiye,₺596,TRY,72,Groceries,Premium
342,Aktemür Göken Soylu,aktemur.goken.soylu342@yaho.com,+905037864518,15/08/2024,2025-11-01,Kadıköy - İstanbul - Türkiye,"456,79",,72,Electronics,Regular
418,Yrd. Doç. Rana Rümeysa Arslan,yrd.doc.rana.rumeysa.arslan418@outlok.com,+90  501   364 97  18 ,04/10/2022,07-22-2025,"Türkiye, Mersin, Toroslar","126,12",, 28 ,Books,Budget
25,Eflâtun İlgi Türk,efltun.ilgi.turk25@example.com,+90548951343,14/02/2025,"April 09, 2026",Seyhan - Adana,$101.84,USD,nineteen,Groceries,Budget
113,Prof. Ürfettin Akçay, prof.urfettin.akcay113@example.com ,+90  542   939 68  56 ,17/09/2021,25/01/2026,"Türkiye, Trabzon, Ortahisar",$314.61,USD,65,Electronics,Budget
473,Ayülker Şensoy, ayulker.sensoy473@example.com ,+90501002142,07/06/2022,2025-02-18,"Türkiye, Gaziantep, Şehitkamil","301,86",, 56 ,Home & Garden,Budget
178,Nurmelek Hayrioğlu,nurmelek.hayrioglu178@example.com,0532 603 32 30,08-23-2022,09-25-2025,Eyyübiye - Şanlıurfa - Türkiye,$270.19,USD, 50 ,Toys & Games,Budget
278,Arifcan Aslan,arifcan.aslan278@example.com,0537 189 49 05,2022-12-13,02/02/2025,Şehzadeler - Manisa - Türkiye,"367,37",,67,Sports & Outdoors,Budget
138,Melihcan Çetin,melihcan.cetin138@yaho.com,+90541413285,"October 04, 2023",19/03/2025,"Türkiye, Erzurum, Yakutiye","316,27",, 55 ,Clothing,Regular
51,Başok Ülker,basok.ulker51@gmial.com,+90509094395,2024-09-20,2025-10-18,"Türkiye, Trabzon, Ortahisar",₺340,TRY,58,Clothing,Budget
189,Nili Aksu, nili.aksu189@example.com ,+90565472269,2022-01-09,03-14-2026,Ortahisar - Trabzon,"612,97",,74,Toys & Games,Premium
240,Uz. Savni Arıel Aksu, uz.savni.ariel.aksu240@example.com ,+90 543 350 48 88,2022-10-01,12-07-2025,"Türkiye, Kayseri, Melikgazi","273,36",,54,Home & Garden,Budget
62,Öğr. Sonnur Sezgin Seven, ogr.sonnur.sezgin.seven62@example.com ,+90559910290,2022-03-03,"August 31, 2025","Türkiye, İstanbul, Kadıköy",$109.60,USD,23,Beauty & Personal Care,Budget
321,Gürcüye Gülev Mansız Eraslan,gurcuye.gulev.mansiz.eraslan321@example.com,+90  501   193 93  25 ,2025-10-14,01-05-2026,"Türkiye, Bursa, Nilüfer","115,61",,23,Groceries,Budget
44,Karaer İnönü, karaer.inonu44@example.com ,+90 512 748 46 77,07-31-2024,18/03/2026,Osmangazi - Bursa - Türkiye,298 TL,TRY, 47 ,Books,Regular
208,Hürdoğan Sezgin, hurdogan.sezgin208@example.com ,+905432295913,"August 16, 2023",27/01/2026,Eyyübiye - Şanlıurfa - Türkiye,"341,14",,69,Home & Garden,Budget
31,İlklima Şafak,ilklima.safak31@gmial.com,+90  574   529 91  24 ,2025-05-05,01-15-2026,"Türkiye, Van, İpekyolu",₺2583,TRY,55,Groceries,Budget
71,Aygutalp İhsanoğlu,aygutalp.ihsanoglu71@example.com,+905407581114,24/06/2025,2025-11-11,Şehzadeler - Manisa - Türkiye,₺345,TRY,66,Beauty & Personal Care,Budget
381,Dr. Buşra Karadeniz Çorlu,dr.busra.karadeniz.corlu381@example.com,+90 512 094 81 81,2024-11-13,2025-12-26,"Türkiye, Diyarbakır, Kayapınar",335 TL,TRY, 57 ,Electronics,Regular
84,Tayaydın Atalay Seven,tayaydin.atalay.seven84@gmial.com,+905595328877,21/03/2024,2025-11-05,"Türkiye, Konya",$270.83,USD,49,Electronics,Budget
237,Tandoğdu Zeynelabidin Sakarya,tandogdu.zeynelabidin.sakarya237@example.com,+905871705865,23/12/2021,2026-06-14,"Türkiye, Denizli, Pamukkale",₺298,TRY, 21 ,Sports & Outdoors,Premium
84,Tayaydın Atalay Seven,tayaydin.atalay.seven84@gmial.com,+90  559   532 78  77 ,2024-03-21,2025-09-17,Meram - Konya - Türkiye,₺261,TRY,49,Home & Garden,Budget
470,Kamar Tarhan, kamar.tarhan470@example.com ,+90 553 424 08 91,2021-11-24,2025-05-10,"Türkiye, Eskişehir, Odunpazarı",375 TL,TRY,65,Groceries,Regular
465,Buhari Akçay, buhari.akcay465@example.com ,+90596129109,"April 12, 2022","April 13, 2025","Türkiye, Mersin, Yenişehir",$352.11,USD,70,Clothing,Budget
402,Prof. Tartış Yorulmaz,prof.tartis.yorulmaz402@example.com,0555 877 74 96,"May 16, 2022",2025-12-21,Manisa - Türkiye,₺407,TRY,68,Home & Garden,Regular
457,Tonguç Ülker,tonguc.ulker457@example.com,+90  516   787 25  68 ,2021-11-17,"February 12, 2026","Türkiye, Şanlıurfa, Eyyübiye","535,00",,65,Beauty & Personal Care,Premium
39,Dilfeza Arslan,dilfeza.arslan39@gmial.com,0532 421 02 49,2021-10-01,10-13-2025,Kocasinan - Kayseri,₺413,TRY,70,Toys & Games,Regular
138,Melihcan Çetin, melihcan.cetin138@example.com ,+90  541   418 32  85 ,10-04-2023,13/11/2025,"Türkiye, Erzurum, Yakutiye",₺358,TRY,55,Toys & Games,Regular
91,Emine. İhsanoğlu,emine.ihsanoglu91@example.com,+905240415744,2024-09-30,"April 16, 2025",Eyyübiye - Şanlıurfa - Türkiye,$328.59,USD,30,Sports & Outdoors,Premium
165,Zeyno Ertaş,zeyno.ertas165@example.com,+90 508 214 86 28,2022-10-05,"December 25, 2025",Kocasinan - Kayseri - Türkiye,₺103,TRY,19,Groceries,Budget
121,Necva Şensoy,necva.sensoy121@gmial.com,0556 465 19 39,2022-11-21,2025-12-17,Eyyübiye - Şanlıurfa - Türkiye,172 TL,TRY,29,Toys & Games,Regular
151,Özakan Mazlum Bilgin Akçay, ozakan.mazlum.bilgin.akcay151@example.com ,+90  557   875 98  56 ,06-07-2024,06/02/2026,"Türkiye, İstanbul","144,63",,29,Clothing,Budget
26,Rabbiye Aslan,rabbiye.aslan26@example.com,+90  501   632 87  08 ,"July 20, 2024","April 25, 2025","Türkiye, Şanlıurfa","398,59",,72,Beauty & Personal Care,Budget
316,Ümray Mehdiye Sezer Arslan,umray.mehdiye.sezer.arslan316@example.com,+905964415890,2024-06-29,2025-09-29,İpekyolu - Van - Türkiye,₺172,TRY,28,Toys & Games,Regular
116,Kaygusuz Akver Akdeniz Güçlü,kaygusuz.akver.akdeniz.guclu116@example.com,0543 114 26 26,"March 04, 2024","September 24, 2025","Türkiye, İzmir, Karşıyaka",₺214,TRY,41,Clothing,Budget
336,Muvaffak Kanak Tarhan Korutürk,muvaffak.kanak.tarhan.koruturk336@outlok.com,0548 969 08 35,2023-05-10,2026-06-17,"Türkiye, Malatya, Yeşilyurt",$136.82,USD, 27 ,Beauty & Personal Care,Budget
128,Yamin Merzuk Yılmaz,yamin.merzuk.yilmaz128@example.com,+90  557   905 07  23 ,2023-10-18,31/10/2025,Melikgazi - Kayseri - Türkiye,₺314,TRY,53,Groceries,Regular
1,Akar Ziyaettin Aslan Yüksel, akar.ziyaettin.aslan.yuksel1@example.com ,0543 321 81 96,2025-10-08,2025-12-07,"Türkiye, Bursa, Nilüfer",80 TL,TRY,19,Sports & Outdoors,Budget
179,Muvaffak Hayrioğlu, muvaffak.hayrioglu179@example.com ,0564 890 90 10,2025-09-05,01-23-2026,"Türkiye, Samsun, İlkadım",₺320,TRY,62,Electronics,Budget
68,Uz. Sadiye Gülbiye Aslan Ertaş,uz.sadiye.gulbiye.aslan.ertas68@outlok.com,+90  551   518 64  49 ,2025-02-08,2025-12-20,Odunpazarı - Eskişehir - Türkiye,"193,38",,39,Beauty & Personal Care,Budget
385,Safinaz Ayçan Arslan Tevetoğlu,safinaz.aycan.arslan.tevetoglu385@gmial.com,+90 503 399 37 88,2023-10-16,"June 15, 2025",Keçiören - Ankara - Türkiye,₺135,TRY,25,Toys & Games,Budget
317,İnançlı Ülker,inancli.ulker317@yaho.com,0572 520 45 65,04/09/2025,06/12/2025,Kepez - Antalya - Türkiye,"197,21",,36,Beauty & Personal Care,Budget
136,Rayla Zülbiye Karadeniz,rayla.zulbiye.karadeniz136@outlok.com,+90526965827,18/08/2021,15/09/2025,Şehitkamil - Gaziantep - Türkiye,$139.02,USD,22,Home & Garden,Budget
22,Arş. Gör. Yurtgüven Yüksel, ars.gor.yurtguven.yuksel22@example.com ,+90356159514,08/02/2023,2026-04-30,"Türkiye, Manisa, Şehzadeler",$216.61,USD, 37 ,Toys & Games,Regular
1,Akar Ziyaettin Aslan Yüksel,akar.ziyaettin.aslan.yuksel1@example.com,+90 543 321 81 96,10-08-2025,2026-05-19,Nilüfer - Bursa - Türkiye,$72.85,USD,19,Electronics,Budget
33,Dr. Aysuna Bilge Demir,dr.aysuna.bilge.demir33@example.com,+90379965075,05/12/2024,2025-05-14,Toroslar - Mersin - Türkiye,₺266,TRY,49,Sports & Outdoors,Budget
325,Aybora Çamurcuoğlu, aybora.camurcuoglu325@example.com ,+90 554 801 57 16,"May 11, 2024",01-28-2025,Kepez - Antalya,"289,78",,47,Sports & Outdoors,Regular
342,Aktemür Göken Soylu, aktemur.goken.soylu342@example.com ,+90  503   486 45  18 ,2024-08-15,"April 05, 2026",İstanbul - Türkiye,₺425,TRY,72,Electronics,Regular
106,Uğurkan Akçay, ugurkan.akcay106@example.com ,0558 771 75 35,2024-03-12,11/06/2026,Kocasinan - Kayseri - Türkiye,228 TL,TRY,44,Beauty & Personal Care,Budget
417,Gözel Durdu,gozel.durdu417@example.com,+90 555 206 50 63,05-18-2023,04-28-2026,"Türkiye, Eskişehir, Odunpazarı","187,67",,32,Electronics,Budget
471,Öğr. Lezize Nursim Zorlu Fırat,ogr.lezize.nursim.zorlu.firat471@example.com,+905365261727,"November 29, 2024",2025-02-18,Yenişehir - Mersin - Türkiye,"559,10",, 70 ,Electronics,Premium
157,Hoşkadem Karadeniz,hoskadem.karadeniz157@example.com,+90 505 411 52 62,2021-11-04,2025-06-22,"Türkiye, Erzurum, Yakutiye",₺180,TRY,22,Sports & Outdoors,Regular
164,Kıvılcım Seven, kivilcim.seven164@example.com ,+90 506 530 74 50,2024-01-21,2025-07-14,"Türkiye, Manisa, Şehzadeler",₺608,TRY,70,Electronics,Premium
32,Nevsale Bilgin Yaman,nevsale.bilgin.yaman32@hotnail.com,0506 716 57 26,12-17-2024,"March 07, 2025",Kayseri - Türkiye,"391,40",,64,Home & Garden,Regular
112,Yrd. Doç. Fehmiye Havali Bilge, yrd.doc.fehmiye.havali.bilge112@example.com ,+90  501   489 02  50 ,2024-10-14,"July 18, 2025","Denizli, Pamukkale",₺291,TRY, 55 ,Home & Garden,Budget
178,Nurmelek Hayrioğlu, nurmelek.hayrioglu178@example.com ,+90  532   603 32  30 ,2022-08-23,2025-02-04,"Türkiye, Şanlıurfa, Eyyübiye","239,19",,50,Beauty & Personal Care,Budget
396,Belgizar Manço Korutürk, belgizar.manco.koruturk396@example.com ,+90 510 919 39 28,06/07/2024,17/06/2026,Nilüfer - Bursa - Türkiye,243 TL,TRY, 40 ,Electronics,Regular
71,Aygutalp İhsanoğlu,aygutalp.ihsanoglu71@example.com,+90540751814,24/06/2025,07-13-2025,"Türkiye, Manisa, Şehzadeler",₺386,TRY,66,Toys & Games,Budget
178,Nurmelek Hayrioğlu,nurmelek.hayrioglu178@example.com,0532 603 32 30,2022-08-23,2025-07-29,Eyyübiye - Şanlıurfa - Türkiye,₺273,TRY,fifty,Books,Budget
325,Aybora Çamurcuoğlu,aybora.camurcuoglu325@hotnail.com,+905548015746,2024-05-11,12/05/2025,Kepez - Antalya - Türkiye,286 TL,TRY,47,Toys & Games,Regular
175,Koldan Zengin, koldan.zengin175@example.com ,+905432927109,2023-07-08,09/01/2026,Pamukkale - Denizli - Türkiye,"339,23",,58,Toys & Games,Regular
481,Hatin Nüdret Çorlu Arsoy, hatin.nudret.corlu.arsoy481@example.com ,+905125213109,13/08/2023,26/01/2025,Ortahisar - Trabzon - Türkiye,$342.98,USD,27,Electronics,Premium
472,Uz. Gülnaziye Şehza Yaman, uz.gulnaziye.sehza.yaman472@example.com ,+905246422693,07-23-2025,2025-11-11,Meram - Konya - Türkiye,"109,19",,27,Toys & Games,Budget
84,Tayaydın Atalay Seven,tayaydin.atalay.seven84@hotnail.com,0559 532 78 77,"March 21, 2024",2025-12-11,Meram - Konya - Türkiye,$254.38,USD, 49 ,Electronics,Budget
249,Sehel Edaviye Ertaş,sehel.edaviye.ertas249@example.com,+90 555 543 84 04,"October 12, 2023",05-22-2025,Seyhan - Adana - Türkiye,₺454,TRY,74,Electronics,New
367,Sevican Asu Yorulmaz,sevican.asu.yorulmaz367@gmial.com,+90 574 550 84 28,07-24-2022,21/03/2026,Malatya,292 TL,TRY,60,Home & Garden,Budget
337,İlklima Kısakürek, ilklima.kisakurek337@example.com ,+90 547 786 60 32,06-02-2024,05-09-2025,Kocasinan - Kayseri - Türkiye,126 TL,TRY, 26 ,Beauty & Personal Care,Budget
435,Türknur Beray Hançer Ertaş,turknur.beray.hancer.ertas435@yaho.com,0530 505 05 73,2022-07-19,08-22-2025,Yeşilyurt - Malatya - Türkiye,327 TL,TRY,49,Electronics,Regular
437,Tolonbay Bilge, tolonbay.bilge437@example.com ,+905085643471,21/03/2022,2025-12-21,"Türkiye, Malatya, Yeşilyurt",₺178,TRY,,Electronics,New
260,Boztaş Gürelcem Seven Sezer,boztas.gurelcem.seven.sezer260@gmial.com,+90 533 977 67 19,"August 01, 2022",08-31-2025,Şehzadeler - Manisa - Türkiye,"84,35",,18,Home & Garden,Budget
149,Turabi Sezer,turabi.sezer149@example.com,+905244720979,27/07/2024,2025-02-17,Meram - Konya - Türkiye,313 TL,TRY,59,Groceries,Budget
421,Erbil Merzuk Zengin Gülen, erbil.merzuk.zengin.gulen421@example.com ,+90  564   035 53  38 ,"August 24, 2025",09-02-2025,Yenimahalle - Ankara - Türkiye,"387,23",,60,Books,New
39,Dilfeza Arslan, dilfeza.arslan39@example.com ,+907324210249,01/10/2021,09-06-2025,Kocasinan - Kayseri - Türkiye,"430,04",,70,Home & Garden,Regular
402,Prof. Tartış Yorulmaz,prof.tartis.yorulmaz402@example.com,+90 555 877 74 96,2022-05-16,2026-03-22,"Türkiye, Manisa, Şehzadeler",396 TL,TRY, 68 ,Sports & Outdoors,Regular
378,Ruhugül Gül Sakarya,ruhugul.gul.sakarya378@example.com,+90  502   851 96  11 ,17/11/2023,03-21-2026,Kayapınar - Diyarbakır - Türkiye,₺279,TRY, 54 ,Beauty & Personal Care,Budget
178,Nurmelek Hayrioğlu,nurmelek.hayrioglu178@outlok.com,+90 532 603 32 30,"August 23, 2022",14/06/2026,Eyyübiye - Şanlıurfa - Türkiye,₺244,TRY, 50 ,Sports & Outdoors,Budget
89,Abdülhadi Ertaş,abdulhadi.ertas89@example.com,+90 530 756 26 36,2023-02-19,2026-02-20,"Türkiye, Şanlıurfa, Eyyübiye",391 TL,TRY,67,Sports & Outdoors,Regular
351,Zinnure Neval Yorulmaz Gülen,zinnure.neval.yorulmaz.gulen351@yaho.com,+905458449485,04/07/2023,2025-09-27,"Türkiye, Antalya, Kepez",$428.89,USD,75,Sports & Outdoors,Budget
80,Sittik Nevsal Zorlu, sittik.nevsal.zorlu80@example.com ,+90555188442,"December 03, 2023",17/07/2025,Kayapınar - Diyarbakır - Türkiye,"252,22",,50,Electronics,Budget
34,Tekbay Aksu,tekbay.aksu34@gmial.com,+90594808313,2021-11-29,09/07/2025,"Türkiye, Mersin",276 TL,TRY, 44 ,Books,Regular
308,Ekmel Ertaş, ekmel.ertas308@example.com ,0559 274 52 38,2021-12-25,06-23-2025,"Türkiye, Manisa, Şehzadeler",$150.70,USD,20,Electronics,Regular
366,Arş. Gör. Güverçin Şirivan Türk Gül,ars.gor.guvercin.sirivan.turk.gul366@example.com,+905433800145,25/02/2022,24/07/2025,"Türkiye, Samsun, Atakum",$156.12,USD,28,Sports & Outdoors,Budget
299,Elöve Şener,elove.sener299@example.com,+90  533   569 39  29 ,02/12/2025,2026-01-31,"Türkiye, İzmir, Bornova","279,13",,44,Sports & Outdoors,New
43,Türknur Şennur Akar,turknur.sennur.akar43@example.com,+90510932808,30/08/2023,"November 26, 2025","Türkiye, Trabzon, Ortahisar","78,76",,23,Electronics,Budget
80,Sittik Nevsal Zorlu,sittik.nevsal.zorlu80@outlok.com,+90 555 188 44 22,03/12/2023,"August 10, 2025","Türkiye, Diyarbakır, Kayapınar","244,94",,50,Books,Budget
398,Karataş Seven,karatas.seven398@yaho.com,0524 739 50 03,"November 02, 2024","December 02, 2025",Eyyübiye - Şanlıurfa - Türkiye,167 TL,TRY,36,Toys & Games,Budget
195,Özpınar Selâtin Çetin Türk, ozpinar.seltin.cetin.turk195@example.com ,+90  557   399 30  56 ,24/04/2025,2025-05-06,Kadıköy - İstanbul,226 TL,TRY,42,Home & Garden,Budget
388,Öğr. Deryanur Ergül Akdeniz,ogr.deryanur.ergul.akdeniz388@example.com,+90 500 268 76 81,2022-04-23,04-19-2026,Şişli - İstanbul - Türkiye,₺274,TRY,59,Toys & Games,Budget
187,Dr. Dilşat Durdu Akça, dr.dilsat.durdu.akca187@example.com ,+90 550 375 89 97,"December 06, 2021",2025-06-18,"Türkiye, Gaziantep, Şahinbey",$346.95,USD,60,Home & Garden,Regular
124,Gözem Zengin,gozem.zengin124@example.com,+905051838282,2024-02-04,2026-02-17,"Türkiye, Trabzon, Ortahisar",₺339,TRY,53,Groceries,Regular
448,Şahnuray Yorulmaz,sahnuray.yorulmaz448@yaho.com,+905446269146,01-20-2022,"November 13, 2025","Türkiye, İzmir, Karşıyaka","160,03",,27,Clothing,Regular
177,Uz. Sevsevil Gülbeyan Yorulmaz,uz.sevsevil.gulbeyan.yorulmaz177@example.com,+90  504   478 98  56 ,02-05-2022,06-11-2025,"Türkiye, Adana, Seyhan",₺136,TRY,26,Home & Garden,Budget
169,Meleknur Orçin Akdeniz Akçay, meleknur.orcin.akdeniz.akcay169@example.com ,+90 507 229 03 49,27/03/2024,2026-05-02,"Denizli, Pamukkale",379 TL,TRY,63,Electronics,New
424,Dr. Oymak Şener,dr.oymak.sener424@example.com,+90574697152,12-09-2021,27/12/2025,Kayapınar - Diyarbakır - Türkiye,256 TL,TRY,48,Toys & Games,Budget
268,Ferihan Dumanlı,ferihan.dumanli268@outlok.com,+90 553 344 85 71,2024-06-02,"May 11, 2025","Türkiye, İzmir, Bornova",$154.17,USD,27,Sports & Outdoors,Budget
136,Rayla Zülbiye Karadeniz,rayla.zulbiye.karadeniz136@example.com,+905586965827,2021-08-18,"September 12, 2025",Şehitkamil - Gaziantep - Türkiye,$118.94,USD, 22 ,Electronics,Budget
157,Hoşkadem Karadeniz,hoskadem.karadeniz157@example.com,+90505415262,2021-11-04,08/04/2026,"Türkiye, Erzurum, Yakutiye",$140.04,USD,22,Beauty & Personal Care,Regular
266,Dr. Selime İnönü Yorulmaz,dr.selime.inonu.yorulmaz266@example.com,+90 582 357 84 52,08-20-2021,2026-02-22,"Türkiye, Adana",383 TL,TRY,73,Groceries,Budget
374,Servinaz Tülin Tevetoğlu, servinaz.tulin.tevetoglu374@example.com ,+90541085628,2022-12-01,10/01/2025,Atakum - Samsun - Türkiye,$181.87,USD, 36 ,Beauty & Personal Care,Budget
235,Serfinaz Çamurcuoğlu Dumanlı,serfinaz.camurcuoglu.dumanli235@example.com,0530 652 40 77,25/10/2022,"December 22, 2025",Atakum - Samsun - Türkiye,₺219,TRY,36,Electronics,Regular
321,Gürcüye Gülev Mansız Eraslan,gurcuye.gulev.mansiz.eraslan321@example.com,+90501193325,14/10/2025,02-12-2026,"Bursa, Nilüfer","140,15",,23,Sports & Outdoors,Budget
359,Bedri Duran, bedri.duran359@example.com ,+90 559 779 45 23,"November 28, 2024",29/08/2025,"Türkiye, Antalya, Kepez",$302.40,USD, 23 ,Toys & Games,Premium
275,Ufukay Kutgün Seven, ufukay.kutgun.seven275@example.com ,+90522201027,"April 05, 2022","February 14, 2026",Atakum - Samsun,"263,25",,45,Sports & Outdoors,New
56,Soykut Durmuş,soykut.durmus56@hotnail.com,+905537735138,02/05/2022,2025-10-27,"Samsun, Atakum",$220.68,USD,40,Sports & Outdoors,Budget
266,Dr. Selime İnönü Yorulmaz,dr.selime.inonu.yorulmaz266@yaho.com,+905823578152,08-20-2021,25/08/2025,Çukurova - Adana - Türkiye,"370,97",,73,Clothing,Budget
30,Erdibay Korutürk,erdibay.koruturk30@yaho.com,+905800330923,29/03/2025,08/02/2026,İlkadım - Samsun - Türkiye,"300,16",,48,Home & Garden,Regular
80,Sittik Nevsal Zorlu, sittik.nevsal.zorlu80@example.com ,0555 188 44 22,12-03-2023,2026-02-24,"Türkiye, Diyarbakır, Kayapınar","284,05",,,Electronics,Budget
406,Hazrat Melihcan Demir Arslan,hazrat.melihcan.demir.arslan406@example.com,0536 668 45 90,10-07-2022,05/04/2025,"Türkiye, Samsun, Atakum",$372.70,USD,sixty-eight,Toys & Games,Budget
20,Tınal Aslan,tinal.aslan20@outlok.com,+90536541458,20/02/2022,04-11-2026,"Türkiye, Denizli, Pamukkale","417,89",,71,Home & Garden,Regular
464,Sücaettin Kısakürek, sucaettin.kisakurek464@example.com ,0510 825 55 98,23/07/2022,14/06/2026,"Türkiye, Kayseri, Melikgazi","190,02",,41,Electronics,Budget
216,Sonnur Çağlar Fırat Ergül,sonnur.caglar.firat.ergul216@outlok.com,0502 146 56 69,"October 28, 2024",03-04-2026,İlkadım - Samsun - Türkiye,"258,03",,51,Sports & Outdoors,Budget
499,Bayan Nürice Arsoy Eraslan,bayan.nurice.arsoy.eraslan499@example.com,+90 505 384 44 46,05/03/2022,15/06/2026,"Türkiye, Denizli","141,25",,33,Beauty & Personal Care,Budget
457,Tonguç Ülker,tonguc.ulker457@yaho.com,+90567872568,11-17-2021,05-20-2025,"Şanlıurfa, Eyyübiye","552,43",,sixty-five,Electronics,Premium
393,Mevlüdiye Çamurcuoğlu, mevludiye.camurcuoglu393@example.com ,+90536133241,06-09-2022,22/03/2025,"Türkiye, Van, İpekyolu",₺293,TRY,58,Beauty & Personal Care,Budget
192,Permun Akça Demirel, permun.akca.demirel192@example.com ,0535 989 33 47,12-14-2024,24/02/2025,Meram - Konya - Türkiye,₺297,TRY,61,Books,Budget
188,Nafii Sezer, nafii.sezer188@example.com ,+905102626149,"November 06, 2024",2025-07-15,Kayapınar - Diyarbakır - Türkiye,"151,78",,30,Clothing,Budget
425,Ruhsat Oymak Akar Akçay,ruhsat.oymak.akar.akcay425@gmial.com,+90585766656,2023-03-16,02-26-2025,"Türkiye, Konya, Selçuklu",₺219,TRY,37,Sports & Outdoors,Regular
83,Öğr. Baydu Serda Yüksel, ogr.baydu.serda.yuksel83@example.com ,+90 547 364 71 02,2023-06-26,17/12/2025,"Türkiye, Erzurum, Yakutiye","282,65",,44,Books,Regular
351,Zinnure Neval Yorulmaz Gülen,zinnure.neval.yorulmaz.gulen351@outlok.com,+90 545 644 94 85,04/07/2023,2025-02-04,"Türkiye, Antalya, Kepez",₺381,TRY,75,Beauty & Personal Care,Budget
221,Çev. İnsaf İnönü Fırat, cev.insaf.inonu.firat221@example.com ,0508 562 71 87,"March 06, 2024",2025-02-13,Muratpaşa - Antalya,₺325,TRY,62,Books,Budget
449,Bağdat Şama,bagdat.sama449@example.com,+90535989262,05/03/2024,2025-10-24,"Türkiye, İzmir, Karşıyaka",$394.06,USD,68,Sports & Outdoors,Regular
370,Atagün Hayrioğlu,atagun.hayrioglu370@example.com,+90556532862,2023-07-18,2026-05-18,Bornova - İzmir - Türkiye,₺274,TRY,44,Electronics,New
369,Okanay Yavuz Çamurcuoğlu Dumanlı, okanay.yavuz.camurcuoglu.dumanli369@example.com ,+90 552 137 60 37,2024-01-13,2025-07-06,"Türkiye, Antalya, Kepez","220,91",,36,Home & Garden,Regular
112,Yrd. Doç. Fehmiye Havali Bilge,yrd.doc.fehmiye.havali.bilge112@outlok.com,0501 489 02 50,10-14-2024,"August 24, 2025","Türkiye, Denizli, Pamukkale",₺275,TRY,55,Toys & Games,Budget
438,Tanyolaç Tevetoğlu,tanyolac.tevetoglu438@example.com,0553 991 56 68,2023-07-02,2025-05-30,"Türkiye, Şanlıurfa, Eyyübiye",₺357,TRY,69,Sports & Outdoors,Budget
418,Yrd. Doç. Rana Rümeysa Arslan,yrd.doc.rana.rumeysa.arslan418@example.com,+90 501 364 97 18,"October 04, 2022","February 19, 2025","Türkiye, Mersin, Toroslar",$152.60,USD,28,Beauty & Personal Care,Budget
298,Av. Zevlüde Türk Mansız,av.zevlude.turk.mansiz298@hotnail.com,+90625349292,16/09/2022,25/06/2026,Konya,493 TL,TRY,53,Home & Garden,Premium
188,Nafii Sezer, nafii.sezer188@example.com ,0510 272 61 49,2024-11-06,2025-03-15,"Türkiye, Diyarbakır, Kayapınar",$141.34,USD,30,Books,Budget
13,Şehreban Kardelen Sezgin Türk, sehreban.kardelen.sezgin.turk13@example.com ,0574 687 23 43,2025-08-15,23/08/2025,Denizli - Türkiye,"461,62",,55,Beauty & Personal Care,Premium
80,Sittik Nevsal Zorlu,sittik.nevsal.zorlu80@gmial.com,+905551834422,2023-12-03,2025-07-09,Kayapınar - Diyarbakır - Türkiye,266 TL,TRY,50,Sports & Outdoors,Budget
424,Dr. Oymak Şener,dr.oymak.sener424@example.com,+905796897152,2021-12-09,22/01/2025,Kayapınar - Diyarbakır - Türkiye,$260.24,USD,48,Clothing,Budget
321,Gürcüye Gülev Mansız Eraslan,gurcuye.gulev.mansiz.eraslan321@example.com,+905011939395,2025-10-14,27/03/2026,"Türkiye, Bursa, Nilüfer","95,40",, 23 ,Clothing,Budget
1,Akar Ziyaettin Aslan Yüksel,akar.ziyaettin.aslan.yuksel1@example.com,+905433218496,08/10/2025,22/10/2025,Nilüfer - Bursa - Türkiye,$72.01,USD, 19 ,Clothing,Budget
311,Zöhrehan Ferhan Erdoğan,zohrehan.ferhan.erdogan311@example.com,+90556265604,06/01/2024,27/10/2025,"Türkiye, Diyarbakır, Kayapınar",₺190,TRY,forty,Home & Garden,Budget
2,Uz. Zamir Açıkel Tarhan, uz.zamir.acikel.tarhan2@example.com ,+90  516   184 95  93 ,12-31-2021,10/02/2026,"Türkiye, Gaziantep, Şahinbey","102,21",,twenty-two,Clothing,Budget
113,Prof. Ürfettin Akçay,prof.urfettin.akcay113@example.com,+90 542 939 68 56,2021-09-17,"July 31, 2025","Türkiye, Trabzon, Ortahisar",$371.13,USD,sixty-five,Books,Budget
332,Berran İnönü, berran.inonu332@example.com ,+90539114152,2025-11-02,24/12/2025,Şahinbey - Gaziantep,259 TL,TRY,52,Clothing,Budget
384,Dürrüşehvar Seven, durrusehvar.seven384@example.com ,+90 524 124 62 09,2024-02-15,08-20-2025,Melikgazi - Kayseri - Türkiye,₺116,TRY, 29 ,Toys & Games,Budget
22,Arş. Gör. Yurtgüven Yüksel,ars.gor.yurtguven.yuksel22@yaho.com,+90  535   615 95  14 ,08/02/2023,11-22-2025,Şehzadeler - Manisa - Türkiye,₺248,TRY,37,Toys & Games,Regular
417,Gözel Durdu,gozel.durdu417@outlok.com,+90  555   206 50  63 ,05-18-2023,03-05-2026,Odunpazarı - Eskişehir - Türkiye,"149,21",,32,Groceries,Budget
351,Zinnure Neval Yorulmaz Gülen,zinnure.neval.yorulmaz.gulen351@example.com,+905476449485,04/07/2023,01-31-2026,"Türkiye, Antalya, Kepez","404,50",,75,Home & Garden,Budget
301,Alice'); DROP TABLE cleaned_records;--, cetinsu.temizkal.demirel.bilge301@example.com ,+90 542 799 07 72,01-02-2022,04-13-2026,"Türkiye, İstanbul, Şişli",$216.20,USD,43,Books,Budget
221,Çev. İnsaf İnönü Fırat, cev.insaf.inonu.firat221@example.com ,+905085627137,06/03/2024,03-19-2026,"Türkiye, Antalya, Muratpaşa",$331.80,USD, 62 ,Books,Budget
151,Özakan Mazlum Bilgin Akçay,ozakan.mazlum.bilgin.akcay151@outlok.com,+90557875986,06-07-2024,23/05/2026,İstanbul - Türkiye,"153,79",,29,Books,Budget
483,Eşim Yaman,esim.yaman483@outlok.com,0534 111 59 50,2024-08-09,2025-07-22,Yakutiye - Erzurum - Türkiye,₺169,TRY, 36 ,Books,Budget
285,Veis Yüksel,veis.yuksel285@outlok.com,+90509193911,06-19-2025,06/03/2026,"Türkiye, Konya, Selçuklu",422 TL,TRY,72,Books,Regular
88,Sevginur Misra İhsanoğlu, sevginur.misra.ihsanoglu88@example.com ,+905535269495,08/02/2023,03/09/2025,"Türkiye, Eskişehir, Tepebaşı",$428.92,USD,71,Sports & Outdoors,Regular
405,Günebakan İnönü,gunebakan.inonu405@example.com,+90  537   780 52  92 ,27/03/2024,12/02/2025,Pamukkale - Denizli - Türkiye,"360,69",,65,Electronics,Budget
483,Eşim Yaman,esim.yaman483@example.com,+905341115250,2024-08-09,07-12-2025,Erzurum,"143,97",, 36 ,Home & Garden,Budget
175,Koldan Zengin,koldan.zengin175@yaho.com,+90  543   292 71  29 ,08/07/2023,09-03-2025,Pamukkale - Denizli - Türkiye,$366.84,USD, 58 ,Clothing,Regular
68,Uz. Sadiye Gülbiye Aslan Ertaş,uz.sadiye.gulbiye.aslan.ertas68@gmial.com,0551 518 64 49,2025-02-08,06-12-2026,"Türkiye, Eskişehir",176 TL,TRY,39,Home & Garden,Budget
151,Özakan Mazlum Bilgin Akçay,ozakan.mazlum.bilgin.akcay151@example.com,0557 875 98 56,2024-06-07,19/06/2025,"Türkiye, İstanbul, Şişli","135,66",, 29 ,Home & Garden,Budget
12,Canseven Ergül Akdeniz, canseven.ergul.akdeniz12@example.com ,+90  531   781 08  01 ,21/09/2021,06-05-2025,Toroslar - Mersin,$402.20,USD,72,Beauty & Personal Care,Budget
46,Sümeyye Hayrioğlu,sumeyye.hayrioglu46@gmial.com,+90 575 339 63 60,"March 01, 2024",2025-03-25,"Türkiye, Erzurum, Yakutiye","398,58",,65,Toys & Games,Regular
151,Özakan Mazlum Bilgin Akçay,ozakan.mazlum.bilgin.akcay151@example.com,+907578759856,"June 07, 2024",22/04/2025,Şişli - İstanbul - Türkiye,152 TL,TRY,29,Groceries,Budget
406,Hazrat Melihcan Demir Arslan,hazrat.melihcan.demir.arslan406@example.com,0536 668 45 90,2022-10-07,03/09/2025,Atakum - Samsun - Türkiye,"371,54",,68,Home & Garden,Budget
68,Uz. Sadiye Gülbiye Aslan Ertaş,uz.sadiye.gulbiye.aslan.ertas68@example.com,0551 518 64 49,02-08-2025,29/05/2025,"Türkiye, Eskişehir, Odunpazarı",$199.72,USD,39,Clothing,Budget
414,Arş. Gör. Sebattin İvecen Ülker, ars.gor.sebattin.ivecen.ulker414@example.com ,+90  541   862 10  42 ,06-24-2023,"September 05, 2025","Gaziantep, Şehitkamil","189,88",,40,Groceries,Budget
81,Bay Oruç Çorlu, bay.oruc.corlu81@example.com ,0537 058 95 78,2025-03-22,2025-09-01,Selçuklu - Konya - Türkiye,$477.70,USD, 57 ,Home & Garden,Premium
2,Uz. Zamir Açıkel Tarhan,uz.zamir.acikel.tarhan2@example.com,+90161849593,12-31-2021,07/02/2025,"Türkiye, Gaziantep, Şahinbey",143 TL,TRY,twenty-two,Clothing,Budget
124,Gözem Zengin, gozem.zengin124@example.com ,+90505123822,02-04-2024,12-27-2025,Ortahisar - Trabzon - Türkiye,$299.66,USD,53,Books,Regular
231,Seydo Şener,seydo.sener231@outlok.com,+90 536 866 32 66,17/09/2024,2026-06-03,"Türkiye, İstanbul, Üsküdar",₺172,TRY, 34 ,Groceries,Budget
397,Aydinç Korutürk, aydinc.koruturk397@example.com ,+905388065393,2025-07-25,"October 28, 2025",Şehzadeler - Manisa - Türkiye,$190.93,USD,39,Toys & Games,Budget
351,Zinnure Neval Yorulmaz Gülen,zinnure.neval.yorulmaz.gulen351@example.com,+90 545 644 94 85,2023-07-04,27/12/2025,"Türkiye, Antalya",414 TL,TRY,75,Groceries,Budget
177,Uz. Sevsevil Gülbeyan Yorulmaz, uz.sevsevil.gulbeyan.yorulmaz177@example.com ,0504 478 98 56,2022-02-05,"September 30, 2025","Türkiye, Adana, Seyhan","154,26",,26,Groceries,Budget
414,Arş. Gör. Sebattin İvecen Ülker, ars.gor.sebattin.ivecen.ulker414@example.com ,0541 862 10 42,06-24-2023,03/02/2025,Şehitkamil - Gaziantep - Türkiye,₺212,TRY,40,Beauty & Personal Care,Budget
141,Dr. Atgun Arslan, dr.atgun.arslan141@example.com ,+90  552   419 13  80 ,2025-09-13,30/04/2026,İpekyolu - Van - Türkiye,"572,76",,72,Clothing,Premium
208,Hürdoğan Sezgin,hurdogan.sezgin208@hotnail.com,+90 543 222 59 13,08-16-2023,22/01/2026,"Şanlıurfa, Eyyübiye",₺357,TRY,69,Home & Garden,Budget
384,Dürrüşehvar Seven, durrusehvar.seven384@example.com ,+90  524   124 62  09 ,15/02/2024,2025-11-13,Melikgazi - Kayseri - Türkiye,$142.88,USD,29,Electronics,Budget
423,Nalân Güverçin Şama, naln.guvercin.sama423@example.com ,+90  506   614 98  28 ,2021-11-15,2026-03-20,Kayapınar - Diyarbakır - Türkiye,156 TL,TRY,29,Beauty & Personal Care,Budget
385,Safinaz Ayçan Arslan Tevetoğlu,safinaz.aycan.arslan.tevetoglu385@example.com,+90503393788,10-16-2023,"July 13, 2025",Keçiören - Ankara,₺140,TRY,25,Books,Budget
346,Kıvılcım Şensoy,kivilcim.sensoy346@example.com,+905526693018,2022-04-27,"August 25, 2025","Türkiye, İzmir, Bornova",362 TL,TRY,57,Toys & Games,Regular
137,Göken Arslan, goken.arslan137@example.com ,0543 006 84 86,29/07/2023,03-05-2025,"Türkiye, İzmir, Konak",363 TL,TRY,62,Toys & Games,Regular
216,Sonnur Çağlar Fırat Ergül,sonnur.caglar.firat.ergul216@outlok.com,+90  502   146 56  69 ,10-28-2024,21/09/2025,Samsun - Türkiye,₺243,TRY,51,Beauty & Personal Care,Budget
159,Çev. Meşhur Asalet Demirel, cev.meshur.asalet.demirel159@example.com ,+90 541 714 67 74,2025-06-09,2025-09-03,"Türkiye, Bursa, Nilüfer",361 TL,TRY,59,Toys & Games,Regular
222,Cemiyle Gülgüzel Arslan, cemiyle.gulguzel.arslan222@example.com ,0534 795 52 76,10-07-2024,11/06/2026,"Türkiye, Konya, Meram",424 TL,TRY,44,Books,Premium
352,Gülev Demir,gulev.demir352@example.com,+90  574   276 17  07 ,2023-12-13,2025-07-04,"Türkiye, Şanlıurfa",$363.84,USD,63,Home & Garden,Regular
59,Gürsal Arkut Zorlu, gursal.arkut.zorlu59@example.com ,+905124998599,22/12/2022,19/01/2025,Nilüfer - Bursa - Türkiye,$239.82,USD,36,Electronics,Regular
68,Uz. Sadiye Gülbiye Aslan Ertaş,uz.sadiye.gulbiye.aslan.ertas68@outlok.com,+90 551 518 64 49,2025-02-08,02-08-2025,Odunpazarı - Eskişehir - Türkiye,₺216,TRY,39,Toys & Games,Budget
383,Elvan Çisem Yorulmaz Zengin,elvan.cisem.yorulmaz.zengin383@example.com,+90 562 608 56 41,04-22-2025,20/10/2025,"Türkiye, İstanbul, Üsküdar",₺167,TRY,24,Toys & Games,Regular
216,Sonnur Çağlar Fırat Ergül,sonnur.caglar.firat.ergul216@outlok.com,+905021468669,2024-10-28,2025-08-26,İlkadım - Samsun - Türkiye,₺269,TRY,51,Beauty & Personal Care,Budget
384,Dürrüşehvar Seven, durrusehvar.seven384@example.com ,+90524124609,15/02/2024,2025-07-03,Melikgazi - Kayseri - Türkiye,"127,48",,,Toys & Games,Budget
439,Seyhan Zengin Durmuş,seyhan.zengin.durmus439@hotnail.com,+905411159619,20/11/2023,2025-07-08,Yenişehir - Mersin - Türkiye,324 TL,TRY, 26 ,Clothing,Premium
217,Doç. Zümre Münezzer Ergül,doc.zumre.munezzer.ergul217@example.com,+90376904268,"May 08, 2025",21/11/2025,"Türkiye, İzmir, Konak","283,10",,53,Sports & Outdoors,Budget
168,Sunay Yılmaz Akça,sunay.yilmaz.akca168@hotnail.com,+90 540 602 93 33,2022-02-24,19/01/2026,"Türkiye, Mersin, Yenişehir",174 TL,TRY,31,Beauty & Personal Care,Budget
40,Uz. Servinaz Adila Gül, uz.servinaz.adila.gul40@example.com ,0539 904 90 27,2023-01-15,16/11/2025,Kocasinan - Kayseri - Türkiye,$372.46,USD,59,Toys & Games,Regular
483,Eşim Yaman,esim.yaman483@example.com,+90 534 111 59 50,09/08/2024,2026-05-07,Erzurum - Türkiye,"181,20",,36,Home & Garden,Budget
346,Kıvılcım Şensoy,kivilcim.sensoy346@example.com,+90 552 669 30 08,"April 27, 2022",2026-03-14,Bornova - İzmir - Türkiye,312 TL,TRY,57,Groceries,Regular
168,Sunay Yılmaz Akça,sunay.yilmaz.akca168@gmial.com,+90 540 602 93 33,2022-02-24,"October 20, 2025","Türkiye, Mersin, Yenişehir","141,22",,31,Toys & Games,Budget
257,Çev. Gülbani İlper Şafak Şener, cev.gulbani.ilper.safak.sener257@example.com ,0547 264 90 82,2023-05-08,"June 22, 2026",Ankara - Türkiye,"410,19",,71,Toys & Games,Regular
360,Gökperi Demir,gokperi.demir360@outlok.com,0516 800 61 02,2022-04-09,2026-01-11,"Manisa, Şehzadeler",₺283,TRY,forty-eight,Clothing,Regular
337,İlklima Kısakürek,ilklima.kisakurek337@yaho.com,+905477866022,2024-06-02,19/03/2025,Kocasinan - Kayseri - Türkiye,119 TL,TRY,26,Sports & Outdoors,Budget
50,Av. Behiza İnönü Duran,av.behiza.inonu.duran50@example.com,+90 536 713 69 59,"April 16, 2024",04-24-2025,Kayapınar - Diyarbakır - Türkiye,₺365,TRY,62,Groceries,Budget
48,Hayrünnisa Ağbegim Yüksel,hayrunnisa.agbegim.yuksel48@gmial.com,+90  572   400 50  45 ,"November 06, 2023",2025-04-19,"Türkiye, Şanlıurfa, Eyyübiye","255,76",,45,Home & Garden,Budget
244,Çev. Özerdinç Özinal Şener,cev.ozerdinc.ozinal.sener244@outlok.com,+90  541   686 22  78 ,2024-11-02,2025-09-17,"Türkiye, Kayseri, Kocasinan",$277.70,USD,49,Home & Garden,Regular
167,Çoğay Durdu, cogay.durdu167@example.com ,+90557972798,12-27-2023,"July 19, 2025",Nilüfer - Bursa - Türkiye,188 TL,TRY,40,Beauty & Personal Care,Budget
164,Kıvılcım Seven, kivilcim.seven164@example.com ,0506 530 74 50,2024-01-21,2025-10-02,Şehzadeler - Manisa - Türkiye,588 TL,TRY, 70 ,Home & Garden,Premium
131,Minibe Ülker,minibe.ulker131@example.com,+90 539 596 29 23,15/10/2024,07/09/2025,"Bursa, Nilüfer",360 TL,TRY, 69 ,Toys & Games,Budget
20,Tınal Aslan,tinal.aslan20@outlok.com,+90 536 541 45 86,20/02/2022,05-11-2025,Pamukkale - Denizli - Türkiye,₺427,TRY,71,Sports & Outdoors,Regular
112,Yrd. Doç. Fehmiye Havali Bilge,yrd.doc.fehmiye.havali.bilge112@example.com,+905014890259,10-14-2024,25/01/2025,"Türkiye, Denizli, Pamukkale","288,85",,55,Electronics,Budget
406,Hazrat Melihcan Demir Arslan, hazrat.melihcan.demir.arslan406@example.com ,0536 668 45 90,2022-10-07,2025-07-19,"Türkiye, Samsun, Atakum",$376.11,USD,68,Home & Garden,Budget
366,Arş. Gör. Güverçin Şirivan Türk Gül, ars.gor.guvercin.sirivan.turk.gul366@example.com ,+90 543 380 05 45,2022-02-25,01-20-2026,"Türkiye, Samsun, Atakum","158,03",,28,Books,Budget
262,Muvaffak Avşin Hayrioğlu, muvaffak.avsin.hayrioglu262@example.com ,+90  545   561 68  14 ,2023-04-23,04-29-2026,"Türkiye, Ankara, Çankaya","133,48",,26,Electronics,Budget
33,Dr. Aysuna Bilge Demir,dr.aysuna.bilge.demir33@example.com,+90 537 996 50 75,2024-12-05,24/08/2025,Toroslar - Mersin - Türkiye,₺267,TRY,49,Toys & Games,Budget
459,Gülay Günar Şama,gulay.gunar.sama459@outlok.com,+905823414369,2023-04-17,2025-05-26,Şahinbey - Gaziantep - Türkiye,₺514,TRY,63,Toys & Games,Premium
163,Fayize Demirel Bilir,fayize.demirel.bilir163@example.com,0564 679 97 02,27/05/2024,2026-04-22,Konak - İzmir,"223,42",,43,Toys & Games,Budget
434,Kâzime İslime Yorulmaz,kzime.islime.yorulmaz434@example.com,0509 184 35 79,2022-02-06,"September 13, 2025",Ortahisar - Trabzon,$493.84,USD, 60 ,Beauty & Personal Care,Premium
484,Feremez İnançlı Güçlü, feremez.inancli.guclu484@example.com ,0539 043 83 03,2024-06-09,02-06-2025,Bursa - Türkiye,$160.65,USD,23,Electronics,New
50,Av. Behiza İnönü Duran,av.behiza.inonu.duran50@gmial.com,+90  536   713 69  59 ,16/04/2024,2025-04-15,"Türkiye, Diyarbakır",$324.70,USD,sixty-two,Groceries,Budget
110,Aygönenç Neslinur Bilir Tarhan,aygonenc.neslinur.bilir.tarhan110@gmial.com,+905526156793,01-15-2022,09/06/2025,"Türkiye, Manisa, Şehzadeler","140,34",,,Books,Budget
309,Sevim Eraslan, sevim.eraslan309@example.com ,+905573284106,2023-02-24,06-27-2026,Samsun,355 TL,TRY,67,Clothing,Budget
174,Tayyip Duran, tayyip.duran174@example.com ,+90 509 991 73 81,02-17-2022,2025-05-31,"Türkiye, Bursa",$269.58,USD,42,Toys & Games,Regular
385,Safinaz Ayçan Arslan Tevetoğlu, safinaz.aycan.arslan.tevetoglu385@example.com ,+90 503 399 37 88,16/10/2023,10-28-2025,Keçiören - Ankara - Türkiye,$82.11,USD,25,Books,Budget
71,Aygutalp İhsanoğlu, aygutalp.ihsanoglu71@example.com ,+905407581314,24/06/2025,08-11-2025,"Türkiye, Manisa, Şehzadeler",$348.55,USD,66,Toys & Games,Budget
414,Arş. Gör. Sebattin İvecen Ülker,ars.gor.sebattin.ivecen.ulker414@yaho.com,0541 862 10 42,2023-06-24,2025-07-14,"Türkiye, Gaziantep, Şehitkamil",₺188,TRY,40,Home & Garden,Budget
394,Necva Yılmaz, necva.yilmaz394@example.com ,+90 509 543 17 35,2025-08-23,"September 26, 2025","Türkiye, Şanlıurfa, Eyyübiye",₺362,TRY,70,Sports & Outdoors,Budget
441,Gündüzalp Tevetoğlu, gunduzalp.tevetoglu441@example.com ,+905160875843,2023-02-23,2025-02-22,"Türkiye, Manisa, Şehzadeler",371 TL,TRY,61,Toys & Games,Regular
280,Fazul Gül,fazul.gul280@outlok.com,+90547128144,06-30-2022,2025-05-25,Şehzadeler - Manisa - Türkiye,213 TL,TRY,35,Sports & Outdoors,Budget
388,Öğr. Deryanur Ergül Akdeniz,ogr.deryanur.ergul.akdeniz388@example.com,+905002687691,23/04/2022,"April 25, 2026",Şişli - İstanbul - Türkiye,"318,90",, 59 ,Electronics,Budget
410,Çıvgın Yaman, civgin.yaman410@example.com ,+90 572 994 93 87,2024-05-27,2025-03-15,"Türkiye, Kayseri, Kocasinan",$135.95,USD,30,Clothing,Budget
241,Kösemen Dumanlı, kosemen.dumanli241@example.com ,+90  552   245 93  34 ,"April 06, 2024",03-17-2025,Keçiören - Ankara,"179,26",,23,Clothing,Regular
393,Mevlüdiye Çamurcuoğlu,mevludiye.camurcuoglu393@example.com,+90  536   133 25  41 ,2022-06-09,2026-04-21,"Van, İpekyolu",₺285,TRY,58,Toys & Games,Budget
84,Tayaydın Atalay Seven,tayaydin.atalay.seven84@example.com,+90 559 532 78 77,21/03/2024,2025-06-03,"Türkiye, Konya, Meram","258,54",,49,Beauty & Personal Care,Budget
167,Çoğay Durdu, cogay.durdu167@example.com ,+905857972798,2023-12-27,2025-08-16,"Türkiye, Bursa",$225.24,USD,40,Clothing,Budget
500,Hüsmen Çetin,husmen.cetin500@example.com,0500 258 95 52,"September 28, 2022",2026-03-18,Pamukkale - Denizli - Türkiye,240 TL,TRY,45,Sports & Outdoors,Budget
446,Öğr. Yazgül Yasemen Mansız Aksu, ogr.yazgul.yasemen.mansiz.aksu446@example.com ,+905419267646,2025-03-31,2025-10-14,"Türkiye, Gaziantep, Şahinbey",106 TL,TRY,24,Clothing,Budget
446,Öğr. Yazgül Yasemen Mansız Aksu, ogr.yazgul.yasemen.mansiz.aksu446@example.com ,0541 926 76 49,03-31-2025,05-27-2026,Şahinbey - Gaziantep - Türkiye,"155,50",,24,Home & Garden,Budget
446,Öğr. Yazgül Yasemen Mansız Aksu,ogr.yazgul.yasemen.mansiz.aksu446@gmial.com,+905419467649,2025-03-31,"April 01, 2026",Şahinbey - Gaziantep - Türkiye,"141,31",,,Home & Garden,Budget
382,Mengi Sakarya, mengi.sakarya382@example.com ,+905433941895,09-12-2023,2025-01-16,Yenimahalle - Ankara - Türkiye,$306.86,USD,55,Home & Garden,Budget
422,Kopan Bilge,kopan.bilge422@example.com,+905023312983,08-16-2024,2025-02-08,Şehitkamil - Gaziantep - Türkiye,$250.63,USD,50,Toys & Games,Budget
151,Özakan Mazlum Bilgin Akçay,ozakan.mazlum.bilgin.akcay151@yaho.com,+90558759856,2024-06-07,2026-04-16,"Türkiye, İstanbul, Şişli","149,54",,29,Toys & Games,Budget
266,Dr. Selime İnönü Yorulmaz, dr.selime.inonu.yorulmaz266@example.com ,+90  582   357 84  52 ,2021-08-20,10-19-2025,Çukurova - Adana - Türkiye,"340,99",, 73 ,Books,Budget
298,Av. Zevlüde Türk Mansız,av.zevlude.turk.mansiz298@outlok.com,+90 562 534 92 92,09-16-2022,2026-04-18,"Türkiye, Konya, Meram","450,69",,53,Electronics,Premium
174,Tayyip Duran,tayyip.duran174@yaho.com,+905091917381,02-17-2022,09/05/2026,Bursa - Türkiye,$286.43,USD,42,Toys & Games,Regular
134,Dalkılıç Seven,dalkilic.seven134@example.com,+90  541   541 52  06 ,10/06/2022,27/06/2025,Odunpazarı - Eskişehir - Türkiye,₺365,TRY,37,Toys & Games,Premium
238,Teber Bilir,teber.bilir238@yaho.com,+90  558   556 65  93 ,16/10/2022,"February 08, 2025","Türkiye, Mersin, Yenişehir","271,56",,52,Toys & Games,Budget
495,Yrd. Doç. Kızıltunç Cindoruk Ülker,yrd.doc.kiziltunc.cindoruk.ulker495@outlok.com,+90575164872,2022-05-23,2025-11-27,"Türkiye, Erzurum, Yakutiye",₺287,TRY, 46 ,Clothing,Regular
109,Aköz Hançer,akoz.hancer109@outlok.com,+90  548   408 62  11 ,2023-01-04,2025-12-01,"Türkiye, Manisa, Şehzadeler",138 TL,TRY,27,Sports & Outdoors,Budget
8,Çerçi Sezgin,cerci.sezgin8@example.com,+90  582   489 63  83 ,13/12/2021,"February 28, 2025","Türkiye, Antalya, Kepez",$237.47,USD,37,Books,Regular
121,Necva Şensoy,necva.sensoy121@example.com,+90 556 465 19 39,2022-11-21,02/12/2025,"Türkiye, Şanlıurfa, Eyyübiye",171 TL,TRY,29,Electronics,Regular
466,Doç. Metinkaya Türk,doc.metinkaya.turk466@example.com,+90 502 368 48 55,08/06/2023,"April 19, 2026","Türkiye, Diyarbakır, Kayapınar",484 TL,TRY,58,Toys & Games,Premium
32,Nevsale Bilgin Yaman, nevsale.bilgin.yaman32@example.com ,+90 506 716 57 26,17/12/2024,"March 19, 2025","Kayseri, Kocasinan",362 TL,TRY,64,Sports & Outdoors,Regular
54,Piran Nurda Dumanlı,piran.nurda.dumanli54@outlok.com,+90537098593,2022-05-21,09-14-2025,Üsküdar - İstanbul - Türkiye,₺384,TRY,70,Home & Garden,Regular
384,Dürrüşehvar Seven,durrusehvar.seven384@gmial.com,0524 124 62 09,"February 15, 2024",20/03/2025,Melikgazi - Kayseri - Türkiye,117 TL,TRY,29,Books,Budget
400,Özpetek Tevetoğlu,ozpetek.tevetoglu400@hotnail.com,0553 473 55 28,"June 15, 2022","August 25, 2025","Türkiye, Trabzon, Ortahisar",467 TL,TRY,74,Clothing,Regular
250,Rahiye Kumral Zorlu,rahiye.kumral.zorlu250@example.com,+90  532   562 16  89 ,"June 10, 2022",01-07-2025,"Türkiye, İstanbul, Üsküdar",324 TL,TRY,61,Beauty & Personal Care,Budget
208,Hürdoğan Sezgin,hurdogan.sezgin208@hotnail.com,+90  543   222 59  13 ,08-16-2023,2025-10-30,"Türkiye, Şanlıurfa, Eyyübiye","337,69",,69,Groceries,Budget
431,Dr. Özge Musaffa Bilge Şener,dr.ozge.musaffa.bilge.sener431@example.com,+905121216141,"January 12, 2024",11-03-2025,Diyarbakır - Türkiye,98 TL,TRY,19,Books,Regular
411,Maksüde Hayrioğlu, maksude.hayrioglu411@example.com ,+90516385977,"May 10, 2023",2026-05-08,Kepez - Antalya - Türkiye,$273.17,USD,54,Electronics,Budget
281,İmrihan İde Ülker,imrihan.ide.ulker281@yaho.com,+90 537 280 51 29,"January 31, 2025",05-21-2025,"Türkiye, Mersin, Yenişehir","437,86",,71,Home & Garden,Regular
260,Boztaş Gürelcem Seven Sezer,boztas.gurelcem.seven.sezer260@example.com,+90 533 977 67 19,"August 01, 2022",04-01-2025,Şehzadeler - Manisa - Türkiye,76 TL,TRY,18,Toys & Games,Budget
142,Büşranur Alemdar, busranur.alemdar142@example.com ,+90  575   622 08  63 ,02-22-2024,30/11/2025,Şahinbey - Gaziantep - Türkiye,213 TL,TRY,33,Sports & Outdoors,Regular
392,Asiman Akçay, asiman.akcay392@example.com ,+90 530 468 75 06,2024-11-09,2026-02-15,"Türkiye, Ankara",$187.44,USD,39,Groceries,Budget
280,Fazul Gül,fazul.gul280@example.com,0547 128 14 42,2022-06-30,03/11/2025,"Türkiye, Manisa",196 TL,TRY, 35 ,Electronics,Budget
210,Çisem Yılmaz, cisem.yilmaz210@example.com ,+90537972369,"February 23, 2025",2025-09-06,Melikgazi - Kayseri - Türkiye,"416,38",,sixty-eight,Toys & Games,Regular
419,Kutay Afer Hayrioğlu Aksu,kutay.afer.hayrioglu.aksu419@example.com,0562 525 71 50,2022-07-15,2026-02-11,Osmangazi - Bursa - Türkiye,316 TL,TRY, 55 ,Groceries,Regular
464,Sücaettin Kısakürek,sucaettin.kisakurek464@example.com,+904108255598,2022-07-23,21/06/2025,"Türkiye, Kayseri, Melikgazi","204,89",,,Sports & Outdoors,Budget
384,Dürrüşehvar Seven,durrusehvar.seven384@example.com,0524 124 62 09,15/02/2024,"March 07, 2025",Melikgazi - Kayseri - Türkiye,₺150,TRY,29,Sports & Outdoors,Budget
158,Yahşi Soylu, yahsi.soylu158@example.com ,+90 501 533 68 84,31/03/2022,05/06/2025,"Türkiye, İzmir, Bornova",179 TL,TRY,36,Beauty & Personal Care,Budget
147,Yekda Sezer,yekda.sezer147@outlok.com,+90556153747,2024-06-18,2025-08-03,Kayapınar - Diyarbakır - Türkiye,379 TL,TRY,72,Books,Budget
335,Alaz Eraslan Duran,alaz.eraslan.duran335@example.com,+90  551   484 68  53 ,"August 17, 2023",2025-02-18,"Türkiye, Van, İpekyolu",₺205,TRY,43,Books,Budget
433,Nayil Dumanlı, nayil.dumanli433@example.com ,+90 535 669 05 51,12-06-2025,2026-06-20,"Türkiye, Manisa, Şehzadeler",471 TL,TRY,47,Sports & Outdoors,Premium
204,Av. Atnan Eşref Akgündüz, av.atnan.esref.akgunduz204@example.com ,+90 548 872 56 39,2021-11-02,2025-10-06,"Türkiye, Ankara, Yenimahalle",₺406,TRY,72,Toys & Games,Budget
245,Mazlum Demir, mazlum.demir245@example.com ,+90590425979,02-17-2025,02/02/2026,İpekyolu - Van,209 TL,TRY,46,Sports & Outdoors,Budget
410,Çıvgın Yaman,civgin.yaman410@example.com,+90  572   994 93  87 ,2024-05-27,10-01-2025,Kocasinan - Kayseri - Türkiye,152 TL,TRY,30,Home & Garden,Budget
472,Uz. Gülnaziye Şehza Yaman, uz.gulnaziye.sehza.yaman472@example.com ,+90524042293,07-23-2025,05/11/2025,"Konya, Meram",148 TL,TRY, 27 ,Sports & Outdoors,Budget
3,Suat Şafak,suat.safak3@gmial.com,+907534192832,11/05/2023,2025-10-07,Şehitkamil - Gaziantep - Türkiye,174 TL,TRY,42,Books,Budget
197,Orgün Şensoy,orgun.sensoy197@gmial.com,+90511024819,09-02-2024,11/01/2026,Meram - Konya - Türkiye,204 TL,TRY,34,Groceries,Regular
75,Kaver İhsanoğlu Çetin,kaver.ihsanoglu.cetin75@hotnail.com,+905411667652,03-02-2023,2025-07-15,"Kayseri, Kocasinan",386 TL,TRY,62,Beauty & Personal Care,Regular
231,Seydo Şener,seydo.sener231@outlok.com,+90536663266,2024-09-17,"October 17, 2025","Türkiye, İstanbul",$196.45,USD,34,Groceries,Budget
106,Uğurkan Akçay,ugurkan.akcay106@example.com,0558 771 75 35,2024-03-12,2025-07-05,Kayseri,"205,39",,44,Toys & Games,Budget
233,Binay Huban Demir,binay.huban.demir233@yaho.com,+905474350353,"May 26, 2022","November 15, 2025",Kayapınar - Diyarbakır - Türkiye,"232,01",,45,Electronics,Budget
126,Okt. Minibe Seblâ Tevetoğlu,okt.minibe.sebl.tevetoglu126@gmial.com,+90  541   918 25  53 ,05-20-2023,03-23-2025,Selçuklu - Konya - Türkiye,"115,58",,25,Books,Budget
241,Kösemen Dumanlı, kosemen.dumanli241@example.com ,0552 245 93 34,"April 06, 2024",2025-02-16,"Ankara, Keçiören",$138.12,USD,23,Books,Regular
154,Selmin Mansız,selmin.mansiz154@yaho.com,+90  559   929 37  84 ,2024-12-18,04-22-2026,İpekyolu - Van,$272.23,USD, 49 ,Beauty & Personal Care,Budget
204,Av. Atnan Eşref Akgündüz,av.atnan.esref.akgunduz204@example.com,+90  548   872 56  39 ,2021-11-02,"March 15, 2026","Türkiye, Ankara, Yenimahalle",₺387,TRY,,Groceries,Budget
358,Eyyüp Akdeniz,eyyup.akdeniz358@example.com,+905592461085,"May 08, 2023",04-09-2026,"Türkiye, İzmir",$323.58,USD,61,Books,Budget
411,Maksüde Hayrioğlu, maksude.hayrioglu411@example.com ,+90  516   938 59  77 ,10/05/2023,2025-12-03,Kepez - Antalya - Türkiye,$308.34,USD,54,Home & Garden,Budget
433,Nayil Dumanlı,nayil.dumanli433@example.com,+905356630551,2025-12-06,2026-01-30,Şehzadeler - Manisa,₺448,TRY, 47 ,Electronics,Premium
70,Aliihsan Tunahan Duran Karadeniz, aliihsan.tunahan.duran.karadeniz70@example.com ,+90359774688,2023-08-08,2025-01-16,Yeşilyurt - Malatya - Türkiye,$363.76,USD, 28 ,Groceries,Premium
119,Korugan Şama, korugan.sama119@example.com ,+90  547   212 64  64 ,27/03/2023,2025-07-14,Mersin,₺336,TRY,68,Books,Budget
228,Öğr. Selcen Şama Akçay, ogr.selcen.sama.akcay228@example.com ,+90  562   202 34  13 ,2025-01-05,2025-07-21,"Türkiye, Samsun, Atakum",₺248,TRY,43,Home & Garden,Budget
203,Musaffa Akdeniz, musaffa.akdeniz203@example.com ,0541 108 09 96,2021-08-20,11/05/2025,Kayseri - Türkiye,₺291,TRY,55,Toys & Games,Budget
345,Zeride Sabihe Zengin Korutürk, zeride.sabihe.zengin.koruturk345@example.com ,0596 577 24 29,2024-02-11,"October 29, 2025","Gaziantep, Şahinbey",₺335,TRY,69,Books,Budget
455,Gönen Durmuş,gonen.durmus455@example.com,+90 545 105 26 50,2025-05-19,25/08/2025,Yeşilyurt - Malatya - Türkiye,"266,55",, 45 ,Beauty & Personal Care,Regular
98,Yaşattin Şama,yasattin.sama98@example.com,+90  500   478 68  63 ,2024-07-24,2025-08-27,"Türkiye, Denizli, Pamukkale",258 TL,TRY,47,Electronics,Budget
11,Ceyhun Çorlu,ceyhun.corlu11@outlok.com,+90 510 651 33 38,06-08-2023,2025-08-25,Yenimahalle - Ankara - Türkiye,"171,69",,26,Clothing,Regular
84,Tayaydın Atalay Seven,tayaydin.atalay.seven84@gmial.com,+90 559 532 78 77,03-21-2024,04-08-2026,"Türkiye, Konya, Meram",₺273,TRY,49,Toys & Games,Budget
202,Öğr. Seblâ Alemdar Gül, ogr.sebl.alemdar.gul202@example.com ,+90 553 364 52 57,2023-05-10,15/12/2025,"Türkiye, Manisa, Şehzadeler",₺279,TRY,46,Sports & Outdoors,Regular
470,Kamar Tarhan,kamar.tarhan470@example.com,+905534640891,11-24-2021,2025-09-09,Odunpazarı - Eskişehir - Türkiye,₺433,TRY,65,Clothing,Regular
414,Arş. Gör. Sebattin İvecen Ülker,ars.gor.sebattin.ivecen.ulker414@gmial.com,+90 541 862 10 42,"June 24, 2023",2025-12-19,Şehitkamil - Gaziantep - Türkiye,194 TL,TRY,40,Beauty & Personal Care,Budget
34,Tekbay Aksu, tekbay.aksu34@example.com ,+90544808313,11-29-2021,07-23-2025,Toroslar - Mersin - Türkiye,"266,27",,44,Toys & Games,Regular
381,Dr. Buşra Karadeniz Çorlu,dr.busra.karadeniz.corlu381@example.com,+90512048181,2024-11-13,"June 09, 2026","Türkiye, Diyarbakır","387,15",, 57 ,Sports & Outdoors,Regular
107,Sancak Türk, sancak.turk107@example.com ,0504 899 64 23,"February 06, 2024","December 05, 2025",Şahinbey - Gaziantep - Türkiye,"187,91",,32,Beauty & Personal Care,Regular
67,Erdursun Dalkılıç Akar Duran,erdursun.dalkilic.akar.duran67@example.com,+90 507 935 97 82,08/08/2025,12-31-2025,"Türkiye, Eskişehir, Odunpazarı",₺225,TRY,46,Sports & Outdoors,Budget
79,Çakırca Gücal Yorulmaz, cakirca.gucal.yorulmaz79@example.com ,+90547394712,"July 14, 2025",02-03-2026,"Bursa, Osmangazi",₺276,TRY, 46 ,Toys & Games,Budget
461,Galip Akdeniz,galip.akdeniz461@example.com,+905706684335,2023-07-24,2026-05-04,"Türkiye, Manisa, Şehzadeler",$271.79,USD, 48 ,Groceries,Budget
462,Ortak Ömür Duran Karadeniz,ortak.omur.duran.karadeniz462@gmial.com,+90514545635,06/09/2025,17/12/2025,Pamukkale - Denizli - Türkiye,₺135,TRY,29,Books,Budget
357,Okt. Öngen Bilgen Çetin,okt.ongen.bilgen.cetin357@outlok.com,+905515837768,06-11-2024,21/03/2026,"Türkiye, Kayseri, Melikgazi",321 TL,TRY, 54 ,Books,Regular
285,Veis Yüksel,veis.yuksel285@yaho.com,+905097093911,19/06/2025,25/09/2025,Selçuklu - Konya - Türkiye,$417.78,USD,72,Books,Regular
227,Dr. Akyıldız Durdu Arslan, dr.akyildiz.durdu.arslan227@example.com ,+90 553 554 49 64,2023-06-15,10/06/2025,Konak - İzmir - Türkiye,$559.75,USD,67,Electronics,Premium
188,Nafii Sezer,nafii.sezer188@example.com,+90 510 272 61 49,2024-11-06,"July 17, 2025","Türkiye, Diyarbakır, Kayapınar",$117.01,USD,30,Electronics,Budget
387,Bişar Ülker, bisar.ulker387@example.com ,+90  574   355 37  95 ,2025-11-10,06-12-2026,"Türkiye, Bursa, Nilüfer","314,80",,sixty-two,Electronics,Budget
385,Safinaz Ayçan Arslan Tevetoğlu, safinaz.aycan.arslan.tevetoglu385@example.com ,+90  503   399 37  88 ,10-16-2023,2025-01-27,"Türkiye, Ankara, Keçiören","106,93",, 25 ,Electronics,Budget
68,Uz. Sadiye Gülbiye Aslan Ertaş,uz.sadiye.gulbiye.aslan.ertas68@hotnail.com,+90  551   518 64  49 ,02-08-2025,11-21-2025,Odunpazarı - Eskişehir,₺199,TRY,39,Sports & Outdoors,Budget
500,Hüsmen Çetin,husmen.cetin500@gmial.com,+905082589552,"September 28, 2022","February 07, 2025",Pamukkale - Denizli - Türkiye,"221,68",, 45 ,Electronics,Budget
205,Öğr. Sezen Üge Mansız Ülker,ogr.sezen.uge.mansiz.ulker205@example.com,+90572299270,20/09/2024,13/05/2025,Kayapınar - Diyarbakır - Türkiye,"393,44",, 66 ,Clothing,Regular
241,Kösemen Dumanlı, kosemen.dumanli241@example.com ,+90 552 245 93 34,2024-04-06,"February 28, 2025",Keçiören - Ankara - Türkiye,₺145,TRY, 23 ,Home & Garden,Regular
423,Nalân Güverçin Şama, naln.guvercin.sama423@example.com ,+90  506   614 98  28 ,2021-11-15,2025-07-30,Kayapınar - Diyarbakır - Türkiye,₺134,TRY, 29 ,Home & Garden,Budget
497,Remazan Duran,remazan.duran497@example.com,+90  555   044 81  77 ,2023-08-18,"January 12, 2026","Türkiye, Van, İpekyolu",247 TL,TRY,44,Groceries,Regular
130,Tümer Çamurcuoğlu, tumer.camurcuoglu130@example.com ,+905361340755,2025-06-17,2025-08-07,"Türkiye, Erzurum, Yakutiye",₺434,TRY,,Beauty & Personal Care,Premium
354,Heva Yaman,heva.yaman354@outlok.com,+90552017749,2022-04-05,23/06/2025,"Türkiye, Van, İpekyolu",₺97,TRY,18,Electronics,Budget
73,Koçak Akçay, kocak.akcay73@example.com ,+90560953962,2022-03-23,2026-06-03,"Türkiye, Gaziantep, Şahinbey",$328.34,USD,60,Home & Garden,Budget
325,Aybora Çamurcuoğlu,aybora.camurcuoglu325@example.com,+90 554 801 57 16,2024-05-11,2025-03-09,Antalya - Türkiye,₺279,TRY,47,Beauty & Personal Care,Regular
331,Dilşat Ertaş,dilsat.ertas331@hotnail.com,+905590361655,2023-08-22,04-25-2026,Kepez - Antalya - Türkiye,$206.78,USD, 40 ,Clothing,Budget
381,Dr. Buşra Karadeniz Çorlu,dr.busra.karadeniz.corlu381@gmial.com,+90 512 094 81 81,11-13-2024,2025-12-08,Kayapınar - Diyarbakır - Türkiye,"337,95",,57,Books,Regular
68,Uz. Sadiye Gülbiye Aslan Ertaş,uz.sadiye.gulbiye.aslan.ertas68@example.com,+90  551   518 64  49 ,08/02/2025,2025-09-13,Odunpazarı - Eskişehir - Türkiye,224 TL,TRY,39,Beauty & Personal Care,Budget
473,Ayülker Şensoy, ayulker.sensoy473@example.com ,+905010063142,2022-06-07,13/02/2025,Gaziantep - Türkiye,$285.85,USD, 56 ,Groceries,Budget
132,Yeneral Ginyas Zorlu Hançer, yeneral.ginyas.zorlu.hancer132@example.com ,+90512604232,"December 17, 2021",23/02/2025,"Türkiye, Samsun, Atakum",$386.75,USD,38,Toys & Games,Premium
61,Yigit İhsanoğlu,yigit.ihsanoglu61@hotnail.com,+905445552296,"July 23, 2025","February 27, 2026","Türkiye, Şanlıurfa, Eyyübiye","331,69",,27,Clothing,Premium
284,Sevdinar İhsanoğlu Hayrioğlu,sevdinar.ihsanoglu.hayrioglu284@hotnail.com,+90 501 061 81 75,09-19-2024,2026-01-08,"Türkiye, Eskişehir, Odunpazarı","324,04",,64,Home & Garden,Budget
340,Tenvir Alemdar,tenvir.alemdar340@example.com,0532 123 47 64,08-23-2022,02-19-2025,Şehitkamil - Gaziantep - Türkiye,₺147,TRY,21,Toys & Games,Regular
462,Ortak Ömür Duran Karadeniz, ortak.omur.duran.karadeniz462@example.com ,+90541454563,2025-09-06,2026-02-23,"Türkiye, Denizli, Pamukkale",₺122,TRY, 29 ,Groceries,Budget
487,Adlan Eraslan,adlan.eraslan487@outlok.com,+90502481775,12-30-2024,19/10/2025,Eyyübiye - Şanlıurfa - Türkiye,₺170,TRY,36,Sports & Outdoors,Budget
465,Buhari Akçay,buhari.akcay465@example.com,+90 596 112 91 09,04-12-2022,24/06/2026,"Türkiye, Mersin, Yenişehir","365,37",,70,Books,Budget
462,Ortak Ömür Duran Karadeniz,ortak.omur.duran.karadeniz462@example.com,+905414545631,2025-09-06,02/10/2025,Denizli - Türkiye,₺129,TRY, 29 ,Electronics,Budget
58,Eflâtun Arcan Akçay, efltun.arcan.akcay58@example.com ,0505 395 02 40,03-28-2025,05/10/2025,"Türkiye, İstanbul, Beşiktaş",₺368,TRY,65,Toys & Games,Regular
489,Dr. Mahter Havse Hançer,dr.mahter.havse.hancer489@yaho.com,+90 505 466 92 75,2023-01-28,14/11/2025,İpekyolu - Van,432 TL,TRY,72,Beauty & Personal Care,Regular
487,Adlan Eraslan,adlan.eraslan487@hotnail.com,+902024817175,30/12/2024,2025-03-17,"Türkiye, Şanlıurfa, Eyyübiye","189,99",,36,Beauty & Personal Care,Budget
301,Alice'); DROP TABLE cleaned_records;--,cetinsu.temizkal.demirel.bilge301@gmial.com,+90542990772,2022-01-02,04-02-2025,"Türkiye, İstanbul, Şişli","207,08",,43,Books,Budget
483,Eşim Yaman, esim.yaman483@example.com ,+905341115350,"August 09, 2024",2025-02-26,"Türkiye, Erzurum","205,56",,36,Beauty & Personal Care,Budget
414,Arş. Gör. Sebattin İvecen Ülker,ars.gor.sebattin.ivecen.ulker414@example.com,+905418321042,2023-06-24,08-30-2025,Şehitkamil - Gaziantep - Türkiye,$221.99,USD, 40 ,Clothing,Budget
381,Dr. Buşra Karadeniz Çorlu,dr.busra.karadeniz.corlu381@gmial.com,+905128948181,2024-11-13,"January 25, 2025",Kayapınar - Diyarbakır - Türkiye,$373.06,USD,57,Home & Garden,Regular
192,Permun Akça Demirel,permun.akca.demirel192@yaho.com,+90539893347,14/12/2024,05-23-2026,Konya - Türkiye,$306.22,USD, 61 ,Home & Garden,Budget
335,Alaz Eraslan Duran,alaz.eraslan.duran335@example.com,+90  551   484 68  53 ,2023-08-17,"July 28, 2025",Van,202 TL,TRY,43,Beauty & Personal Care,Budget
436,Bayan Açılay Nili Karadeniz Arslan, bayan.acilay.nili.karadeniz.arslan436@example.com ,+90 556 716 49 32,2023-01-12,04-01-2025,Şehzadeler - Manisa - Türkiye,₺442,TRY,74,Home & Garden,Regular
494,Tanyolaç Ergül, tanyolac.ergul494@example.com ,+905120165423,12-28-2023,2025-05-07,Yeşilyurt - Malatya,$259.52,USD,44,Clothing,Regular
366,Arş. Gör. Güverçin Şirivan Türk Gül, ars.gor.guvercin.sirivan.turk.gul366@example.com ,0543 380 05 45,"February 25, 2022",2025-08-24,"Türkiye, Samsun, Atakum",$118.08,USD,twenty-eight,Books,Budget
2,Uz. Zamir Açıkel Tarhan,uz.zamir.acikel.tarhan2@hotnail.com,+905161843593,12-31-2021,"March 25, 2025",Şahinbey - Gaziantep - Türkiye,₺99,TRY, 22 ,Groceries,Budget
48,Hayrünnisa Ağbegim Yüksel, hayrunnisa.agbegim.yuksel48@example.com ,+90 572 400 50 45,11-06-2023,"February 07, 2026",Eyyübiye - Şanlıurfa - Türkiye,₺230,TRY,45,Sports & Outdoors,Budget
394,Necva Yılmaz,necva.yilmaz394@yaho.com,0509 543 17 35,2025-08-23,2025-10-22,"Türkiye, Şanlıurfa, Eyyübiye","348,85",,70,Sports & Outdoors,Budget
457,Tonguç Ülker,tonguc.ulker457@outlok.com,+90  516   787 25  68 ,"November 17, 2021",2026-03-14,"Türkiye, Şanlıurfa, Eyyübiye",₺554,TRY, 65 ,Sports & Outdoors,Premium
139,Seçgül Dumanlı, secgul.dumanli139@example.com ,+90575884254,11-02-2021,2026-02-06,İzmir,$377.00,USD,74,Sports & Outdoors,Budget
486,Öğr. Şöhret Yılmaz Akçay,ogr.sohret.yilmaz.akcay486@example.com,+90  559   606 33  99 ,2025-07-12,2025-10-07,"Türkiye, Malatya, Yeşilyurt",₺189,TRY,27,Home & Garden,Regular
243,Servinaz Belkize Tarhan,servinaz.belkize.tarhan243@yaho.com,+90  558   320 67  99 ,02-13-2023,2025-09-06,Manisa - Türkiye,"89,07",,23,Electronics,Budget
338,Deryanur Hasgül Güçlü Yıldırım,deryanur.hasgul.guclu.yildirim338@outlok.com,+909070015941,01/09/2023,30/01/2026,"Türkiye, Mersin, Yenişehir","436,90",, 75 ,Clothing,Regular
374,Servinaz Tülin Tevetoğlu,servinaz.tulin.tevetoglu374@outlok.com,+90534185628,"December 01, 2022",2025-02-08,"Türkiye, Samsun, Atakum",₺200,TRY,36,Beauty & Personal Care,Budget
92,Behiza Hezniye Arsoy Arslan, behiza.hezniye.arsoy.arslan92@example.com ,0530 165 71 20,"November 11, 2022",04/02/2025,"Türkiye, Mersin, Toroslar",$200.13,USD,28,Groceries,Regular
69,Av. Arıkol Mirbadin Sezgin,av.arikol.mirbadin.sezgin69@outlok.com,+90562914865,"March 26, 2025",11/03/2026,"Türkiye, Antalya, Kepez",$492.01,USD,60,Clothing,Premium
453,Hiçsönmez Hançer, hicsonmez.hancer453@example.com ,+905197283215,2025-03-14,2026-01-24,"Türkiye, Gaziantep",₺302,TRY,50,Beauty & Personal Care,Regular
274,Oliver İhsanoğlu,oliver.ihsanoglu274@gmial.com,+905566618327,03-03-2025,08-21-2025,Çankaya - Ankara,₺188,TRY,thirty,Toys & Games,Regular
427,Erinçer Akar,erincer.akar427@example.com,+90  524   972 43  99 ,"March 26, 2022",11/02/2025,İlkadım - Samsun - Türkiye,362 TL,TRY,71,Groceries,Budget
179,Muvaffak Hayrioğlu, muvaffak.hayrioglu179@example.com ,+905648909310,09-05-2025,13/10/2025,İlkadım - Samsun - Türkiye,$322.67,USD,62,Books,Budget
109,Aköz Hançer, akoz.hancer109@example.com ,0548 408 62 11,2023-01-04,2025-07-29,"Türkiye, Manisa, Şehzadeler",$118.05,USD,27,Groceries,Budget
172,Bayan Oluş Şama Ülker,bayan.olus.sama.ulker172@example.com,+905584282447,2025-03-25,"November 22, 2025",Şehitkamil - Gaziantep - Türkiye,"342,73",, 65 ,Groceries,Budget
312,Okt. İmrihan Melikkan Şener Şafak,okt.imrihan.melikkan.sener.safak312@gmial.com,+90  537   674 26  62 ,28/08/2022,2026-03-17,Kayapınar - Diyarbakır - Türkiye,$286.90,USD,56,Home & Garden,Budget
311,Zöhrehan Ferhan Erdoğan,zohrehan.ferhan.erdogan311@hotnail.com,0556 265 65 04,2024-01-06,06-04-2026,Kayapınar - Diyarbakır - Türkiye,$196.65,USD,40,Home & Garden,Budget
60,Çev. Tüzeer Nurullah Bilir,cev.tuzeer.nurullah.bilir60@yaho.com,+901560494519,02-07-2023,10-09-2025,"Türkiye, Manisa, Şehzadeler",$147.60,USD,31,Clothing,Budget
73,Koçak Akçay,kocak.akcay73@hotnail.com,+90  546   095 39  62 ,"March 23, 2022",05-05-2025,Şahinbey - Gaziantep - Türkiye,₺307,TRY,60,Clothing,Budget
75,Kaver İhsanoğlu Çetin,kaver.ihsanoglu.cetin75@outlok.com,+905475667652,"March 02, 2023",2026-03-13,"Türkiye, Kayseri, Kocasinan",₺358,TRY,sixty-two,Beauty & Personal Care,Regular
391,Tanbay İhsanoğlu,tanbay.ihsanoglu391@yaho.com,0506 056 64 18,"May 02, 2023",2025-12-11,Osmangazi - Bursa - Türkiye,$317.07,USD, 49 ,Books,Regular
428,Yrd. Doç. Birgit İnönü, yrd.doc.birgit.inonu428@example.com ,+90  544   886 94  61 ,2025-05-03,30/07/2025,Nilüfer - Bursa - Türkiye,362 TL,TRY,58,Home & Garden,Regular
195,Özpınar Selâtin Çetin Türk,ozpinar.seltin.cetin.turk195@example.com,+905579993056,24/04/2025,2026-06-02,İstanbul - Türkiye,₺209,TRY,42,Home & Garden,Budget
52,Arş. Gör. Firdevis Eraslan Fırat,ars.gor.firdevis.eraslan.firat52@gmial.com,+90 510 470 95 21,17/04/2024,2025-03-27,"Türkiye, Mersin, Yenişehir",$386.73,USD,thirty-eight,Groceries,Premium
118,Haliye Habibe Yıldırım,haliye.habibe.yildirim118@gmial.com,+90  546   618 39  82 ,08/02/2022,"January 06, 2025",Nilüfer - Bursa - Türkiye,178 TL,TRY,42,Books,Budget
48,Hayrünnisa Ağbegim Yüksel,hayrunnisa.agbegim.yuksel48@outlok.com,+90  572   400 50  45 ,06/11/2023,2025-03-30,"Türkiye, Şanlıurfa, Eyyübiye",₺187,TRY, 45 ,Sports & Outdoors,Budget
449,Bağdat Şama,bagdat.sama449@example.com,+90 543 598 92 62,05/03/2024,2025-05-01,Karşıyaka - İzmir - Türkiye,₺390,TRY,68,Sports & Outdoors,Regular
224,Eskinalp Türk, eskinalp.turk224@example.com ,+90506120347,2023-06-05,04/09/2025,"Türkiye, Erzurum, Yakutiye",339 TL,TRY,,Beauty & Personal Care,Budget
378,Ruhugül Gül Sakarya, ruhugul.gul.sakarya378@example.com ,+90 502 851 96 11,"November 17, 2023",2026-03-12,Diyarbakır - Türkiye,$316.37,USD,54,Electronics,Budget
16,Alanalp Ülker, alanalp.ulker16@example.com ,0554 278 49 80,"March 16, 2022",12/02/2026,"Van, İpekyolu","421,31",,70,Clothing,Regular
347,Robert'); DROP TABLE customers;--,ivecen.oganer.mansiz.seven347@example.com,0534 206 96 94,10/02/2025,2026-02-01,"Türkiye, İzmir, Bornova",163 TL,TRY,23,Beauty & Personal Care,New
31,İlklima Şafak,ilklima.safak31@example.com,+90  574   529 91  24 ,2025-05-05,2025-06-25,"Türkiye, Van, İpekyolu",303 TL,TRY,55,Clothing,Budget
179,Muvaffak Hayrioğlu,muvaffak.hayrioglu179@outlok.com,+90564890900,05/09/2025,2025-12-06,"Türkiye, Samsun, İlkadım",$337.69,USD,62,Toys & Games,Budget
311,Zöhrehan Ferhan Erdoğan,zohrehan.ferhan.erdogan311@example.com,+90  556   265 65  04 ,2024-01-06,2025-03-06,Diyarbakır - Türkiye,$220.65,USD,40,Toys & Games,Budget
3,Suat Şafak, suat.safak3@example.com ,+90  553   419 28  32 ,11/05/2023,2026-05-14,Gaziantep - Türkiye,$231.95,USD,42,Groceries,Budget
342,Aktemür Göken Soylu,aktemur.goken.soylu342@hotnail.com,+905034862518,08-15-2024,17/02/2026,Kadıköy - İstanbul - Türkiye,406 TL,TRY,72,Home & Garden,Regular
392,Asiman Akçay,asiman.akcay392@example.com,0530 468 75 06,2024-11-09,2025-05-19,"Türkiye, Ankara, Yenimahalle",₺194,TRY,39,Clothing,Budget
418,Yrd. Doç. Rana Rümeysa Arslan, yrd.doc.rana.rumeysa.arslan418@example.com ,+905017649718,10-04-2022,2025-12-06,Toroslar - Mersin - Türkiye,$156.55,USD, 28 ,Books,Budget
6,Yağızkurt Şensoy,yagizkurt.sensoy6@example.com,+90  548   018 45  14 ,06/07/2023,2026-06-30,Bursa - Türkiye,169 TL,TRY,28,Electronics,Regular
410,Çıvgın Yaman, civgin.yaman410@example.com ,+90572949387,"May 27, 2024",2025-12-17,"Türkiye, Kayseri, Kocasinan",₺160,TRY,30,Groceries,Budget
3,Suat Şafak,suat.safak3@example.com,+90  553   419 28  32 ,05-11-2023,2025-12-07,"Türkiye, Gaziantep, Şehitkamil","224,31",,42,Home & Garden,Budget
468,Seniha Hasgül Duran,seniha.hasgul.duran468@yaho.com,+90 543 448 12 30,"December 16, 2022",03-31-2025,Yeşilyurt - Malatya - Türkiye,"162,66",,,Home & Garden,Budget
111,Dr. Ağakişi Hükümdar Öcalan, dr.agakisi.hukumdar.ocalan111@example.com ,0501 666 87 00,2022-01-03,19/03/2026,"İzmir, Karşıyaka",₺150,TRY,28,Sports & Outdoors,Budget
115,Prof. Huban Kerime Aksu,prof.huban.kerime.aksu115@hotnail.com,+90547735862,19/02/2022,05-13-2025,"Türkiye, Eskişehir, Odunpazarı",362 TL,TRY, 55 ,Clothing,Regular
321,Gürcüye Gülev Mansız Eraslan, gurcuye.gulev.mansiz.eraslan321@example.com ,+90 501 193 93 25,2025-10-14,2025-10-26,Bursa - Türkiye,105 TL,TRY,23,Clothing,Budget
405,Günebakan İnönü, gunebakan.inonu405@example.com ,+90537705292,27/03/2024,17/02/2026,"Türkiye, Denizli, Pamukkale",₺332,TRY,65,Clothing,Budget
46,Sümeyye Hayrioğlu,sumeyye.hayrioglu46@example.com,+90575339636,01/03/2024,09/09/2025,"Türkiye, Erzurum, Yakutiye",₺403,TRY,65,Beauty & Personal Care,Regular
28,Gülşa Şensoy,gulsa.sensoy28@example.com,+90 543 455 81 22,08-26-2024,"September 05, 2025","Türkiye, İzmir, Karşıyaka",210 TL,TRY,42,Clothing,Regular
477,Serda Akçay,serda.akcay477@gmial.com,+90552677119,15/11/2021,"February 10, 2025",Muratpaşa - Antalya - Türkiye,₺149,TRY,35,Groceries,Budget
470,Kamar Tarhan,kamar.tarhan470@gmial.com,+90 553 424 08 91,24/11/2021,2025-11-16,Odunpazarı - Eskişehir - Türkiye,₺378,TRY,sixty-five,Home & Garden,Regular
361,Behrem Yılmaz, behrem.yilmaz361@example.com ,+90549564122,14/11/2025,12-21-2025,Ortahisar - Trabzon - Türkiye,₺174,TRY,30,Beauty & Personal Care,Budget
440,Muktedir Ünübol Durdu, muktedir.unubol.durdu440@example.com ,+90540983665,2022-02-20,2025-05-01,"Türkiye, Trabzon, Ortahisar",₺353,TRY,68,Books,Budget
361,Behrem Yılmaz,behrem.yilmaz361@example.com,+90  549   956 41  22 ,2025-11-14,2026-03-22,Ortahisar - Trabzon,171 TL,TRY,30,Books,Budget
211,Atilhan Yüksel,atilhan.yuksel211@yaho.com,+90 512 799 08 81,06-05-2025,02/11/2025,Çukurova - Adana - Türkiye,303 TL,TRY,48,Home & Garden,Regular
482,Bay Gümüştekin Ayvas Karadeniz,bay.gumustekin.ayvas.karadeniz482@example.com,0524 186 23 69,2025-08-20,2025-11-01,Eyyübiye - Şanlıurfa - Türkiye,$206.09,USD,32,Home & Garden,Regular
356,Songurkan Bilir,songurkan.bilir356@example.com,+905326642107,"July 11, 2023",09-22-2025,Konak - İzmir - Türkiye,"552,12",,65,Toys & Games,Premium
170,Arş. Gör. Zöhrehan Şefiye Akçay,ars.gor.zohrehan.sefiye.akcay170@example.com,+905441715254,2024-06-26,2025-12-01,Toroslar - Mersin - Türkiye,"511,29",,59,Clothing,Premium
119,Korugan Şama,korugan.sama119@example.com,+905472026464,2023-03-27,2025-08-18,"Türkiye, Mersin, Toroslar",₺362,TRY,68,Home & Garden,Budget
301,Alice'); DROP TABLE cleaned_records;--,cetinsu.temizkal.demirel.bilge301@example.com,+905427990702,01-02-2022,2025-07-16,Şişli - İstanbul - Türkiye,$224.64,USD,43,Electronics,Budget
155,Av. Zülbiye Semat Akçay, av.zulbiye.semat.akcay155@example.com ,+90 545 226 75 28,2022-01-22,2026-03-03,Çankaya - Ankara - Türkiye,437 TL,TRY,74,Toys & Games,New
118,Haliye Habibe Yıldırım, haliye.habibe.yildirim118@example.com ,+90  546   618 39  82 ,08/02/2022,"April 18, 2025",Nilüfer - Bursa,$208.58,USD,42,Electronics,Budget
294,Arıel Güçlü,ariel.guclu294@gmial.com,+905456063318,"May 31, 2025",08-29-2025,"Türkiye, Şanlıurfa, Eyyübiye","319,05",,57,Toys & Games,Regular
24,Dr. Günkurt Şanlı Öcalan, dr.gunkurt.sanli.ocalan24@example.com ,+90546995777,28/02/2022,2026-06-20,Üsküdar - İstanbul,$201.63,USD,31,Beauty & Personal Care,Regular
74,Burakhan Kasim Yılmaz,burakhan.kasim.yilmaz74@yaho.com,+90 572 217 04 30,"October 30, 2024",12/02/2025,İlkadım - Samsun - Türkiye,405 TL,TRY,74,Sports & Outdoors,Budget
180,Nurmelek Aslan, nurmelek.aslan180@example.com ,+905483564508,02/03/2023,2025-05-31,Kayapınar - Diyarbakır - Türkiye,$160.25,USD,31,Books,Regular
135,Gökperi Mansız Durdu, gokperi.mansiz.durdu135@example.com ,0540 438 98 36,2024-04-16,11-02-2025,"Türkiye, Gaziantep, Şehitkamil",₺304,TRY,59,Clothing,Budget
187,Dr. Dilşat Durdu Akça, dr.dilsat.durdu.akca187@example.com ,0550 375 89 97,06/12/2021,12-14-2025,"Gaziantep, Şahinbey",₺382,TRY,60,Beauty & Personal Care,Regular
366,Arş. Gör. Güverçin Şirivan Türk Gül,ars.gor.guvercin.sirivan.turk.gul366@example.com,+90  543   380 05  45 ,2022-02-25,02-22-2025,Atakum - Samsun,₺125,TRY,28,Sports & Outdoors,Budget
50,Av. Behiza İnönü Duran, av.behiza.inonu.duran50@example.com ,0536 713 69 59,16/04/2024,2026-03-31,Kayapınar - Diyarbakır - Türkiye,302 TL,TRY,62,Home & Garden,Budget
163,Fayize Demirel Bilir,fayize.demirel.bilir163@hotnail.com,+90  564   679 97  02 ,27/05/2024,07-15-2025,Konak - İzmir - Türkiye,₺201,TRY,43,Clothing,Budget
360,Gökperi Demir,gokperi.demir360@gmial.com,0516 800 61 02,2022-04-09,06/05/2026,Şehzadeler - Manisa - Türkiye,₺276,TRY,48,Books,Regular
166,Bayan Gülsü Sabır Kısakürek,bayan.gulsu.sabir.kisakurek166@example.com,+90 530 705 34 57,02-12-2023,2026-02-04,"Türkiye, Konya, Selçuklu",₺301,TRY,43,Sports & Outdoors,Regular
490,Alcan Enes Seven Şener,alcan.enes.seven.sener490@example.com,+900168740903,01-09-2022,24/02/2026,Eskişehir - Türkiye,$431.76,USD, 70 ,Books,Regular
411,Maksüde Hayrioğlu,maksude.hayrioglu411@example.com,+905569385977,10/05/2023,03/07/2025,"Türkiye, Antalya",$270.63,USD,54,Sports & Outdoors,Budget
149,Turabi Sezer, turabi.sezer149@example.com ,+90524470999,2024-07-27,2026-05-01,"Türkiye, Konya, Meram",₺352,TRY,59,Beauty & Personal Care,Budget
38,Us Sadittin İnönü Aslan, us.sadittin.inonu.aslan38@example.com ,0532 812 06 79,04-25-2023,28/12/2025,Kocasinan - Kayseri - Türkiye,"179,16",,36,Electronics,Budget
131,Minibe Ülker,minibe.ulker131@example.com,+90  539   596 29  23 ,2024-10-15,2025-09-22,Nilüfer - Bursa - Türkiye,$329.78,USD,69,Toys & Games,Budget
493,Doç. Beyler Feyruz Şafak,doc.beyler.feyruz.safak493@example.com,0542 121 46 14,2021-12-15,"September 13, 2025","Türkiye, Denizli, Pamukkale",₺435,TRY,,Electronics,Premium
287,Bayan Muarra Sonnur Demirel,bayan.muarra.sonnur.demirel287@example.com,+90 542 717 39 62,2022-05-01,2026-04-02,Tepebaşı - Eskişehir - Türkiye,₺240,TRY,49,Beauty & Personal Care,Budget
192,Permun Akça Demirel, permun.akca.demirel192@example.com ,+90 535 989 33 47,2024-12-14,"February 03, 2025","Konya, Meram",$330.83,USD,61,Beauty & Personal Care,Budget
473,Ayülker Şensoy,ayulker.sensoy473@hotnail.com,+905010025142,2022-06-07,2025-08-03,Şehitkamil - Gaziantep - Türkiye,"260,59",,56,Toys & Games,Budget
223,Okt. Cebesoy Gökay Yılmaz,okt.cebesoy.gokay.yilmaz223@example.com,+90  564   729 29  31 ,2021-11-27,2026-02-24,"Türkiye, Samsun, Atakum",₺387,TRY,35,Electronics,Premium
391,Tanbay İhsanoğlu,tanbay.ihsanoglu391@outlok.com,+90 506 056 64 18,2023-05-02,08-12-2025,"Türkiye, Bursa, Osmangazi",$304.61,USD,49,Books,Regular
427,Erinçer Akar, erincer.akar427@example.com ,+90  524   972 43  99 ,26/03/2022,"March 07, 2026","Türkiye, Samsun, İlkadım",₺392,TRY,71,Electronics,Budget
250,Rahiye Kumral Zorlu,rahiye.kumral.zorlu250@example.com,+90 532 562 16 89,06-10-2022,2026-03-11,Üsküdar - İstanbul - Türkiye,"316,38",,61,Toys & Games,Budget
80,Sittik Nevsal Zorlu,sittik.nevsal.zorlu80@gmial.com,+90 555 188 44 22,2023-12-03,09-30-2025,"Türkiye, Diyarbakır, Kayapınar",268 TL,TRY,50,Sports & Outdoors,Budget
247,Arpağ Yorulmaz,arpag.yorulmaz247@example.com,+905070164410,2024-04-22,25/02/2025,Osmangazi - Bursa - Türkiye,584 TL,TRY,,Books,Premium
80,Sittik Nevsal Zorlu, sittik.nevsal.zorlu80@example.com ,+905551884472,"December 03, 2023",17/02/2026,Kayapınar - Diyarbakır - Türkiye,"254,01",,fifty,Clothing,Budget
399,Okt. Ferhan Nirgül Hançer Gül, okt.ferhan.nirgul.hancer.gul399@example.com ,0558 323 02 41,2025-10-31,2026-06-26,"Türkiye, Mersin, Yenişehir",₺438,TRY,71,Books,Regular
344,Kerman Ertaş,kerman.ertas344@example.com,+90  502   720 63  45 ,2022-09-20,2025-06-22,Keçiören - Ankara - Türkiye,110 TL,TRY, 23 ,Groceries,Budget
415,Benek Permun Bilge Korutürk,benek.permun.bilge.koruturk415@outlok.com,+90509063353,2024-10-29,"February 15, 2026",Yenimahalle - Ankara - Türkiye,$101.82,USD,23,Books,Budget
323,Gökçil Özertem Dumanlı,gokcil.ozertem.dumanli323@gmial.com,0542 801 38 75,13/01/2022,2025-10-24,Selçuklu - Konya - Türkiye,"294,26",,55,Electronics,Budget
366,Arş. Gör. Güverçin Şirivan Türk Gül, ars.gor.guvercin.sirivan.turk.gul366@example.com ,+90543380054,2022-02-25,02-07-2026,Atakum - Samsun - Türkiye,144 TL,TRY,28,Beauty & Personal Care,Budget
415,Benek Permun Bilge Korutürk,benek.permun.bilge.koruturk415@yaho.com,+90  509   006 33  53 ,"October 29, 2024",2025-11-24,"Türkiye, Ankara, Yenimahalle","113,44",, 23 ,Groceries,Budget
173,Firdevis Karadeniz Ertaş, firdevis.karadeniz.ertas173@example.com ,+90 551 353 46 55,06-27-2024,2026-01-18,Yakutiye - Erzurum,"296,65",,55,Beauty & Personal Care,Budget
45,Arş. Gör. Özakan İhsanoğlu,ars.gor.ozakan.ihsanoglu45@example.com,0504 499 72 78,27/03/2023,02-01-2025,"Türkiye, Trabzon, Ortahisar",$188.18,USD,40,Clothing,Budget
151,Özakan Mazlum Bilgin Akçay, ozakan.mazlum.bilgin.akcay151@example.com ,+90578759856,06-07-2024,12-25-2025,Şişli - İstanbul - Türkiye,"106,32",,29,Beauty & Personal Care,Budget
495,Yrd. Doç. Kızıltunç Cindoruk Ülker,yrd.doc.kiziltunc.cindoruk.ulker495@hotnail.com,+905751248072,2022-05-23,2026-01-19,"Erzurum, Yakutiye",$278.22,USD, 46 ,Books,Regular
113,Prof. Ürfettin Akçay, prof.urfettin.akcay113@example.com ,+908429396856,2021-09-17,"August 29, 2025",Ortahisar - Trabzon - Türkiye,356 TL,TRY,sixty-five,Groceries,Budget
43,Türknur Şennur Akar,turknur.sennur.akar43@outlok.com,0510 932 48 08,2023-08-30,02-14-2025,Ortahisar - Trabzon - Türkiye,₺97,TRY,23,Home & Garden,Budget
331,Dilşat Ertaş,dilsat.ertas331@outlok.com,+90  559   056 16  55 ,22/08/2023,"January 31, 2025",Antalya - Türkiye,230 TL,TRY,40,Electronics,Budget
412,Abdülahat Oldağ Korutürk Şafak, abdulahat.oldag.koruturk.safak412@example.com ,+90575469263,"June 26, 2022",04-09-2025,"Türkiye, İzmir, Bornova",$383.45,USD,64,Sports & Outdoors,Regular
255,Ünsever Türk,unsever.turk255@hotnail.com,+90572897526,17/04/2023,17/06/2025,İlkadım - Samsun - Türkiye,"133,36",,26,Beauty & Personal Care,Budget
258,Dr. Sirap Ergül Seven, dr.sirap.ergul.seven258@example.com ,+90  552   111 75  18 ,2021-12-25,04/05/2025,Karşıyaka - İzmir - Türkiye,"426,71",,,Home & Garden,Premium
491,Dr. Dilcan Ticen Tevetoğlu Duran,dr.dilcan.ticen.tevetoglu.duran491@example.com,+90542961367,13/03/2022,"November 28, 2025",Muratpaşa - Antalya - Türkiye,₺102,TRY,23,Books,Budget
185,Öğr. Şahat Adıgün Mansız,ogr.sahat.adigun.mansiz185@yaho.com,+90556289002,2023-04-26,04-29-2026,Şehitkamil - Gaziantep - Türkiye,"442,20",,72,Toys & Games,Regular
390,Av. Övün Şilan Tarhan,av.ovun.silan.tarhan390@yaho.com,+90  537   504 79  30 ,11-06-2024,06-19-2026,Melikgazi - Kayseri - Türkiye,₺407,TRY,70,Electronics,Regular
6,Yağızkurt Şensoy,yagizkurt.sensoy6@hotnail.com,+90  548   018 45  14 ,07-06-2023,"February 02, 2026","Türkiye, Bursa, Nilüfer",171 TL,TRY, 28 ,Groceries,Regular
154,Selmin Mansız, selmin.mansiz154@example.com ,+90  559   929 37  84 ,18/12/2024,06-14-2025,Van - Türkiye,₺226,TRY, 49 ,Sports & Outdoors,Budget
179,Muvaffak Hayrioğlu, muvaffak.hayrioglu179@example.com ,+90564890901,2025-09-05,2025-10-24,İlkadım - Samsun - Türkiye,₺308,TRY, 62 ,Electronics,Budget
324,Sezal Kader Gül, sezal.kader.gul324@example.com ,+90 556 638 36 15,03/04/2025,29/07/2025,Nilüfer - Bursa - Türkiye,$254.12,USD,47,Beauty & Personal Care,Budget
470,Kamar Tarhan,kamar.tarhan470@gmial.com,+90534240891,2021-11-24,14/05/2025,Odunpazarı - Eskişehir - Türkiye,₺390,TRY,,Beauty & Personal Care,Regular
444,Onursu Şensoy,onursu.sensoy444@example.com,+90533059126,07-22-2023,2026-04-23,Melikgazi - Kayseri - Türkiye,₺500,TRY, 61 ,Clothing,Premium
478,İntihap Şafak, intihap.safak478@example.com ,+90552366878,10/03/2023,05-16-2025,Odunpazarı - Eskişehir,314 TL,TRY,52,Sports & Outdoors,Regular
263,Muvahhide Demir,muvahhide.demir263@example.com,+905001396605,27/12/2023,2025-09-14,"Türkiye, Mersin, Toroslar",473 TL,TRY, 53 ,Sports & Outdoors,Premium
345,Zeride Sabihe Zengin Korutürk,zeride.sabihe.zengin.koruturk345@outlok.com,+90  596   577 24  29 ,2024-02-11,2025-02-03,Şahinbey - Gaziantep - Türkiye,"359,19",,69,Sports & Outdoors,Budget
351,Zinnure Neval Yorulmaz Gülen,zinnure.neval.yorulmaz.gulen351@example.com,0545 644 94 85,04/07/2023,2025-11-17,Antalya - Türkiye,"408,98",, 75 ,Toys & Games,Budget
80,Sittik Nevsal Zorlu,sittik.nevsal.zorlu80@example.com,+90 555 188 44 22,12-03-2023,05-13-2026,Kayapınar - Diyarbakır - Türkiye,₺285,TRY,50,Electronics,Budget
381,Dr. Buşra Karadeniz Çorlu,dr.busra.karadeniz.corlu381@yaho.com,+90 512 094 81 81,"November 13, 2024",2025-12-13,Kayapınar - Diyarbakır,₺360,TRY, 57 ,Toys & Games,Regular
422,Kopan Bilge,kopan.bilge422@example.com,+90502321983,16/08/2024,"June 22, 2025",Şehitkamil - Gaziantep - Türkiye,$269.81,USD,50,Home & Garden,Budget
40,Uz. Servinaz Adila Gül, uz.servinaz.adila.gul40@example.com ,+905799049027,01-15-2023,01-08-2026,Kocasinan - Kayseri - Türkiye,"354,78",,59,Beauty & Personal Care,Regular
406,Hazrat Melihcan Demir Arslan,hazrat.melihcan.demir.arslan406@example.com,+90  536   668 45  90 ,2022-10-07,05-17-2026,"Türkiye, Samsun, Atakum",$347.37,USD,68,Groceries,Budget
284,Sevdinar İhsanoğlu Hayrioğlu, sevdinar.ihsanoglu.hayrioglu284@example.com ,+905010818175,2024-09-19,01-23-2025,Odunpazarı - Eskişehir - Türkiye,"355,08",,64,Books,Budget
296,Bezek Akdeniz Şama,bezek.akdeniz.sama296@example.com,0553 136 36 31,23/04/2023,08-23-2025,"Türkiye, İzmir, Konak",328 TL,TRY,55,Toys & Games,Regular
137,Göken Arslan,goken.arslan137@example.com,+90 543 006 84 86,07-29-2023,2025-10-08,"Türkiye, İzmir, Konak","352,28",,62,Electronics,Regular
366,Arş. Gör. Güverçin Şirivan Türk Gül,ars.gor.guvercin.sirivan.turk.gul366@example.com,0543 380 05 45,2022-02-25,2026-02-24,Atakum - Samsun - Türkiye,₺149,TRY, 28 ,Home & Garden,Budget
12,Canseven Ergül Akdeniz,canseven.ergul.akdeniz12@outlok.com,0531 781 08 01,09-21-2021,11-21-2025,Toroslar - Mersin - Türkiye,"361,42",,72,Beauty & Personal Care,Budget
316,Ümray Mehdiye Sezer Arslan, umray.mehdiye.sezer.arslan316@example.com ,+90564715890,29/06/2024,2026-04-15,"Türkiye, Van, İpekyolu",$181.87,USD,twenty-eight,Sports & Outdoors,Regular
128,Yamin Merzuk Yılmaz,yamin.merzuk.yilmaz128@yaho.com,+90 557 905 07 23,18/10/2023,01-12-2026,"Kayseri, Melikgazi",₺320,TRY,53,Groceries,Regular
392,Asiman Akçay, asiman.akcay392@example.com ,+90 530 468 75 06,2024-11-09,2025-05-20,"Türkiye, Ankara",₺195,TRY, 39 ,Home & Garden,Budget
362,Havse İncifir Hayrioğlu Yıldırım, havse.incifir.hayrioglu.yildirim362@example.com ,+90503723831,04-05-2024,21/06/2025,"Türkiye, İstanbul",₺401,TRY,67,Groceries,Regular
1,Akar Ziyaettin Aslan Yüksel,akar.ziyaettin.aslan.yuksel1@example.com,+90 543 321 81 96,08/10/2025,28/12/2025,"Türkiye, Bursa, Nilüfer",₺99,TRY,19,Sports & Outdoors,Budget
89,Abdülhadi Ertaş,abdulhadi.ertas89@outlok.com,+90530756266,2023-02-19,17/08/2025,Eyyübiye - Şanlıurfa - Türkiye,422 TL,TRY,67,Groceries,Regular
397,Aydinç Korutürk, aydinc.koruturk397@example.com ,+90  538   806 53  33 ,25/07/2025,2025-11-27,Şehzadeler - Manisa - Türkiye,241 TL,TRY,39,Books,Budget
335,Alaz Eraslan Duran,alaz.eraslan.duran335@example.com,0551 484 68 53,"August 17, 2023",2025-11-06,İpekyolu - Van - Türkiye,"207,90",,43,Beauty & Personal Care,Budget
188,Nafii Sezer, nafii.sezer188@example.com ,+905102766149,2024-11-06,13/11/2025,Kayapınar - Diyarbakır - Türkiye,"164,54",,thirty,Sports & Outdoors,Budget
320,Hanbiken Şemsinisa Sezgin,hanbiken.semsinisa.sezgin320@example.com,+90 554 527 98 52,2021-12-20,2026-05-21,Şişli - İstanbul - Türkiye,179 TL,TRY,37,Beauty & Personal Care,Budget
437,Tolonbay Bilge,tolonbay.bilge437@example.com,0502 564 34 71,"March 21, 2022",2026-01-22,Yeşilyurt - Malatya - Türkiye,185 TL,TRY,26,Home & Garden,New
37,Uraltay Gül,uraltay.gul37@example.com,0582 400 84 27,16/05/2025,10-19-2025,Melikgazi - Kayseri - Türkiye,$407.24,USD,73,Groceries,Budget
332,Berran İnönü,berran.inonu332@example.com,+90 534 911 41 52,2025-11-02,2026-04-06,"Türkiye, Gaziantep, Şahinbey",289 TL,TRY,52,Sports & Outdoors,Budget
213,Dr. Tanses Dumanlı Çetin,dr.tanses.dumanli.cetin213@example.com,+90563688725,2022-10-24,04-24-2026,"Van, İpekyolu",$319.76,USD, 53 ,Toys & Games,Regular
291,Cemiyle Bilge, cemiyle.bilge291@example.com ,+905027079030,2025-11-13,06-22-2026,"Türkiye, Kayseri, Kocasinan",$173.59,USD, 29 ,Toys & Games,Regular
167,Çoğay Durdu, cogay.durdu167@example.com ,+90 535 797 27 98,27/12/2023,06-09-2025,"Türkiye, Bursa, Nilüfer",$219.36,USD,40,Home & Garden,Budget
230,Koçak Soylu,kocak.soylu230@example.com,0547 807 74 06,22/04/2024,"September 07, 2025","Türkiye, Antalya, Kepez",$265.76,USD,56,Beauty & Personal Care,Budget
491,Dr. Dilcan Ticen Tevetoğlu Duran,dr.dilcan.ticen.tevetoglu.duran491@example.com,+905462961317,"March 13, 2022","April 06, 2025","Türkiye, Antalya, Muratpaşa",$92.69,USD,23,Clothing,Budget
389,Dilşat Laze Durdu Bilgin,dilsat.laze.durdu.bilgin389@gmial.com,+905753703345,11-15-2024,05/06/2026,"Türkiye, İstanbul, Şişli",₺299,TRY, 23 ,Sports & Outdoors,Premium
253,Aydinç Bilgin, aydinc.bilgin253@example.com ,+90552056474,04/02/2025,2026-05-10,"Türkiye, Bursa, Nilüfer",$387.48,USD,67,Groceries,Budget
188,Nafii Sezer,nafii.sezer188@example.com,+905152726149,"November 06, 2024",25/02/2026,Diyarbakır,"160,24",,30,Books,Budget
108,İldeş Çalım Manço Şafak,ildes.calim.manco.safak108@outlok.com,+90  500   623 12  03 ,11/02/2023,04-18-2026,"Türkiye, Gaziantep, Şehitkamil",₺281,TRY,47,Books,Regular
26,Rabbiye Aslan, rabbiye.aslan26@example.com ,+90  501   632 87  08 ,20/07/2024,2026-01-04,Şanlıurfa - Türkiye,₺353,TRY,72,Home & Garden,Budget
14,Arş. Gör. Edaviye Nuriyet Çorlu Durmuş, ars.gor.edaviye.nuriyet.corlu.durmus14@example.com ,+90 550 097 88 20,06/02/2023,10/06/2026,Ankara,320 TL,TRY, 23 ,Toys & Games,Premium
443,Ürfettin Şabettin Şama Demirel,urfettin.sabettin.sama.demirel443@example.com,0512 590 47 29,"March 06, 2025",2025-06-16,Eyyübiye - Şanlıurfa - Türkiye,"280,86",,46,Groceries,Regular
268,Ferihan Dumanlı,ferihan.dumanli268@example.com,0553 344 85 71,02/06/2024,25/08/2025,Bornova - İzmir - Türkiye,"152,87",,27,Electronics,Budget
224,Eskinalp Türk, eskinalp.turk224@example.com ,+90501203471,2023-06-05,2025-09-03,"Erzurum, Yakutiye","332,82",,65,Books,Budget
224,Eskinalp Türk,eskinalp.turk224@example.com,+90  506   120 34  71 ,06-05-2023,2025-03-14,Yakutiye - Erzurum - Türkiye,₺360,TRY,65,Toys & Games,Budget
257,Çev. Gülbani İlper Şafak Şener, cev.gulbani.ilper.safak.sener257@example.com ,0547 264 90 82,2023-05-08,17/03/2026,"Türkiye, Ankara, Yenimahalle","395,94",, 71 ,Home & Garden,Regular
367,Sevican Asu Yorulmaz,sevican.asu.yorulmaz367@outlok.com,+90  574   550 84  28 ,"July 24, 2022",04/05/2026,Yeşilyurt - Malatya - Türkiye,316 TL,TRY,60,Beauty & Personal Care,Budget
151,Özakan Mazlum Bilgin Akçay,ozakan.mazlum.bilgin.akcay151@example.com,0557 875 98 56,2024-06-07,2025-10-22,Şişli - İstanbul - Türkiye,"116,09",, 29 ,Sports & Outdoors,Budget
410,Çıvgın Yaman, civgin.yaman410@example.com ,0572 994 93 87,27/05/2024,"November 01, 2025","Türkiye, Kayseri, Kocasinan","127,41",,30,Books,Budget
376,Melihcan Dumanlı, melihcan.dumanli376@example.com ,+90490753998,"August 11, 2022",06-24-2026,Osmangazi - Bursa - Türkiye,"231,67",,32,Beauty & Personal Care,Regular
366,Arş. Gör. Güverçin Şirivan Türk Gül,ars.gor.guvercin.sirivan.turk.gul366@example.com,+905463800545,02-25-2022,25/03/2026,Atakum - Samsun - Türkiye,132 TL,TRY, 28 ,Sports & Outdoors,Budget
29,Öğr. Sevican Manço Eraslan, ogr.sevican.manco.eraslan29@example.com ,0555 646 41 70,30/09/2021,08-24-2025,"Türkiye, Konya, Selçuklu",$272.52,USD,52,Groceries,Budget
331,Dilşat Ertaş, dilsat.ertas331@example.com ,+90  559   056 16  55 ,22/08/2023,2026-03-27,"Türkiye, Antalya, Kepez",$184.24,USD,40,Home & Garden,Budget
350,Av. Işıman Ayvas Tarhan, av.isiman.ayvas.tarhan350@example.com ,+905572108624,2025-04-17,04-29-2025,Ortahisar - Trabzon - Türkiye,$199.31,USD,38,Books,Budget
192,Permun Akça Demirel, permun.akca.demirel192@example.com ,+90 535 989 33 47,12-14-2024,2025-04-28,"Türkiye, Konya, Meram",328 TL,TRY,61,Home & Garden,Budget
318,Kâzime Yılmaz Durdu,kzime.yilmaz.durdu318@outlok.com,+90 532 192 85 54,2024-06-05,09-22-2025,Karşıyaka - İzmir - Türkiye,₺343,TRY,61,Beauty & Personal Care,Regular
350,Av. Işıman Ayvas Tarhan,av.isiman.ayvas.tarhan350@hotnail.com,+90557215862,17/04/2025,2026-05-24,Ortahisar - Trabzon - Türkiye,"177,19",,38,Sports & Outdoors,Budget
410,Çıvgın Yaman, civgin.yaman410@example.com ,+905729939387,05-27-2024,08-28-2025,"Türkiye, Kayseri, Kocasinan",₺151,TRY,30,Books,Budget
107,Sancak Türk, sancak.turk107@example.com ,0504 899 64 23,"February 06, 2024",2026-01-20,Şahinbey - Gaziantep - Türkiye,"192,31",,32,Home & Garden,Regular
181,Çev. Bidayet Sirap Yıldırım, cev.bidayet.sirap.yildirim181@example.com ,+90  530   011 97  21 ,07-30-2021,2025-08-14,Şanlıurfa - Türkiye,₺246,TRY,50,Clothing,Budget
110,Aygönenç Neslinur Bilir Tarhan,aygonenc.neslinur.bilir.tarhan110@outlok.com,+90 554 615 67 93,"January 15, 2022",05/03/2026,Şehzadeler - Manisa - Türkiye,₺156,TRY,32,Home & Garden,Budget
398,Karataş Seven,karatas.seven398@outlok.com,+90524395003,02/11/2024,2025-12-23,"Türkiye, Şanlıurfa, Eyyübiye",$167.75,USD,,Books,Budget
309,Sevim Eraslan,sevim.eraslan309@yaho.com,0557 828 41 06,24/02/2023,26/06/2026,İlkadım - Samsun - Türkiye,₺331,TRY, 67 ,Beauty & Personal Care,Budget
493,Doç. Beyler Feyruz Şafak,doc.beyler.feyruz.safak493@example.com,+90 542 121 46 14,2021-12-15,2026-04-21,Pamukkale - Denizli - Türkiye,416 TL,TRY,46,Electronics,Premium
340,Tenvir Alemdar,tenvir.alemdar340@example.com,+90532123764,23/08/2022,2025-09-17,"Türkiye, Gaziantep",$154.79,USD,21,Home & Garden,Regular
136,Rayla Zülbiye Karadeniz,rayla.zulbiye.karadeniz136@example.com,+90552696587,08-18-2021,19/02/2026,"Türkiye, Gaziantep, Şehitkamil",$126.03,USD,22,Sports & Outdoors,Budget
116,Kaygusuz Akver Akdeniz Güçlü, kaygusuz.akver.akdeniz.guclu116@example.com ,+90 543 114 26 26,2024-03-04,"March 06, 2026","Türkiye, İzmir, Karşıyaka",$200.75,USD,41,Home & Garden,Budget
28,Gülşa Şensoy,gulsa.sensoy28@example.com,+90 543 455 81 22,26/08/2024,2025-09-19,Karşıyaka - İzmir - Türkiye,₺290,TRY,42,Clothing,Regular
467,Okt. Havse Selvi Mansız, okt.havse.selvi.mansiz467@example.com ,0540 903 67 88,07-12-2025,04-13-2026,Pamukkale - Denizli - Türkiye,190 TL,TRY,28,Clothing,Regular
363,Çev. Alkor Yaman, cev.alkor.yaman363@example.com ,0501 227 77 07,"September 01, 2022",05/02/2025,Eyyübiye - Şanlıurfa - Türkiye,₺170,TRY,33,Beauty & Personal Care,Budget
135,Gökperi Mansız Durdu, gokperi.mansiz.durdu135@example.com ,0540 438 98 36,16/04/2024,2025-06-04,Şehitkamil - Gaziantep - Türkiye,$291.79,USD,,Toys & Games,Budget
21,Tanbay Şener, tanbay.sener21@example.com ,+905429401945,2021-11-11,15/04/2026,Kadıköy - İstanbul - Türkiye,₺366,TRY,68,Electronics,Budget
217,Doç. Zümre Münezzer Ergül, doc.zumre.munezzer.ergul217@example.com ,+905316904268,05-08-2025,20/05/2025,"Türkiye, İzmir, Konak",₺265,TRY,53,Groceries,Budget
243,Servinaz Belkize Tarhan, servinaz.belkize.tarhan243@example.com ,+903583206799,2023-02-13,2026-02-07,"Türkiye, Manisa, Şehzadeler",₺122,TRY,23,Groceries,Budget
197,Orgün Şensoy, orgun.sensoy197@example.com ,0501 102 48 19,09-02-2024,10/05/2026,"Türkiye, Konya, Meram",$209.14,USD,34,Clothing,Regular
441,Gündüzalp Tevetoğlu,gunduzalp.tevetoglu441@example.com,+90  516   087 52  43 ,23/02/2023,2025-03-08,"Türkiye, Manisa, Şehzadeler",$343.18,USD,61,Beauty & Personal Care,Regular
260,Boztaş Gürelcem Seven Sezer, boztas.gurelcem.seven.sezer260@example.com ,0533 977 67 19,"August 01, 2022",2025-03-29,"Türkiye, Manisa",58 TL,TRY,18,Toys & Games,Budget
232,Binışık Bilgütay Sezgin,binisik.bilgutay.sezgin232@gmial.com,+905484631222,04-30-2025,2026-06-13,Gaziantep - Türkiye,$366.50,USD,58,Electronics,Regular
38,Us Sadittin İnönü Aslan,us.sadittin.inonu.aslan38@hotnail.com,+902328120679,2023-04-25,23/03/2026,Kocasinan - Kayseri - Türkiye,$180.58,USD,36,Electronics,Budget
203,Musaffa Akdeniz,musaffa.akdeniz203@yaho.com,+905411080997,2021-08-20,26/04/2025,"Türkiye, Kayseri, Kocasinan",$273.10,USD,55,Beauty & Personal Care,Budget
444,Onursu Şensoy,onursu.sensoy444@gmial.com,+90  533   305 91  26 ,2023-07-22,2025-12-29,Melikgazi - Kayseri - Türkiye,₺505,TRY,61,Home & Garden,Premium
240,Uz. Savni Arıel Aksu,uz.savni.ariel.aksu240@example.com,+90  543   350 48  88 ,2022-10-01,01-12-2026,"Türkiye, Kayseri, Melikgazi",294 TL,TRY,54,Clothing,Budget
68,Uz. Sadiye Gülbiye Aslan Ertaş, uz.sadiye.gulbiye.aslan.ertas68@example.com ,+90 551 518 64 49,2025-02-08,2025-07-27,"Türkiye, Eskişehir, Odunpazarı",228 TL,TRY,39,Books,Budget
233,Binay Huban Demir,binay.huban.demir233@example.com,+90 547 435 03 13,05-26-2022,2026-04-11,"Türkiye, Diyarbakır, Kayapınar","224,37",,45,Books,Budget
191,Seyithan Akatay İhsanoğlu Hançer,seyithan.akatay.ihsanoglu.hancer191@gmial.com,+90534066658,2025-08-24,13/04/2026,Gaziantep - Türkiye,₺279,TRY,18,Sports & Outdoors,Premium
313,Sevgen Akdeniz, sevgen.akdeniz313@example.com ,+90  546   287 92  32 ,2023-10-23,26/06/2025,"Türkiye, Konya, Meram",₺244,TRY,36,Toys & Games,Regular
323,Gökçil Özertem Dumanlı, gokcil.ozertem.dumanli323@example.com ,+90  542   801 38  75 ,2022-01-13,30/12/2025,Selçuklu - Konya - Türkiye,"291,05",,55,Sports & Outdoors,Budget
218,Çev. Meryeme Hüda Bilgin Demir,cev.meryeme.huda.bilgin.demir218@outlok.com,0541 633 56 58,12-11-2022,2026-03-30,Kocasinan - Kayseri,"259,24",,18,Beauty & Personal Care,Premium
147,Yekda Sezer, yekda.sezer147@example.com ,+905561803747,"June 18, 2024",2025-03-19,"Türkiye, Diyarbakır, Kayapınar",$400.94,USD,72,Clothing,Budget
272,Ebuakil Karadeniz,ebuakil.karadeniz272@example.com,+90  546   997 33  54 ,2022-10-02,"June 16, 2025","Türkiye, Şanlıurfa, Eyyübiye","402,24",,68,Groceries,New
161,Zeride Çorlu,zeride.corlu161@hotnail.com,0516 089 89 92,2025-04-10,04-21-2025,Yakutiye - Erzurum - Türkiye,$363.73,USD,66,Home & Garden,Regular
63,Aykutalp Sakarya,aykutalp.sakarya63@example.com,+90 551 076 22 68,01-01-2022,30/03/2025,"Türkiye, Denizli",₺203,TRY,32,Clothing,Regular
73,Koçak Akçay, kocak.akcay73@example.com ,+905460953562,03-23-2022,2025-07-20,"Gaziantep, Şahinbey",308 TL,TRY,60,Home & Garden,Budget
290,Onuker Zengin,onuker.zengin290@outlok.com,+90  532   030 93  76 ,05/08/2025,2025-12-04,Eyyübiye - Şanlıurfa - Türkiye,"404,03",, 68 ,Toys & Games,Regular
322,Tekecan Sakarya,tekecan.sakarya322@hotnail.com,+90 552 893 89 11,2022-09-15,17/04/2026,"Türkiye, Mersin, Toroslar",342 TL,TRY,66,Books,Budget
152,Bayan Çolpan Hurican Çamurcuoğlu Akdeniz,bayan.colpan.hurican.camurcuoglu.akdeniz152@example.com,+90  504   078 59  32 ,2025-05-21,08-11-2025,"Türkiye, Manisa, Şehzadeler",₺210,TRY,33,Toys & Games,Regular
174,Tayyip Duran,tayyip.duran174@outlok.com,+90  509   991 73  81 ,2022-02-17,2025-05-21,Bursa - Türkiye,₺257,TRY,42,Beauty & Personal Care,Regular
71,Aygutalp İhsanoğlu,aygutalp.ihsanoglu71@hotnail.com,+90407581814,"June 24, 2025","November 11, 2025","Türkiye, Manisa, Şehzadeler",$347.25,USD,,Electronics,Budget
106,Uğurkan Akçay,ugurkan.akcay106@outlok.com,0558 771 75 35,12/03/2024,08/11/2025,"Türkiye, Kayseri, Kocasinan","226,01",, 44 ,Books,Budget
1,Akar Ziyaettin Aslan Yüksel, akar.ziyaettin.aslan.yuksel1@example.com ,+90  543   321 81  96 ,2025-10-08,2026-02-03,"Türkiye, Bursa, Nilüfer",87 TL,TRY,19,Clothing,Budget
50,Av. Behiza İnönü Duran, av.behiza.inonu.duran50@example.com ,+90 536 713 69 59,16/04/2024,2025-10-18,Diyarbakır,345 TL,TRY,62,Home & Garden,Budget
416,Merzuk Adlan Ertaş, merzuk.adlan.ertas416@example.com ,0553 131 22 06,01-28-2023,2026-03-18,"Türkiye, İstanbul","318,91",,24,Home & Garden,Premium
388,Öğr. Deryanur Ergül Akdeniz,ogr.deryanur.ergul.akdeniz388@example.com,+90  500   268 76  81 ,2022-04-23,"January 10, 2025",İstanbul - Türkiye,$291.91,USD,59,Toys & Games,Budget
357,Okt. Öngen Bilgen Çetin,okt.ongen.bilgen.cetin357@example.com,+90 551 583 77 67,2024-06-11,2025-06-04,Melikgazi - Kayseri - Türkiye,₺331,TRY,54,Groceries,Regular
374,Servinaz Tülin Tevetoğlu,servinaz.tulin.tevetoglu374@example.com,+905341085621,2022-12-01,26/08/2025,Atakum - Samsun - Türkiye,205 TL,TRY,36,Beauty & Personal Care,Budget
178,Nurmelek Hayrioğlu, nurmelek.hayrioglu178@example.com ,+90 532 603 32 30,2022-08-23,16/02/2026,"Türkiye, Şanlıurfa","258,06",,50,Groceries,Budget
18,Av. Azettin Kavurt Aslan, av.azettin.kavurt.aslan18@example.com ,+90  540   164 00  52 ,18/05/2022,02-21-2025,"Türkiye, Mersin, Toroslar",₺122,TRY,34,Electronics,Budget
49,Atilhan Gül,atilhan.gul49@gmial.com,+90  574   821 75  94 ,2022-05-14,2025-11-02,Yeşilyurt - Malatya - Türkiye,"290,73",,45,Clothing,Regular
376,Melihcan Dumanlı,melihcan.dumanli376@example.com,+90540753998,11/08/2022,06/04/2025,"Türkiye, Bursa",$187.50,USD,32,Home & Garden,Regular
109,Aköz Hançer,akoz.hancer109@hotnail.com,+90  548   408 62  11 ,01-04-2023,01-23-2026,Manisa - Türkiye,"121,72",,27,Electronics,Budget
492,Temirhan Zorlu, temirhan.zorlu492@example.com ,+90596056730,05/10/2024,10-31-2025,Kayapınar - Diyarbakır - Türkiye,₺381,TRY, 73 ,Sports & Outdoors,Budget
129,Jankat Şafak,jankat.safak129@hotnail.com,+90404384279,"October 14, 2021",2026-03-24,"Şanlıurfa, Eyyübiye","556,45",,67,Sports & Outdoors,Premium
118,Haliye Habibe Yıldırım,haliye.habibe.yildirim118@hotnail.com,+90546618392,2022-02-08,2025-06-28,"Türkiye, Bursa",187 TL,TRY, 42 ,Home & Garden,Budget
400,Özpetek Tevetoğlu,ozpetek.tevetoglu400@example.com,+90 553 473 55 28,06-15-2022,12/08/2025,Ortahisar - Trabzon - Türkiye,$400.01,USD,74,Electronics,Regular
177,Uz. Sevsevil Gülbeyan Yorulmaz, uz.sevsevil.gulbeyan.yorulmaz177@example.com ,+90  504   478 98  56 ,"February 05, 2022",2026-04-10,Seyhan - Adana - Türkiye,"157,69",,26,Home & Garden,Budget
163,Fayize Demirel Bilir, fayize.demirel.bilir163@example.com ,0564 679 97 02,27/05/2024,09/04/2025,Konak - İzmir - Türkiye,$196.51,USD,43,Electronics,Budget
405,Günebakan İnönü,gunebakan.inonu405@example.com,+90  537   780 52  92 ,27/03/2024,2026-03-17,Pamukkale - Denizli - Türkiye,"332,26",,65,Electronics,Budget
100,Tülin Soylu,tulin.soylu100@example.com,+905062383028,04-29-2024,01/08/2025,Çankaya - Ankara - Türkiye,347 TL,TRY,32,Toys & Games,Premium
446,Öğr. Yazgül Yasemen Mansız Aksu,ogr.yazgul.yasemen.mansiz.aksu446@example.com,+90 541 926 76 49,2025-03-31,2025-12-31,Şahinbey - Gaziantep - Türkiye,$118.52,USD,24,Clothing,Budget
487,Adlan Eraslan,adlan.eraslan487@example.com,0502 481 71 75,2024-12-30,"August 24, 2025",Şanlıurfa - Türkiye,$174.53,USD, 36 ,Books,Budget
465,Buhari Akçay, buhari.akcay465@example.com ,+90561129109,12/04/2022,2025-02-04,"Mersin, Yenişehir",₺378,TRY,70,Electronics,Budget
203,Musaffa Akdeniz, musaffa.akdeniz203@example.com ,+90 541 108 09 96,2021-08-20,2025-10-31,"Türkiye, Kayseri, Kocasinan",$306.87,USD,55,Groceries,Budget
173,Firdevis Karadeniz Ertaş, firdevis.karadeniz.ertas173@example.com ,0551 353 46 55,27/06/2024,2026-04-08,Erzurum - Türkiye,232 TL,TRY,55,Sports & Outdoors,Budget
455,Gönen Durmuş, gonen.durmus455@example.com ,+905751052650,05-19-2025,2025-12-04,"Türkiye, Malatya",304 TL,TRY,,Sports & Outdoors,Regular
304,Filit Idık Arsoy,filit.idik.arsoy304@outlok.com,0548 640 15 57,2023-03-23,11/07/2025,Tepebaşı - Eskişehir - Türkiye,288 TL,TRY,50,Sports & Outdoors,Regular
201,Şöhret Sezgin, sohret.sezgin201@example.com ,+90  555   231 49  13 ,03-02-2024,2026-06-19,Meram - Konya - Türkiye,"323,07",,,Clothing,Regular
382,Mengi Sakarya, mengi.sakarya382@example.com ,+90543397185,2023-09-12,2025-10-22,"Türkiye, Ankara, Yenimahalle",$307.66,USD,55,Electronics,Budget
88,Sevginur Misra İhsanoğlu,sevginur.misra.ihsanoglu88@hotnail.com,+90 559 526 94 95,2023-02-08,2025-10-23,Tepebaşı - Eskişehir - Türkiye,"436,03",,,Beauty & Personal Care,Regular
289,Okyalaz Türk, okyalaz.turk289@example.com ,+90 572 006 42 56,23/09/2022,2025-06-23,Kayapınar - Diyarbakır - Türkiye,"131,71",,18,Clothing,Regular
67,Erdursun Dalkılıç Akar Duran,erdursun.dalkilic.akar.duran67@example.com,0507 935 97 82,2025-08-08,2026-04-01,"Türkiye, Eskişehir, Odunpazarı",$275.93,USD,46,Groceries,Budget
230,Koçak Soylu, kocak.soylu230@example.com ,0547 807 74 06,2024-04-22,2025-05-15,Kepez - Antalya - Türkiye,$344.28,USD,56,Home & Garden,Budget
463,Tuğtaş Halidun Akgündüz,tugtas.halidun.akgunduz463@gmial.com,+90  553   474 91  62 ,14/07/2024,07-24-2025,"Türkiye, Ankara, Yenimahalle",₺301,TRY,49,Clothing,Regular
23,Öğr. Kasim Aslan,ogr.kasim.aslan23@example.com,+90 548 236 62 99,2024-04-05,06-14-2026,Eskişehir - Türkiye,282 TL,TRY,43,Toys & Games,Regular
264,Vacibe Alemdar Yılmaz, vacibe.alemdar.yilmaz264@example.com ,+90544144885,08-25-2021,03-02-2026,"Türkiye, Konya, Selçuklu",61 TL,TRY,18,Beauty & Personal Care,Budget
296,Bezek Akdeniz Şama,bezek.akdeniz.sama296@example.com,+90 553 136 36 31,2023-04-23,30/06/2025,Konak - İzmir - Türkiye,₺340,TRY,fifty-five,Home & Garden,Regular
410,Çıvgın Yaman,civgin.yaman410@example.com,+90529949387,27/05/2024,2025-06-11,Kocasinan - Kayseri - Türkiye,₺144,TRY,30,Home & Garden,Budget
394,Necva Yılmaz,necva.yilmaz394@hotnail.com,+90 509 543 17 35,2025-08-23,06-16-2026,Eyyübiye - Şanlıurfa - Türkiye,375 TL,TRY,70,Books,Budget
427,Erinçer Akar,erincer.akar427@example.com,+905249720399,2022-03-26,2025-03-22,"Türkiye, Samsun, İlkadım",₺398,TRY,71,Beauty & Personal Care,Budget
85,Kader Bilir,kader.bilir85@example.com,+90539500479,2022-04-13,"February 25, 2025","Türkiye, Trabzon, Ortahisar","354,28",,61,Toys & Games,Regular
167,Çoğay Durdu, cogay.durdu167@example.com ,+90535972798,27/12/2023,2026-03-27,Nilüfer - Bursa - Türkiye,192 TL,TRY,forty,Home & Garden,Budget
252,Doç. Musaffa Şehreban Eraslan,doc.musaffa.sehreban.eraslan252@outlok.com,+90582629251,2022-10-28,"December 28, 2025","Türkiye, Konya, Selçuklu",339 TL,TRY, 52 ,Electronics,New
97,Lezize Tevetoğlu,lezize.tevetoglu97@hotnail.com,+90 539 106 51 80,24/07/2025,12/02/2026,"Türkiye, Erzurum, Yakutiye",230 TL,TRY, 48 ,Electronics,Budget
312,Okt. İmrihan Melikkan Şener Şafak,okt.imrihan.melikkan.sener.safak312@example.com,0537 674 26 62,2022-08-28,2025-08-21,"Türkiye, Diyarbakır",₺329,TRY,56,Sports & Outdoors,Budget
322,Tekecan Sakarya, tekecan.sakarya322@example.com ,+901528938911,2022-09-15,04-22-2026,Toroslar - Mersin - Türkiye,"378,19",,,Sports & Outdoors,Budget
418,Yrd. Doç. Rana Rümeysa Arslan,yrd.doc.rana.rumeysa.arslan418@hotnail.com,+90 501 364 97 18,"October 04, 2022",2025-05-17,"Türkiye, Mersin, Toroslar",₺137,TRY,28,Beauty & Personal Care,Budget
424,Dr. Oymak Şener,dr.oymak.sener424@hotnail.com,+905746897192,09/12/2021,28/05/2026,Diyarbakır - Türkiye,₺231,TRY,48,Toys & Games,Budget
274,Oliver İhsanoğlu,oliver.ihsanoglu274@outlok.com,0556 666 83 27,03/03/2025,01/05/2026,"Türkiye, Ankara, Çankaya",₺174,TRY,30,Toys & Games,Regular
388,Öğr. Deryanur Ergül Akdeniz, ogr.deryanur.ergul.akdeniz388@example.com ,+90  500   268 76  81 ,04-23-2022,30/06/2025,Şişli - İstanbul - Türkiye,$285.75,USD,59,Clothing,Budget
351,Zinnure Neval Yorulmaz Gülen, zinnure.neval.yorulmaz.gulen351@example.com ,0545 644 94 85,07-04-2023,2025-03-01,"Türkiye, Antalya, Kepez",₺388,TRY, 75 ,Electronics,Budget
135,Gökperi Mansız Durdu, gokperi.mansiz.durdu135@example.com ,0540 438 98 36,2024-04-16,"February 04, 2026",Şehitkamil - Gaziantep - Türkiye,"305,79",,59,Clothing,Budget
115,Prof. Huban Kerime Aksu, prof.huban.kerime.aksu115@example.com ,+90547358662,19/02/2022,2026-06-09,Odunpazarı - Eskişehir - Türkiye,"381,18",,fifty-five,Toys & Games,Regular
187,Dr. Dilşat Durdu Akça, dr.dilsat.durdu.akca187@example.com ,+90550375899,"December 06, 2021",2026-06-22,Şahinbey - Gaziantep - Türkiye,"347,72",,60,Clothing,Regular
398,Karataş Seven, karatas.seven398@example.com ,+90 524 739 50 03,2024-11-02,2025-03-27,Eyyübiye - Şanlıurfa - Türkiye,"197,11",,36,Home & Garden,Budget
394,Necva Yılmaz,necva.yilmaz394@example.com,+90  509   543 17  35 ,08-23-2025,"October 03, 2025","Türkiye, Şanlıurfa, Eyyübiye",376 TL,TRY,70,Groceries,Budget
67,Erdursun Dalkılıç Akar Duran,erdursun.dalkilic.akar.duran67@outlok.com,+905072359782,08/08/2025,2025-09-25,Eskişehir - Türkiye,$248.74,USD, 46 ,Beauty & Personal Care,Budget
455,Gönen Durmuş,gonen.durmus455@outlok.com,+90  545   105 26  50 ,2025-05-19,"February 20, 2026",Yeşilyurt - Malatya - Türkiye,"256,23",,forty-five,Books,Regular
414,Arş. Gör. Sebattin İvecen Ülker, ars.gor.sebattin.ivecen.ulker414@example.com ,+90  541   862 10  42 ,"June 24, 2023",01/09/2025,Gaziantep - Türkiye,₺211,TRY,40,Clothing,Budget
363,Çev. Alkor Yaman, cev.alkor.yaman363@example.com ,+90501277707,01/09/2022,11/08/2025,"Şanlıurfa, Eyyübiye",$169.82,USD,33,Home & Garden,Budget
98,Yaşattin Şama, yasattin.sama98@example.com ,+90500486863,2024-07-24,2026-06-25,Pamukkale - Denizli,₺214,TRY,47,Toys & Games,Budget
423,Nalân Güverçin Şama, naln.guvercin.sama423@example.com ,+90  506   614 98  28 ,15/11/2021,2025-08-03,"Türkiye, Diyarbakır, Kayapınar","146,11",,29,Electronics,Budget
287,Bayan Muarra Sonnur Demirel,bayan.muarra.sonnur.demirel287@example.com,+90 542 717 39 62,05-01-2022,"April 15, 2026","Türkiye, Eskişehir, Tepebaşı",₺242,TRY,49,Sports & Outdoors,Budget
348,Atiyye Sezer,atiyye.sezer348@gmial.com,+90508677333,2024-06-15,07/12/2025,"Türkiye, Adana","335,51",,36,Toys & Games,Premium
88,Sevginur Misra İhsanoğlu,sevginur.misra.ihsanoglu88@example.com,+90  559   526 94  95 ,2023-02-08,"June 14, 2025","Türkiye, Eskişehir",$426.56,USD,71,Home & Garden,Regular
238,Teber Bilir, teber.bilir238@example.com ,+90558556693,10-16-2022,2025-11-24,Mersin,"268,80",, 52 ,Beauty & Personal Care,Budget
37,Uraltay Gül,uraltay.gul37@example.com,+905824088427,2025-05-16,"September 29, 2025",Melikgazi - Kayseri - Türkiye,₺377,TRY,73,Toys & Games,Budget
379,Salimet Hayrioğlu, salimet.hayrioglu379@example.com ,+90 501 851 06 79,2024-03-18,2026-01-01,"Türkiye, Malatya, Yeşilyurt",346 TL,TRY,54,Clothing,Regular
107,Sancak Türk,sancak.turk107@example.com,+905048990423,06/02/2024,13/06/2025,Şahinbey - Gaziantep - Türkiye,₺201,TRY,32,Toys & Games,Regular
486,Öğr. Şöhret Yılmaz Akçay,ogr.sohret.yilmaz.akcay486@example.com,+90596063399,2025-07-12,22/01/2026,"Malatya, Yeşilyurt","185,24",,27,Electronics,Regular
331,Dilşat Ertaş, dilsat.ertas331@example.com ,+90  559   056 16  55 ,2023-08-22,2025-12-22,Kepez - Antalya - Türkiye,₺199,TRY,forty,Electronics,Budget
241,Kösemen Dumanlı,kosemen.dumanli241@hotnail.com,+90552459334,"April 06, 2024","March 28, 2025","Türkiye, Ankara, Keçiören",$184.69,USD,23,Books,Regular
491,Dr. Dilcan Ticen Tevetoğlu Duran,dr.dilcan.ticen.tevetoglu.duran491@hotnail.com,+90  546   296 13  67 ,"March 13, 2022",2025-05-06,"Türkiye, Antalya, Muratpaşa",92 TL,TRY,23,Groceries,Budget
264,Vacibe Alemdar Yılmaz, vacibe.alemdar.yilmaz264@example.com ,0534 414 48 85,2021-08-25,2025-05-11,Selçuklu - Konya - Türkiye,$96.06,USD,18,Sports & Outdoors,Budget
387,Bişar Ülker, bisar.ulker387@example.com ,0574 355 37 95,"November 10, 2025","March 20, 2026",Nilüfer - Bursa - Türkiye,$326.46,USD,62,Books,Budget
464,Sücaettin Kısakürek,sucaettin.kisakurek464@gmial.com,+90  510   825 55  98 ,2022-07-23,2025-03-16,Melikgazi - Kayseri - Türkiye,"216,17",,,Toys & Games,Budget
251,Öğr. Bezek Tevetoğlu Türk,ogr.bezek.tevetoglu.turk251@example.com,0564 957 82 32,09-10-2022,30/01/2026,"Türkiye, Gaziantep",289 TL,TRY,52,Beauty & Personal Care,Regular
357,Okt. Öngen Bilgen Çetin, okt.ongen.bilgen.cetin357@example.com ,+90  551   583 77  67 ,2024-06-11,2025-02-23,Melikgazi - Kayseri - Türkiye,₺279,TRY,54,Electronics,Regular
30,Erdibay Korutürk, erdibay.koruturk30@example.com ,+90 510 033 09 23,"March 29, 2025",04/07/2025,İlkadım - Samsun - Türkiye,"275,57",,forty-eight,Groceries,Regular
420,Av. Nevsale Birsan Şafak Akdeniz, av.nevsale.birsan.safak.akdeniz420@example.com ,+90532630375,13/03/2025,2025-04-17,Yeşilyurt - Malatya - Türkiye,166 TL,TRY,35,Books,Budget
65,Ulu Tunçboğa Şensoy,ulu.tuncboga.sensoy65@example.com,+90545352181,2023-02-02,2026-06-25,"Türkiye, Samsun, İlkadım",₺250,TRY,30,Toys & Games,New
74,Burakhan Kasim Yılmaz, burakhan.kasim.yilmaz74@example.com ,+90 572 217 04 30,30/10/2024,07/02/2025,İlkadım - Samsun - Türkiye,$412.19,USD,74,Clothing,Budget
74,Burakhan Kasim Yılmaz,burakhan.kasim.yilmaz74@example.com,+90  572   217 04  30 ,10-30-2024,2026-03-26,"Türkiye, Samsun, İlkadım",$411.37,USD,74,Toys & Games,Budget
371,Apaydın Yaman, apaydin.yaman371@example.com ,0507 208 11 55,12/09/2023,2025-01-24,"Diyarbakır, Kayapınar","353,50",,67,Electronics,Budget
11,Ceyhun Çorlu, ceyhun.corlu11@example.com ,+90 510 651 33 38,08/06/2023,27/05/2026,"Türkiye, Ankara, Yenimahalle",₺166,TRY,26,Electronics,Regular
187,Dr. Dilşat Durdu Akça,dr.dilsat.durdu.akca187@outlok.com,+90553758997,"December 06, 2021",2025-04-30,"Gaziantep, Şahinbey",$369.22,USD,60,Electronics,Regular
179,Muvaffak Hayrioğlu,muvaffak.hayrioglu179@example.com,+90 564 890 90 10,05/09/2025,09/04/2026,"Türkiye, Samsun, İlkadım",$345.12,USD,62,Toys & Games,Budget
12,Canseven Ergül Akdeniz,canseven.ergul.akdeniz12@gmial.com,0531 781 08 01,21/09/2021,02-19-2026,Toroslar - Mersin - Türkiye,"398,15",,72,Groceries,Budget
236,İncifir Sanavber Hançer, incifir.sanavber.hancer236@example.com ,+90535186378,01-31-2025,"August 17, 2025","Türkiye, Şanlıurfa, Eyyübiye",₺313,TRY,57,Beauty & Personal Care,Budget
384,Dürrüşehvar Seven, durrusehvar.seven384@example.com ,+90 524 124 62 09,15/02/2024,02-07-2025,"Türkiye, Kayseri, Melikgazi",₺145,TRY, 29 ,Groceries,Budget
310,Ülfet Ertaş, ulfet.ertas310@example.com ,0550 939 83 43,10-27-2025,07/03/2026,Kayapınar - Diyarbakır - Türkiye,$166.60,USD,23,Toys & Games,Regular
94,Şevketfeza Yosma Yılmaz,sevketfeza.yosma.yilmaz94@outlok.com,0562 067 24 00,2024-04-10,2025-11-02,"Türkiye, Ankara, Çankaya",337 TL,TRY,54,Clothing,Regular
176,Atatöre Şensoy, atatore.sensoy176@example.com ,+90530033521,19/10/2023,25/05/2026,"Türkiye, Denizli, Pamukkale","320,79",,fifty,Sports & Outdoors,Regular
116,Kaygusuz Akver Akdeniz Güçlü,kaygusuz.akver.akdeniz.guclu116@example.com,+90  543   114 26  26 ,2024-03-04,01-30-2026,"Türkiye, İzmir","209,40",,41,Sports & Outdoors,Budget
245,Mazlum Demir,mazlum.demir245@example.com,0559 042 59 79,"February 17, 2025",02/06/2025,İpekyolu - Van - Türkiye,$255.80,USD,46,Beauty & Personal Care,Budget
116,Kaygusuz Akver Akdeniz Güçlü,kaygusuz.akver.akdeniz.guclu116@example.com,+90541142626,03-04-2024,2025-11-09,"Türkiye, İzmir, Karşıyaka",$218.06,USD,41,Groceries,Budget
285,Veis Yüksel,veis.yuksel285@example.com,+905091093910,2025-06-19,2026-03-16,"Türkiye, Konya",₺381,TRY,72,Toys & Games,Regular
230,Koçak Soylu, kocak.soylu230@example.com ,+90 547 807 74 06,"April 22, 2024","February 25, 2025","Türkiye, Antalya, Kepez",311 TL,TRY,56,Electronics,Budget
354,Heva Yaman,heva.yaman354@example.com,0552 017 77 49,05/04/2022,12/01/2025,"Türkiye, Van, İpekyolu","102,65",, 18 ,Electronics,Budget
322,Tekecan Sakarya,tekecan.sakarya322@hotnail.com,0552 893 89 11,09-15-2022,14/12/2025,"Türkiye, Mersin, Toroslar",325 TL,TRY,66,Electronics,Budget
309,Sevim Eraslan, sevim.eraslan309@example.com ,+90  557   828 41  06 ,24/02/2023,2025-04-27,İlkadım - Samsun,"350,50",,67,Books,Budget
124,Gözem Zengin,gozem.zengin124@outlok.com,+90  505   123 82  82 ,2024-02-04,"February 23, 2025","Türkiye, Trabzon, Ortahisar","312,98",,53,Toys & Games,Regular
190,Över İlalmış Aksu Hançer,over.ilalmis.aksu.hancer190@hotnail.com,+905043835719,2022-02-28,"March 31, 2025",Kocasinan - Kayseri - Türkiye,₺391,TRY,sixty-five,Groceries,Regular
256,Öğr. Rafih Şensoy,ogr.rafih.sensoy256@gmial.com,0596 569 99 88,05-09-2022,2026-03-27,"Türkiye, Gaziantep, Şahinbey",$583.63,USD,74,Groceries,Premium
311,Zöhrehan Ferhan Erdoğan,zohrehan.ferhan.erdogan311@example.com,+90 556 265 65 04,2024-01-06,20/03/2026,Kayapınar - Diyarbakır - Türkiye,"246,27",,40,Toys & Games,Budget
312,Okt. İmrihan Melikkan Şener Şafak, okt.imrihan.melikkan.sener.safak312@example.com ,0537 674 26 62,08-28-2022,"December 05, 2025",Kayapınar - Diyarbakır - Türkiye,$320.06,USD,56,Toys & Games,Budget
268,Ferihan Dumanlı,ferihan.dumanli268@outlok.com,+90 553 344 85 71,02/06/2024,2026-06-07,Bornova - İzmir,₺89,TRY, 27 ,Beauty & Personal Care,Budget
313,Sevgen Akdeniz,sevgen.akdeniz313@example.com,+905462819232,2023-10-23,"January 13, 2025","Türkiye, Konya, Meram","223,54",,36,Books,Regular
6,Yağızkurt Şensoy,yagizkurt.sensoy6@yaho.com,+90540184514,07-06-2023,2025-10-24,Bursa - Türkiye,"193,95",, 28 ,Home & Garden,Regular
43,Türknur Şennur Akar,turknur.sennur.akar43@hotnail.com,+90 510 932 48 08,30/08/2023,01/05/2025,"Türkiye, Trabzon","112,81",,23,Clothing,Budget
163,Fayize Demirel Bilir,fayize.demirel.bilir163@example.com,+905648799702,2024-05-27,"April 05, 2025","İzmir, Konak","227,42",,43,Clothing,Budget
499,Bayan Nürice Arsoy Eraslan,bayan.nurice.arsoy.eraslan499@example.com,+90  505   384 44  46 ,2022-03-05,2026-03-03,"Türkiye, Denizli, Pamukkale",189 TL,TRY,33,Books,Budget
397,Aydinç Korutürk,aydinc.koruturk397@example.com,0538 806 53 33,07-25-2025,04-21-2026,Şehzadeler - Manisa - Türkiye,$182.96,USD,39,Beauty & Personal Care,Budget
456,Mükrüme Alemdar Yaman,mukrume.alemdar.yaman456@example.com,+905310402665,"October 09, 2025",2026-05-09,"Türkiye, İzmir, Karşıyaka",₺166,TRY,28,Electronics,Regular
427,Erinçer Akar,erincer.akar427@hotnail.com,+905209724399,"March 26, 2022",07-17-2025,"Türkiye, Samsun, İlkadım",369 TL,TRY,71,Beauty & Personal Care,Budget
105,Arş. Gör. Salimet Övün Yılmaz Demir,ars.gor.salimet.ovun.yilmaz.demir105@yaho.com,+90539363846,2023-05-03,"April 30, 2025","Türkiye, Bursa, Osmangazi",₺298,TRY,52,Beauty & Personal Care,Regular
73,Koçak Akçay,kocak.akcay73@example.com,0546 095 39 62,23/03/2022,09-15-2025,"Türkiye, Gaziantep, Şahinbey",300 TL,TRY,60,Books,Budget
67,Erdursun Dalkılıç Akar Duran, erdursun.dalkilic.akar.duran67@example.com ,+90507935982,08/08/2025,2026-01-24,Odunpazarı - Eskişehir - Türkiye,"256,77",,46,Clothing,Budget
285,Veis Yüksel, veis.yuksel285@example.com ,0509 109 39 11,06-19-2025,08-19-2025,"Türkiye, Konya, Selçuklu","404,07",,72,Books,Regular
239,Bidayet Aksu,bidayet.aksu239@example.com,+90557760040,17/01/2023,03-23-2025,Yakutiye - Erzurum - Türkiye,$203.67,USD,26,Toys & Games,New
12,Canseven Ergül Akdeniz, canseven.ergul.akdeniz12@example.com ,+90  531   781 08  01 ,2021-09-21,2026-05-20,Toroslar - Mersin - Türkiye,$384.53,USD,72,Clothing,Budget
119,Korugan Şama,korugan.sama119@outlok.com,+90 547 212 64 64,"March 27, 2023",15/01/2026,"Türkiye, Mersin, Toroslar",329 TL,TRY,68,Clothing,Budget
263,Muvahhide Demir,muvahhide.demir263@example.com,0507 139 66 05,2023-12-27,2025-12-25,Toroslar - Mersin - Türkiye,$496.01,USD,53,Toys & Games,Premium
371,Apaydın Yaman, apaydin.yaman371@example.com ,+90  507   208 11  55 ,2023-09-12,08/01/2025,"Türkiye, Diyarbakır",$381.91,USD,67,Home & Garden,Budget
234,Yrd. Doç. Şahdiye Hafıza Öcalan,yrd.doc.sahdiye.hafiza.ocalan234@hotnail.com,+90 500 528 12 73,2024-03-04,18/05/2025,Çukurova - Adana - Türkiye,₺470,TRY,53,Books,Premium
16,Alanalp Ülker,alanalp.ulker16@example.com,+90 554 278 49 80,16/03/2022,05-26-2026,Van - Türkiye,419 TL,TRY,70,Sports & Outdoors,Regular
119,Korugan Şama,korugan.sama119@hotnail.com,+905472126264,27/03/2023,2025-07-25,"Mersin, Toroslar",363 TL,TRY, 68 ,Home & Garden,Budget
354,Heva Yaman, heva.yaman354@example.com ,+90 552 017 77 49,"April 05, 2022",2026-06-05,İpekyolu - Van - Türkiye,63 TL,TRY,18,Books,Budget
312,Okt. İmrihan Melikkan Şener Şafak, okt.imrihan.melikkan.sener.safak312@example.com ,+90537742662,2022-08-28,2025-10-24,"Türkiye, Diyarbakır, Kayapınar",$279.61,USD,56,Sports & Outdoors,Budget
431,Dr. Özge Musaffa Bilge Şener,dr.ozge.musaffa.bilge.sener431@hotnail.com,+90 512 141 61 41,01-12-2024,2025-01-24,Diyarbakır - Türkiye,148 TL,TRY,19,Books,Regular
154,Selmin Mansız,selmin.mansiz154@gmial.com,+90 559 929 37 84,12-18-2024,2026-02-18,İpekyolu - Van,"258,21",,49,Home & Garden,Budget
388,Öğr. Deryanur Ergül Akdeniz,ogr.deryanur.ergul.akdeniz388@gmial.com,+90500268681,2022-04-23,05-15-2025,Şişli - İstanbul - Türkiye,"316,92",,59,Electronics,Budget
141,Dr. Atgun Arslan,dr.atgun.arslan141@yaho.com,+905524591380,13/09/2025,17/01/2026,Van,570 TL,TRY,72,Toys & Games,Premium
131,Minibe Ülker, minibe.ulker131@example.com ,+905395962993,"October 15, 2024","March 24, 2026",Nilüfer - Bursa - Türkiye,352 TL,TRY,69,Electronics,Budget
20,Tınal Aslan,tinal.aslan20@example.com,+90  536   541 45  86 ,20/02/2022,27/12/2025,Pamukkale - Denizli - Türkiye,$398.16,USD,71,Books,Regular
393,Mevlüdiye Çamurcuoğlu,mevludiye.camurcuoglu393@yaho.com,+905361832541,09/06/2022,08-23-2025,İpekyolu - Van - Türkiye,₺318,TRY,58,Home & Garden,Budget
393,Mevlüdiye Çamurcuoğlu,mevludiye.camurcuoglu393@example.com,+90 536 133 25 41,"June 09, 2022",03-05-2025,İpekyolu - Van - Türkiye,₺299,TRY,fifty-eight,Toys & Games,Budget
335,Alaz Eraslan Duran, alaz.eraslan.duran335@example.com ,+90514846853,08-17-2023,2026-03-02,Van - Türkiye,"231,31",,43,Sports & Outdoors,Budget
244,Çev. Özerdinç Özinal Şener,cev.ozerdinc.ozinal.sener244@example.com,+905416862248,02/11/2024,03-12-2026,"Türkiye, Kayseri, Kocasinan",274 TL,TRY,49,Books,Regular
398,Karataş Seven,karatas.seven398@hotnail.com,+90  524   739 50  03 ,"November 02, 2024",2026-06-04,Şanlıurfa - Türkiye,"172,86",,36,Sports & Outdoors,Budget
372,İlper Durmuş,ilper.durmus372@gmial.com,0502 908 46 68,2024-03-29,19/06/2025,"Türkiye, Ankara, Keçiören",$543.57,USD,64,Books,Premium
166,Bayan Gülsü Sabır Kısakürek, bayan.gulsu.sabir.kisakurek166@example.com ,+90 530 705 34 57,"February 12, 2023",06-07-2025,"Türkiye, Konya, Selçuklu",₺254,TRY,43,Sports & Outdoors,Regular
10,Ferahdiba Bilir,ferahdiba.bilir10@hotnail.com,+90  537   631 16  56 ,24/08/2023,03-05-2026,"Türkiye, Van",449 TL,TRY,47,Beauty & Personal Care,Premium
498,Kibar Bilge,kibar.bilge498@gmial.com,+90  533   786 13  71 ,25/12/2023,2025-09-19,Yakutiye - Erzurum - Türkiye,395 TL,TRY,68,Books,New
270,Doç. Bozbağ Görgünay Durmuş,doc.bozbag.gorgunay.durmus270@example.com,+90 557 724 59 92,2023-02-06,"August 12, 2025","Türkiye, Antalya, Muratpaşa",₺152,TRY,24,Sports & Outdoors,Regular
21,Tanbay Şener, tanbay.sener21@example.com ,+905429401265,2021-11-11,2025-12-02,"Türkiye, İstanbul",₺348,TRY,68,Home & Garden,Budget
482,Bay Gümüştekin Ayvas Karadeniz,bay.gumustekin.ayvas.karadeniz482@example.com,+905241867369,"August 20, 2025",15/04/2026,"Türkiye, Şanlıurfa, Eyyübiye",$183.44,USD,thirty-two,Electronics,Regular
178,Nurmelek Hayrioğlu,nurmelek.hayrioglu178@gmial.com,+90 532 603 32 30,23/08/2022,13/01/2025,"Türkiye, Şanlıurfa",₺253,TRY,50,Toys & Games,Budget
473,Ayülker Şensoy,ayulker.sensoy473@yaho.com,+905016023142,"June 07, 2022",2025-03-17,Şehitkamil - Gaziantep - Türkiye,"302,60",,56,Sports & Outdoors,Budget
4,Akdora Aygutalp Bilir, akdora.aygutalp.bilir4@example.com ,0550 305 64 13,2022-10-08,12/03/2025,Yakutiye - Erzurum - Türkiye,580 TL,TRY,74,Beauty & Personal Care,Premium
60,Çev. Tüzeer Nurullah Bilir,cev.tuzeer.nurullah.bilir60@yaho.com,+90 556 049 45 19,2023-02-07,01-21-2025,Şehzadeler - Manisa,₺175,TRY,,Home & Garden,Budget
91,Emine. İhsanoğlu,emine.ihsanoglu91@example.com,+90 524 041 57 47,2024-09-30,03-10-2026,Eyyübiye - Şanlıurfa,₺336,TRY,30,Sports & Outdoors,Premium
287,Bayan Muarra Sonnur Demirel,bayan.muarra.sonnur.demirel287@example.com,+90 542 717 39 62,2022-05-01,"January 23, 2025",Tepebaşı - Eskişehir,₺269,TRY,49,Beauty & Personal Care,Budget
398,Karataş Seven,karatas.seven398@hotnail.com,+90 524 739 50 03,11-02-2024,05-01-2025,"Türkiye, Şanlıurfa, Eyyübiye",219 TL,TRY,36,Groceries,Budget
80,Sittik Nevsal Zorlu, sittik.nevsal.zorlu80@example.com ,+90555184422,12-03-2023,2025-06-09,Kayapınar - Diyarbakır - Türkiye,$249.89,USD,50,Books,Budget
420,Av. Nevsale Birsan Şafak Akdeniz,av.nevsale.birsan.safak.akdeniz420@gmial.com,+905396303975,03-13-2025,2026-01-05,Yeşilyurt - Malatya - Türkiye,₺154,TRY,35,Toys & Games,Budget
18,Av. Azettin Kavurt Aslan,av.azettin.kavurt.aslan18@gmial.com,+90  540   164 00  52 ,"May 18, 2022",2025-12-13,Toroslar - Mersin - Türkiye,173 TL,TRY,34,Beauty & Personal Care,Budget
459,Gülay Günar Şama,gulay.gunar.sama459@yaho.com,+905823414303,04-17-2023,11/12/2025,Şahinbey - Gaziantep - Türkiye,₺532,TRY,63,Groceries,Premium
220,Öğr. Doğuhan Korutürk, ogr.doguhan.koruturk220@example.com ,+905343334333,"July 19, 2024","May 22, 2025","Türkiye, Mersin, Yenişehir",410 TL,TRY,71,Groceries,Regular
318,Kâzime Yılmaz Durdu,kzime.yilmaz.durdu318@example.com,+90  532   192 85  54 ,2024-06-05,07-09-2025,"Türkiye, İzmir, Karşıyaka",₺347,TRY,61,Beauty & Personal Care,Regular
405,Günebakan İnönü,gunebakan.inonu405@example.com,0537 780 52 92,03-27-2024,2025-05-10,Pamukkale - Denizli,₺331,TRY,65,Groceries,Budget
171,Öğr. Durmuşali Esentürk Şafak,ogr.durmusali.esenturk.safak171@outlok.com,0574 466 60 99,19/11/2024,08/02/2026,"Türkiye, Kayseri, Melikgazi","398,21",,39,Groceries,Premium
216,Sonnur Çağlar Fırat Ergül, sonnur.caglar.firat.ergul216@example.com ,+905024465669,2024-10-28,2026-04-25,"Türkiye, Samsun, İlkadım",260 TL,TRY,51,Home & Garden,Budget
394,Necva Yılmaz, necva.yilmaz394@example.com ,+905094431735,2025-08-23,"February 26, 2026",Eyyübiye - Şanlıurfa - Türkiye,₺372,TRY,70,Sports & Outdoors,Budget
417,Gözel Durdu, gozel.durdu417@example.com ,+90  555   206 50  63 ,05-18-2023,2025-10-29,"Türkiye, Eskişehir, Odunpazarı",₺148,TRY,32,Toys & Games,Budget
489,Dr. Mahter Havse Hançer,dr.mahter.havse.hancer489@outlok.com,+90504669275,2023-01-28,27/03/2025,"Türkiye, Van, İpekyolu","416,56",,72,Beauty & Personal Care,Regular
230,Koçak Soylu, kocak.soylu230@example.com ,+90  547   807 74  06 ,22/04/2024,2026-05-30,"Türkiye, Antalya","283,13",,56,Beauty & Personal Care,Budget
71,Aygutalp İhsanoğlu, aygutalp.ihsanoglu71@example.com ,+90  540   758 18  14 ,06-24-2025,2026-05-16,"Türkiye, Manisa, Şehzadeler",₺334,TRY,66,Electronics,Budget
283,Okt. Müsemma Durmuş İnönü,okt.musemma.durmus.inonu283@hotnail.com,+90 549 673 93 85,2022-02-24,03/04/2026,Eyyübiye - Şanlıurfa - Türkiye,$385.93,USD,62,Home & Garden,New
245,Mazlum Demir,mazlum.demir245@example.com,0559 042 59 79,"February 17, 2025",19/02/2026,İpekyolu - Van - Türkiye,239 TL,TRY, 46 ,Clothing,Budget
147,Yekda Sezer,yekda.sezer147@hotnail.com,+90  556   185 37  47 ,06-18-2024,04/05/2025,Kayapınar - Diyarbakır - Türkiye,₺398,TRY,72,Home & Garden,Budget
246,Dr. Bilgütay Erten Alemdar,dr.bilgutay.erten.alemdar246@gmial.com,+90521103924,2025-11-14,02/05/2026,"Türkiye, Gaziantep","250,83",,39,Groceries,Regular
205,Öğr. Sezen Üge Mansız Ülker,ogr.sezen.uge.mansiz.ulker205@example.com,0572 299 27 50,09-20-2024,30/06/2025,Kayapınar - Diyarbakır - Türkiye,$396.43,USD,66,Sports & Outdoors,Regular
268,Ferihan Dumanlı,ferihan.dumanli268@example.com,+90 553 344 85 71,2024-06-02,2026-05-25,"Türkiye, İzmir, Bornova",$150.64,USD,27,Groceries,Budget
44,Karaer İnönü, karaer.inonu44@example.com ,+90512744677,2024-07-31,2025-02-06,Osmangazi - Bursa,"297,38",,47,Home & Garden,Regular
221,Çev. İnsaf İnönü Fırat,cev.insaf.inonu.firat221@example.com,+90  508   562 71  87 ,2024-03-06,2026-06-29,"Türkiye, Antalya, Muratpaşa",₺309,TRY, 62 ,Home & Garden,Budget
234,Yrd. Doç. Şahdiye Hafıza Öcalan,yrd.doc.sahdiye.hafiza.ocalan234@gmial.com,+905005181273,04/03/2024,"December 08, 2025",Çukurova - Adana - Türkiye,475 TL,TRY,53,Groceries,Premium
26,Rabbiye Aslan, rabbiye.aslan26@example.com ,+905016628708,2024-07-20,04-06-2026,"Türkiye, Şanlıurfa, Eyyübiye",387 TL,TRY,72,Electronics,Budget
274,Oliver İhsanoğlu,oliver.ihsanoglu274@outlok.com,+90  556   666 83  27 ,03/03/2025,2026-02-22,"Ankara, Çankaya",210 TL,TRY,30,Books,Regular
119,Korugan Şama,korugan.sama119@example.com,+90 547 212 64 64,"March 27, 2023",25/08/2025,"Türkiye, Mersin, Toroslar",$353.46,USD,68,Books,Budget
158,Yahşi Soylu, yahsi.soylu158@example.com ,+90505336884,31/03/2022,2025-07-26,"Türkiye, İzmir, Bornova",182 TL,TRY,36,Toys & Games,Budget
329,Çev. İlmafer Akça,cev.ilmafer.akca329@hotnail.com,+90 506 167 56 77,30/09/2025,05-24-2026,"Türkiye, Antalya",120 TL,TRY, 20 ,Sports & Outdoors,Budget
464,Sücaettin Kısakürek,sucaettin.kisakurek464@hotnail.com,+90510825598,2022-07-23,04/04/2026,"Türkiye, Kayseri, Melikgazi",211 TL,TRY,41,Sports & Outdoors,Budget
498,Kibar Bilge,kibar.bilge498@example.com,+90337861371,25/12/2023,"February 24, 2026","Türkiye, Erzurum, Yakutiye",$405.16,USD,68,Sports & Outdoors,New
271,Savni Seven,savni.seven271@example.com,+90596658321,10-20-2021,09/05/2026,"Türkiye, Bursa, Osmangazi",389 TL,TRY,63,Toys & Games,Regular
464,Sücaettin Kısakürek, sucaettin.kisakurek464@example.com ,+90518255598,07-23-2022,06-08-2026,Melikgazi - Kayseri - Türkiye,213 TL,TRY,41,Home & Garden,Budget
168,Sunay Yılmaz Akça,sunay.yilmaz.akca168@example.com,+90  540   602 93  33 ,2022-02-24,10/05/2025,Mersin - Türkiye,"139,34",,31,Home & Garden,Budget
50,Av. Behiza İnönü Duran, av.behiza.inonu.duran50@example.com ,+90536713699,2024-04-16,"December 27, 2025",Kayapınar - Diyarbakır - Türkiye,"333,50",,62,Books,Budget
243,Servinaz Belkize Tarhan,servinaz.belkize.tarhan243@example.com,+90558320679,2023-02-13,17/07/2025,"Türkiye, Manisa, Şehzadeler",78 TL,TRY,23,Beauty & Personal Care,Budget
300,Halenur Burcuhan Şafak, halenur.burcuhan.safak300@example.com ,0531 806 32 54,2024-08-10,"May 15, 2025","Türkiye, Ankara, Keçiören",₺334,TRY,59,Electronics,New
176,Atatöre Şensoy,atatore.sensoy176@example.com,+90530035421,2023-10-19,10/03/2025,Pamukkale - Denizli - Türkiye,$293.64,USD,50,Sports & Outdoors,Regular
354,Heva Yaman, heva.yaman354@example.com ,+90  552   017 77  49 ,"April 05, 2022",2026-05-27,"Van, İpekyolu",$86.44,USD,eighteen,Home & Garden,Budget
254,Çoğay Tarhan,cogay.tarhan254@example.com,0509 949 99 39,24/08/2024,"June 23, 2025",Muratpaşa - Antalya - Türkiye,₺202,TRY,32,Electronics,Regular
151,Özakan Mazlum Bilgin Akçay,ozakan.mazlum.bilgin.akcay151@hotnail.com,+905598759856,"June 07, 2024",27/11/2025,Şişli - İstanbul - Türkiye,$149.55,USD, 29 ,Electronics,Budget
336,Muvaffak Kanak Tarhan Korutürk,muvaffak.kanak.tarhan.koruturk336@example.com,0548 969 08 35,"May 10, 2023","May 02, 2025",Yeşilyurt - Malatya - Türkiye,₺136,TRY,27,Beauty & Personal Care,Budget
324,Sezal Kader Gül,sezal.kader.gul324@example.com,+905566483615,"April 03, 2025",04-18-2026,"Türkiye, Bursa, Nilüfer",$250.59,USD,47,Home & Garden,Budget
420,Av. Nevsale Birsan Şafak Akdeniz, av.nevsale.birsan.safak.akdeniz420@example.com ,+90  532   630 39  75 ,"March 13, 2025",12-15-2025,Yeşilyurt - Malatya - Türkiye,184 TL,TRY,35,Toys & Games,Budget
462,Ortak Ömür Duran Karadeniz, ortak.omur.duran.karadeniz462@example.com ,+90414545635,2025-09-06,2026-06-25,"Türkiye, Denizli, Pamukkale","156,44",, 29 ,Beauty & Personal Care,Budget
396,Belgizar Manço Korutürk, belgizar.manco.koruturk396@example.com ,0510 919 39 28,2024-07-06,2026-05-25,Nilüfer - Bursa - Türkiye,247 TL,TRY,40,Clothing,Regular
440,Muktedir Ünübol Durdu,muktedir.unubol.durdu440@gmial.com,+905409836255,2022-02-20,2026-04-08,Ortahisar - Trabzon - Türkiye,"378,23",,68,Home & Garden,Budget
186,Enes Yaman,enes.yaman186@yaho.com,+90575354038,05/05/2022,"December 12, 2025",Seyhan - Adana - Türkiye,₺268,TRY,42,Toys & Games,Regular
367,Sevican Asu Yorulmaz, sevican.asu.yorulmaz367@example.com ,+905795508428,24/07/2022,05-20-2026,Yeşilyurt - Malatya,306 TL,TRY,60,Books,Budget
160,Hasret Kumral Şama,hasret.kumral.sama160@yaho.com,+905349221158,18/08/2023,11-11-2025,"Türkiye, Adana, Çukurova",₺399,TRY,66,Sports & Outdoors,Regular
471,Öğr. Lezize Nursim Zorlu Fırat, ogr.lezize.nursim.zorlu.firat471@example.com ,+90536527127,"November 29, 2024",2025-11-08,Yenişehir - Mersin - Türkiye,$597.69,USD,70,Groceries,Premium
49,Atilhan Gül,atilhan.gul49@example.com,+905748215594,"May 14, 2022",10/06/2025,"Türkiye, Malatya, Yeşilyurt",263 TL,TRY,45,Electronics,Regular
97,Lezize Tevetoğlu,lezize.tevetoglu97@example.com,+90  539   106 51  80 ,2025-07-24,17/04/2026,"Türkiye, Erzurum, Yakutiye",₺286,TRY,forty-eight,Books,Budget
154,Selmin Mansız,selmin.mansiz154@example.com,+905599993784,18/12/2024,12/02/2026,"Van, İpekyolu",265 TL,TRY,49,Home & Garden,Budget
292,Dr. Yekbun Sevgen Yılmaz Gül, dr.yekbun.sevgen.yilmaz.gul292@example.com ,0507 100 21 94,2023-08-13,03/08/2025,"Türkiye, Kayseri, Melikgazi","526,79",,62,Books,Premium
179,Muvaffak Hayrioğlu, muvaffak.hayrioglu179@example.com ,+904648909010,09-05-2025,19/02/2026,"Türkiye, Samsun, İlkadım","320,14",,62,Beauty & Personal Care,Budget
195,Özpınar Selâtin Çetin Türk, ozpinar.seltin.cetin.turk195@example.com ,+90 557 399 30 56,24/04/2025,2025-10-31,Kadıköy - İstanbul - Türkiye,198 TL,TRY,42,Electronics,Budget
308,Ekmel Ertaş,ekmel.ertas308@outlok.com,+90  559   274 52  38 ,12-25-2021,12/07/2025,"Türkiye, Manisa, Şehzadeler",$148.26,USD,20,Groceries,Regular
489,Dr. Mahter Havse Hançer,dr.mahter.havse.hancer489@hotnail.com,+90  505   466 92  75 ,2023-01-28,"January 02, 2026",İpekyolu - Van - Türkiye,409 TL,TRY,72,Toys & Games,Regular
438,Tanyolaç Tevetoğlu,tanyolac.tevetoglu438@outlok.com,+905539915468,"July 02, 2023",2026-03-27,"Şanlıurfa, Eyyübiye",$355.56,USD,69,Home & Garden,Budget
1,Akar Ziyaettin Aslan Yüksel,akar.ziyaettin.aslan.yuksel1@example.com,0543 321 81 96,08/10/2025,2026-01-15,"Türkiye, Bursa, Nilüfer","79,07",, 19 ,Groceries,Budget
5,Arş. Gör. Sıylıhan Akbaş Durmuş,ars.gor.siylihan.akbas.durmus5@example.com,+90  596   965 32  87 ,06-09-2025,21/11/2025,Meram - Konya - Türkiye,350 TL,TRY,66,Sports & Outdoors,Budget
32,Nevsale Bilgin Yaman, nevsale.bilgin.yaman32@example.com ,+90 506 716 57 26,12-17-2024,04/09/2025,"Türkiye, Kayseri, Kocasinan",$421.26,USD,64,Beauty & Personal Care,Regular
364,Arş. Gör. Dilsitan Banü Güçlü,ars.gor.dilsitan.banu.guclu364@example.com,+90  505   016 67  99 ,2021-11-06,05-15-2026,"Türkiye, Van, İpekyolu",$320.38,USD,53,Books,New
260,Boztaş Gürelcem Seven Sezer,boztas.gurelcem.seven.sezer260@example.com,+90 533 977 67 19,01/08/2022,"March 22, 2025",Manisa - Türkiye,₺90,TRY,18,Groceries,Budget
317,İnançlı Ülker, inancli.ulker317@example.com ,+905725004565,2025-09-04,18/04/2026,Kepez - Antalya - Türkiye,"206,47",,36,Groceries,Budget
475,Yasan Şehamet Fırat Akdeniz,yasan.sehamet.firat.akdeniz475@example.com,+905625435172,2025-05-01,2026-04-21,"Bursa, Osmangazi","169,96",,32,Electronics,Budget
97,Lezize Tevetoğlu,lezize.tevetoglu97@example.com,0539 106 51 80,24/07/2025,2025-11-08,Yakutiye - Erzurum - Türkiye,₺270,TRY,48,Books,Budget
284,Sevdinar İhsanoğlu Hayrioğlu,sevdinar.ihsanoglu.hayrioglu284@hotnail.com,0501 061 81 75,09-19-2024,22/06/2026,Odunpazarı - Eskişehir - Türkiye,"321,51",,64,Groceries,Budget
395,Av. Beyda Durdu,av.beyda.durdu395@example.com,0506 512 07 04,2022-07-11,11-04-2025,Şahinbey - Gaziantep - Türkiye,$347.86,USD, 58 ,Home & Garden,Regular
428,Yrd. Doç. Birgit İnönü, yrd.doc.birgit.inonu428@example.com ,0544 886 94 61,2025-05-03,"January 10, 2026","Türkiye, Bursa, Nilüfer",₺311,TRY, 58 ,Clothing,Regular
350,Av. Işıman Ayvas Tarhan,av.isiman.ayvas.tarhan350@example.com,+90 557 215 86 24,2025-04-17,2025-04-20,Trabzon - Türkiye,₺184,TRY,38,Electronics,Budget
453,Hiçsönmez Hançer,hicsonmez.hancer453@outlok.com,+90 509 728 32 15,03-14-2025,19/06/2025,Şehitkamil - Gaziantep - Türkiye,$297.24,USD,50,Electronics,Regular
224,Eskinalp Türk,eskinalp.turk224@hotnail.com,+905064203471,06-05-2023,2025-02-06,"Erzurum, Yakutiye",₺351,TRY,65,Toys & Games,Budget
129,Jankat Şafak,jankat.safak129@hotnail.com,+90  540   438 42  79 ,2021-10-14,01-06-2026,"Türkiye, Şanlıurfa, Eyyübiye",₺565,TRY,67,Clothing,Premium
446,Öğr. Yazgül Yasemen Mansız Aksu, ogr.yazgul.yasemen.mansiz.aksu446@example.com ,+90 541 926 76 49,31/03/2025,"September 27, 2025",Şahinbey - Gaziantep - Türkiye,97 TL,TRY,24,Sports & Outdoors,Budget
327,Bekbay Çetin,bekbay.cetin327@example.com,+90  512   153 53  96 ,2025-04-05,2025-07-27,"Türkiye, Şanlıurfa","352,92",,32,Books,Premium
168,Sunay Yılmaz Akça,sunay.yilmaz.akca168@example.com,+905436029333,2022-02-24,2025-11-20,Yenişehir - Mersin - Türkiye,"143,46",, 31 ,Sports & Outdoors,Budget
210,Çisem Yılmaz, cisem.yilmaz210@example.com ,+90 537 977 23 69,"February 23, 2025",11/04/2025,"Türkiye, Kayseri, Melikgazi",$403.95,USD,68,Electronics,Regular
89,Abdülhadi Ertaş, abdulhadi.ertas89@example.com ,+90  530   756 26  36 ,02-19-2023,27/11/2025,Eyyübiye - Şanlıurfa - Türkiye,375 TL,TRY,67,Sports & Outdoors,Regular
468,Seniha Hasgül Duran,seniha.hasgul.duran468@yaho.com,+90  543   448 12  30 ,"December 16, 2022",2026-03-26,Yeşilyurt - Malatya - Türkiye,170 TL,TRY,33,Clothing,Budget
382,Mengi Sakarya,mengi.sakarya382@outlok.com,+90  543   397 18  95 ,12/09/2023,09-02-2025,"Türkiye, Ankara, Yenimahalle","301,45",,55,Toys & Games,Budget
147,Yekda Sezer,yekda.sezer147@gmial.com,+905561853742,18/06/2024,2025-10-17,"Türkiye, Diyarbakır, Kayapınar",389 TL,TRY,72,Groceries,Budget
231,Seydo Şener,seydo.sener231@gmial.com,+905368603266,2024-09-17,23/06/2025,Üsküdar - İstanbul - Türkiye,"154,05",,34,Books,Budget
309,Sevim Eraslan,sevim.eraslan309@example.com,+905578294106,"February 24, 2023",08-15-2025,İlkadım - Samsun - Türkiye,$328.49,USD,67,Home & Garden,Budget
111,Dr. Ağakişi Hükümdar Öcalan,dr.agakisi.hukumdar.ocalan111@yaho.com,0501 666 87 00,2022-01-03,2025-01-22,"İzmir, Karşıyaka",185 TL,TRY,28,Sports & Outdoors,Budget
195,Özpınar Selâtin Çetin Türk, ozpinar.seltin.cetin.turk195@example.com ,+90557399356,04-24-2025,2025-07-03,"Türkiye, İstanbul",$215.40,USD,42,Clothing,Budget
254,Çoğay Tarhan, cogay.tarhan254@example.com ,0509 949 99 39,08-24-2024,25/07/2025,"Türkiye, Antalya, Muratpaşa",$210.86,USD,32,Groceries,Regular
202,Öğr. Seblâ Alemdar Gül,ogr.sebl.alemdar.gul202@example.com,+905433645257,2023-05-10,2025-11-04,Şehzadeler - Manisa - Türkiye,276 TL,TRY,46,Groceries,Regular
381,Dr. Buşra Karadeniz Çorlu,dr.busra.karadeniz.corlu381@yaho.com,0512 094 81 81,2024-11-13,2025-11-18,Kayapınar - Diyarbakır - Türkiye,357 TL,TRY,57,Electronics,Regular
337,İlklima Kısakürek, ilklima.kisakurek337@example.com ,+90547786603,2024-06-02,2025-06-17,Kocasinan - Kayseri - Türkiye,131 TL,TRY,26,Electronics,Budget
477,Serda Akçay,serda.akcay477@example.com,+90 552 677 11 96,11-15-2021,14/11/2025,"Türkiye, Antalya, Muratpaşa",₺152,TRY,35,Groceries,Budget
306,Uz. Cannur Çorlu, uz.cannur.corlu306@example.com ,0556 955 79 88,15/06/2023,2025-09-29,"Türkiye, Şanlıurfa, Eyyübiye",₺227,TRY,47,Clothing,Budget
500,Hüsmen Çetin,husmen.cetin500@outlok.com,+905002589556,2022-09-28,12-26-2025,Denizli - Türkiye,"224,21",,45,Electronics,Budget
154,Selmin Mansız, selmin.mansiz154@example.com ,0559 929 37 84,"December 18, 2024",04/08/2025,"Van, İpekyolu",$256.92,USD,49,Groceries,Budget
154,Selmin Mansız, selmin.mansiz154@example.com ,+905569293784,2024-12-18,2026-04-05,"Türkiye, Van, İpekyolu","238,58",,49,Sports & Outdoors,Budget
177,Uz. Sevsevil Gülbeyan Yorulmaz,uz.sevsevil.gulbeyan.yorulmaz177@example.com,+90504478985,05/02/2022,2025-02-16,Seyhan - Adana - Türkiye,"117,58",,26,Groceries,Budget
265,Öğr. Ayşenur Gülenay Fırat Arsoy,ogr.aysenur.gulenay.firat.arsoy265@example.com,0539 551 24 05,2023-11-05,05-19-2025,"Türkiye, Eskişehir, Tepebaşı",354 TL,TRY,,Toys & Games,Regular
125,Ayduru Sakarya,ayduru.sakarya125@gmial.com,0562 266 09 37,18/08/2022,"February 20, 2026","Türkiye, Diyarbakır, Kayapınar",322 TL,TRY,45,Books,Regular
165,Zeyno Ertaş,zeyno.ertas165@outlok.com,+90 508 214 86 28,10-05-2022,"March 22, 2026",Kocasinan - Kayseri - Türkiye,₺86,TRY, 19 ,Clothing,Budget
93,Öğr. İvecen Duran, ogr.ivecen.duran93@example.com ,+90  534   540 19  38 ,2021-10-22,"January 18, 2026","Türkiye, Şanlıurfa, Eyyübiye",$551.17,USD,,Groceries,Premium
22,Arş. Gör. Yurtgüven Yüksel, ars.gor.yurtguven.yuksel22@example.com ,+909356159514,02-08-2023,2025-07-29,Şehzadeler - Manisa - Türkiye,"248,56",,37,Books,Regular
105,Arş. Gör. Salimet Övün Yılmaz Demir,ars.gor.salimet.ovun.yilmaz.demir105@yaho.com,+905333638546,2023-05-03,11-09-2025,"Türkiye, Bursa, Osmangazi","284,84",,52,Electronics,Regular
344,Kerman Ertaş,kerman.ertas344@outlok.com,+90502720634,2022-09-20,2025-09-17,Keçiören - Ankara - Türkiye,96 TL,TRY,23,Toys & Games,Budget
97,Lezize Tevetoğlu,lezize.tevetoglu97@example.com,+90  539   106 51  80 ,2025-07-24,2025-10-18,"Türkiye, Erzurum, Yakutiye",$234.99,USD,48,Toys & Games,Budget
108,İldeş Çalım Manço Şafak,ildes.calim.manco.safak108@hotnail.com,0500 623 12 03,02-11-2023,2026-04-11,"Gaziantep, Şehitkamil",₺255,TRY,47,Books,Regular
303,Alattin Hayrioğlu,alattin.hayrioglu303@example.com,+905325381795,22/09/2021,"January 24, 2026","Türkiye, Konya, Selçuklu",$521.27,USD,65,Books,Premium
47,Bayan Dilfeza İhsanoğlu Arsoy,bayan.dilfeza.ihsanoglu.arsoy47@example.com,+90559615865,2022-06-08,08-29-2025,Ortahisar - Trabzon - Türkiye,529 TL,TRY, 63 ,Beauty & Personal Care,Premium
8,Çerçi Sezgin,cerci.sezgin8@example.com,0582 489 63 83,12-13-2021,2025-03-23,Antalya - Türkiye,₺222,TRY,37,Books,Regular
264,Vacibe Alemdar Yılmaz,vacibe.alemdar.yilmaz264@yaho.com,+90  534   414 48  85 ,"August 25, 2021",06-29-2025,Konya - Türkiye,"69,41",,eighteen,Sports & Outdoors,Budget
336,Muvaffak Kanak Tarhan Korutürk,muvaffak.kanak.tarhan.koruturk336@example.com,+905449690835,"May 10, 2023","March 29, 2026","Türkiye, Malatya","140,18",,27,Home & Garden,Budget
313,Sevgen Akdeniz,sevgen.akdeniz313@yaho.com,+90546287232,2023-10-23,29/07/2025,Konya - Türkiye,"234,04",,36,Home & Garden,Regular
384,Dürrüşehvar Seven,durrusehvar.seven384@hotnail.com,+90 524 124 62 09,15/02/2024,2026-03-20,"Türkiye, Kayseri, Melikgazi","116,64",,,Electronics,Budget
367,Sevican Asu Yorulmaz,sevican.asu.yorulmaz367@yaho.com,+90 574 550 84 28,07-24-2022,16/04/2026,Yeşilyurt - Malatya - Türkiye,"341,31",,60,Sports & Outdoors,Budget
189,Nili Aksu,nili.aksu189@example.com,+90  546   547 22  69 ,2022-01-09,2025-02-06,"Türkiye, Trabzon",576 TL,TRY, 74 ,Books,Premium
287,Bayan Muarra Sonnur Demirel,bayan.muarra.sonnur.demirel287@example.com,+90 542 717 39 62,01/05/2022,23/03/2025,Tepebaşı - Eskişehir - Türkiye,238 TL,TRY,49,Clothing,Budget
37,Uraltay Gül,uraltay.gul37@yaho.com,0582 400 84 27,05-16-2025,11-19-2025,"Türkiye, Kayseri, Melikgazi",396 TL,TRY,73,Books,Budget
434,Kâzime İslime Yorulmaz, kzime.islime.yorulmaz434@example.com ,+905091443579,2022-02-06,01/09/2025,"Türkiye, Trabzon, Ortahisar",₺523,TRY,60,Sports & Outdoors,Premium
159,Çev. Meşhur Asalet Demirel, cev.meshur.asalet.demirel159@example.com ,+90517146774,06-09-2025,10-21-2025,"Türkiye, Bursa, Nilüfer",$370.83,USD,59,Beauty & Personal Care,Regular
24,Dr. Günkurt Şanlı Öcalan,dr.gunkurt.sanli.ocalan24@example.com,+90 543 699 57 77,2022-02-28,04-15-2025,"Türkiye, İstanbul, Üsküdar","175,23",,31,Books,Regular
102,Av. Kısmet Aynımah Yılmaz,av.kismet.aynimah.yilmaz102@example.com,+90342708668,2022-12-23,13/09/2025,"Trabzon, Ortahisar","180,21",,26,Books,Regular
167,Çoğay Durdu,cogay.durdu167@hotnail.com,+90 535 797 27 98,12-27-2023,12-03-2025,"Türkiye, Bursa, Nilüfer",₺212,TRY,40,Beauty & Personal Care,Budget
143,Dr. Gönen Ebuakil Sezgin,dr.gonen.ebuakil.sezgin143@outlok.com,+90  506   174 45  18 ,2023-05-22,30/06/2026,"Türkiye, Eskişehir, Tepebaşı",132 TL,TRY,18,Electronics,Regular
117,Öğr. İdiris Münif Ergül,ogr.idiris.munif.ergul117@gmial.com,+90  575   412 12  67 ,2022-10-29,10/04/2025,İstanbul,331 TL,TRY,53,Toys & Games,Regular
251,Öğr. Bezek Tevetoğlu Türk, ogr.bezek.tevetoglu.turk251@example.com ,+907649578232,10/09/2022,11/10/2025,"Türkiye, Gaziantep, Şahinbey",$297.51,USD,52,Groceries,Regular
18,Av. Azettin Kavurt Aslan, av.azettin.kavurt.aslan18@example.com ,+906401640052,2022-05-18,2026-05-04,"Türkiye, Mersin, Toroslar",$161.60,USD,34,Clothing,Budget
250,Rahiye Kumral Zorlu,rahiye.kumral.zorlu250@example.com,+905125621689,"June 10, 2022",2025-04-25,İstanbul,317 TL,TRY,61,Groceries,Budget
288,Nüdret Ülker Çetin, nudret.ulker.cetin288@example.com ,0539 174 10 11,09-29-2022,04-10-2025,"Türkiye, Erzurum, Yakutiye",$331.73,USD,64,Beauty & Personal Care,Budget
214,Aygutalp Arslan,aygutalp.arslan214@yaho.com,+905661372138,2023-09-14,"December 05, 2025","Türkiye, Kayseri","361,22",,68,Home & Garden,Budget
427,Erinçer Akar,erincer.akar427@outlok.com,0524 972 43 99,2022-03-26,2025-02-23,"Türkiye, Samsun",380 TL,TRY, 71 ,Clothing,Budget
465,Buhari Akçay,buhari.akcay465@outlok.com,+90 596 112 91 09,04-12-2022,12-20-2025,"Türkiye, Mersin, Yenişehir","346,29",,seventy,Home & Garden,Budget
284,Sevdinar İhsanoğlu Hayrioğlu,sevdinar.ihsanoglu.hayrioglu284@gmial.com,+90 501 061 81 75,"September 19, 2024",12-24-2025,Odunpazarı - Eskişehir - Türkiye,₺309,TRY, 64 ,Sports & Outdoors,Budget
280,Fazul Gül,fazul.gul280@example.com,+90  547   128 14  42 ,06-30-2022,09-24-2025,Manisa - Türkiye,$157.59,USD,35,Home & Garden,Budget
99,Uzsoy Şener,uzsoy.sener99@example.com,+90 510 690 33 11,"August 14, 2022",05-08-2025,Yenişehir - Mersin - Türkiye,₺154,TRY,20,Groceries,Regular
386,Nefaret Cuheyna Durdu, nefaret.cuheyna.durdu386@example.com ,+90 539 840 28 91,2024-04-06,21/01/2025,Tepebaşı - Eskişehir - Türkiye,₺133,TRY, 23 ,Electronics,Regular
111,Dr. Ağakişi Hükümdar Öcalan, dr.agakisi.hukumdar.ocalan111@example.com ,+90  501   666 87  00 ,01-03-2022,2025-12-06,İzmir - Türkiye,138 TL,TRY,28,Beauty & Personal Care,Budget
63,Aykutalp Sakarya,aykutalp.sakarya63@example.com,+90551076268,01-01-2022,17/03/2026,Pamukkale - Denizli - Türkiye,₺185,TRY,32,Clothing,Regular
165,Zeyno Ertaş,zeyno.ertas165@example.com,0508 214 86 28,10-05-2022,2025-03-14,"Türkiye, Kayseri, Kocasinan",87 TL,TRY,19,Books,Budget
492,Temirhan Zorlu,temirhan.zorlu492@example.com,+90509056730,10-05-2024,09/01/2025,"Türkiye, Diyarbakır, Kayapınar",₺373,TRY,73,Clothing,Budget
203,Musaffa Akdeniz, musaffa.akdeniz203@example.com ,+90 541 108 09 96,20/08/2021,05-29-2025,"Türkiye, Kayseri, Kocasinan",294 TL,TRY,55,Home & Garden,Budget
468,Seniha Hasgül Duran,seniha.hasgul.duran468@example.com,+90 543 448 12 30,"December 16, 2022","January 29, 2025",Yeşilyurt - Malatya - Türkiye,149 TL,TRY,33,Home & Garden,Budget
54,Piran Nurda Dumanlı,piran.nurda.dumanli54@outlok.com,0537 098 59 31,2022-05-21,10-04-2025,"Türkiye, İstanbul, Üsküdar",₺434,TRY, 70 ,Beauty & Personal Care,Regular
424,Dr. Oymak Şener,dr.oymak.sener424@example.com,0574 689 71 52,2021-12-09,2025-05-20,Kayapınar - Diyarbakır - Türkiye,$251.60,USD,48,Electronics,Budget
473,Ayülker Şensoy,ayulker.sensoy473@gmial.com,+90 501 002 31 42,07/06/2022,"March 13, 2026","Türkiye, Gaziantep",₺279,TRY,56,Sports & Outdoors,Budget
173,Firdevis Karadeniz Ertaş, firdevis.karadeniz.ertas173@example.com ,+905517534655,2024-06-27,11-07-2025,Yakutiye - Erzurum - Türkiye,₺254,TRY,55,Books,Budget
446,Öğr. Yazgül Yasemen Mansız Aksu,ogr.yazgul.yasemen.mansiz.aksu446@outlok.com,+905419268649,31/03/2025,26/09/2025,"Türkiye, Gaziantep, Şahinbey","128,78",,24,Beauty & Personal Care,Budget
50,Av. Behiza İnönü Duran,av.behiza.inonu.duran50@gmial.com,+90536136959,2024-04-16,01/06/2025,"Türkiye, Diyarbakır, Kayapınar","346,16",,62,Electronics,Budget
163,Fayize Demirel Bilir, fayize.demirel.bilir163@example.com ,+90  564   679 97  02 ,"May 27, 2024",08-09-2025,"Türkiye, İzmir, Konak",$232.69,USD,43,Electronics,Budget
149,Turabi Sezer,turabi.sezer149@yaho.com,0524 472 09 99,27/07/2024,2025-03-16,Meram - Konya - Türkiye,$293.55,USD,59,Groceries,Budget
5,Arş. Gör. Sıylıhan Akbaş Durmuş, ars.gor.siylihan.akbas.durmus5@example.com ,+905169653287,06-09-2025,09-12-2025,Meram - Konya - Türkiye,$348.37,USD,66,Toys & Games,Budget
62,Öğr. Sonnur Sezgin Seven, ogr.sonnur.sezgin.seven62@example.com ,+90559902290,03/03/2022,17/12/2025,"Türkiye, İstanbul, Kadıköy",₺127,TRY,23,Home & Garden,Budget
243,Servinaz Belkize Tarhan,servinaz.belkize.tarhan243@outlok.com,+905583206599,2023-02-13,27/02/2026,Şehzadeler - Manisa - Türkiye,$96.16,USD,23,Electronics,Budget
387,Bişar Ülker,bisar.ulker387@example.com,0574 355 37 95,11-10-2025,03-28-2026,"Türkiye, Bursa","327,08",,sixty-two,Sports & Outdoors,Budget
116,Kaygusuz Akver Akdeniz Güçlü,kaygusuz.akver.akdeniz.guclu116@example.com,+90  543   114 26  26 ,2024-03-04,"January 22, 2025","Türkiye, İzmir, Karşıyaka",206 TL,TRY,41,Books,Budget
453,Hiçsönmez Hançer,hicsonmez.hancer453@outlok.com,+905097983215,14/03/2025,"August 29, 2025","Türkiye, Gaziantep, Şehitkamil",$293.78,USD,50,Beauty & Personal Care,Regular
128,Yamin Merzuk Yılmaz,yamin.merzuk.yilmaz128@yaho.com,0557 905 07 23,2023-10-18,2026-04-16,"Türkiye, Kayseri, Melikgazi","301,30",,53,Home & Garden,Regular
79,Çakırca Gücal Yorulmaz,cakirca.gucal.yorulmaz79@example.com,+90 547 394 73 12,2025-07-14,2026-01-28,Osmangazi - Bursa,$220.46,USD,46,Home & Garden,Budget
493,Doç. Beyler Feyruz Şafak,doc.beyler.feyruz.safak493@gmial.com,+90 542 121 46 14,2021-12-15,16/12/2025,Denizli - Türkiye,$447.53,USD, 46 ,Books,Premium
265,Öğr. Ayşenur Gülenay Fırat Arsoy, ogr.aysenur.gulenay.firat.arsoy265@example.com ,+90 539 551 24 05,05/11/2023,2025-11-16,"Türkiye, Eskişehir, Tepebaşı",$327.39,USD,58,Sports & Outdoors,Regular
49,Atilhan Gül,atilhan.gul49@outlok.com,+905048217594,14/05/2022,21/02/2025,Yeşilyurt - Malatya - Türkiye,"263,95",,45,Clothing,Regular
253,Aydinç Bilgin,aydinc.bilgin253@example.com,+905720566474,"February 04, 2025",2025-09-28,Bursa - Türkiye,"376,62",,67,Sports & Outdoors,Budget
156,Doç. Nerim Dumanlı, doc.nerim.dumanli156@example.com ,+90 541 006 76 26,2023-03-09,"June 09, 2025",İlkadım - Samsun - Türkiye,430 TL,TRY,74,Groceries,Regular
112,Yrd. Doç. Fehmiye Havali Bilge,yrd.doc.fehmiye.havali.bilge112@example.com,0501 489 02 50,14/10/2024,04-19-2026,"Türkiye, Denizli, Pamukkale",$290.44,USD,55,Groceries,Budget
395,Av. Beyda Durdu,av.beyda.durdu395@example.com,+90506512070,2022-07-11,2025-01-14,Şahinbey - Gaziantep - Türkiye,$338.46,USD,fifty-eight,Books,Regular
280,Fazul Gül,fazul.gul280@outlok.com,+90  547   128 14  42 ,2022-06-30,20/04/2025,Şehzadeler - Manisa - Türkiye,151 TL,TRY,35,Toys & Games,Budget
440,Muktedir Ünübol Durdu, muktedir.unubol.durdu440@example.com ,+90 540 983 66 55,02-20-2022,19/06/2025,Ortahisar - Trabzon - Türkiye,₺349,TRY, 68 ,Groceries,Budget
188,Nafii Sezer,nafii.sezer188@outlok.com,+90 510 272 61 49,06/11/2024,04-14-2025,"Türkiye, Diyarbakır, Kayapınar",₺130,TRY,30,Groceries,Budget
385,Safinaz Ayçan Arslan Tevetoğlu, safinaz.aycan.arslan.tevetoglu385@example.com ,+905031993788,16/10/2023,01-17-2025,Keçiören - Ankara - Türkiye,"147,47",,25,Clothing,Budget
433,Nayil Dumanlı,nayil.dumanli433@example.com,+905356690561,2025-12-06,2026-01-04,Şehzadeler - Manisa - Türkiye,423 TL,TRY,47,Clothing,Premium
393,Mevlüdiye Çamurcuoğlu,mevludiye.camurcuoglu393@outlok.com,+905361330541,06-09-2022,2025-04-07,"Türkiye, Van, İpekyolu",259 TL,TRY,58,Sports & Outdoors,Budget
321,Gürcüye Gülev Mansız Eraslan,gurcuye.gulev.mansiz.eraslan321@example.com,+90501193925,14/10/2025,"November 25, 2025",Nilüfer - Bursa - Türkiye,"85,56",, 23 ,Groceries,Budget
124,Gözem Zengin,gozem.zengin124@example.com,0505 123 82 82,04/02/2024,2025-08-29,Ortahisar - Trabzon - Türkiye,316 TL,TRY,53,Home & Garden,Regular
163,Fayize Demirel Bilir,fayize.demirel.bilir163@example.com,+90  564   679 97  02 ,2024-05-27,2025-01-15,"Türkiye, İzmir, Konak","220,11",,43,Electronics,Budget
231,Seydo Şener, seydo.sener231@example.com ,+905368663260,17/09/2024,"June 07, 2026",Üsküdar - İstanbul - Türkiye,"194,92",,,Books,Budget
477,Serda Akçay, serda.akcay477@example.com ,0552 677 11 96,2021-11-15,2026-06-14,Muratpaşa - Antalya - Türkiye,₺188,TRY,35,Groceries,Budget
261,Çev. Rabbiye Alemdar İnönü, cev.rabbiye.alemdar.inonu261@example.com ,+90 562 249 99 82,25/05/2023,"February 05, 2025",Yakutiye - Erzurum - Türkiye,$394.12,USD, 65 ,Electronics,Regular
287,Bayan Muarra Sonnur Demirel,bayan.muarra.sonnur.demirel287@example.com,+901427173962,2022-05-01,10-18-2025,Tepebaşı - Eskişehir - Türkiye,₺259,TRY,49,Clothing,Budget
466,Doç. Metinkaya Türk, doc.metinkaya.turk466@example.com ,+90 502 368 48 55,2023-06-08,2026-05-23,Kayapınar - Diyarbakır - Türkiye,"485,22",,58,Toys & Games,Premium
424,Dr. Oymak Şener,dr.oymak.sener424@example.com,0574 689 71 52,2021-12-09,2025-09-27,"Türkiye, Diyarbakır, Kayapınar",$233.32,USD,48,Beauty & Personal Care,Budget
478,İntihap Şafak,intihap.safak478@yaho.com,+90 552 366 87 88,10/03/2023,"July 22, 2025",Odunpazarı - Eskişehir - Türkiye,"327,34",,52,Sports & Outdoors,Regular
237,Tandoğdu Zeynelabidin Sakarya,tandogdu.zeynelabidin.sakarya237@example.com,+90 537 170 58 65,12-23-2021,2026-03-24,"Türkiye, Denizli, Pamukkale","270,09",,21,Clothing,Premium
162,Binbaşar Bilgin,binbasar.bilgin162@yaho.com,0532 061 63 29,"July 02, 2024",2025-09-11,Seyhan - Adana - Türkiye,$256.92,USD,38,Clothing,New
413,Uz. Kavurt Duran,uz.kavurt.duran413@example.com,0500 412 57 77,2025-07-26,09-09-2025,"Türkiye, Trabzon, Ortahisar",$173.01,USD,23,Home & Garden,Regular
185,Öğr. Şahat Adıgün Mansız, ogr.sahat.adigun.mansiz185@example.com ,+90 556 289 00 28,"April 26, 2023","November 01, 2025","Gaziantep, Şehitkamil",₺438,TRY,72,Home & Garden,Regular
21,Tanbay Şener, tanbay.sener21@example.com ,+90 542 940 19 65,11/11/2021,29/10/2025,Kadıköy - İstanbul - Türkiye,₺354,TRY,68,Home & Garden,Budget
296,Bezek Akdeniz Şama, bezek.akdeniz.sama296@example.com ,+90  553   136 36  31 ,23/04/2023,01-14-2026,İzmir - Türkiye,325 TL,TRY,55,Electronics,Regular
278,Arifcan Aslan,arifcan.aslan278@gmial.com,+905571894905,"December 13, 2022",10-30-2025,Şehzadeler - Manisa,₺350,TRY, 67 ,Electronics,Budget
77,Uz. Gülev Arslan Bilir,uz.gulev.arslan.bilir77@gmial.com,+90 596 401 65 82,10-10-2025,15/12/2025,Kocasinan - Kayseri - Türkiye,"329,94",, 27 ,Toys & Games,Premium
429,Cantez Akça,cantez.akca429@example.com,+905486402701,22/07/2025,"December 17, 2025","Türkiye, Samsun, İlkadım","401,91",,67,Home & Garden,Regular
11,Ceyhun Çorlu,ceyhun.corlu11@hotnail.com,+90  510   651 33  38 ,"June 08, 2023",2025-03-31,"Türkiye, Ankara, Yenimahalle",$188.03,USD,26,Toys & Games,Regular
402,Prof. Tartış Yorulmaz,prof.tartis.yorulmaz402@hotnail.com,+905558767496,"May 16, 2022",14/04/2026,Şehzadeler - Manisa - Türkiye,$423.23,USD,68,Home & Garden,Regular
461,Galip Akdeniz, galip.akdeniz461@example.com ,+90  510   668 43  35 ,2023-07-24,2025-11-14,Şehzadeler - Manisa,₺245,TRY,48,Home & Garden,Budget
2,Uz. Zamir Açıkel Tarhan,uz.zamir.acikel.tarhan2@example.com,+905161869593,2021-12-31,"November 23, 2025",Şahinbey - Gaziantep - Türkiye,90 TL,TRY,22,Beauty & Personal Care,Budget
369,Okanay Yavuz Çamurcuoğlu Dumanlı, okanay.yavuz.camurcuoglu.dumanli369@example.com ,+90 552 137 60 37,2024-01-13,2025-05-30,"Türkiye, Antalya, Kepez","215,90",,36,Beauty & Personal Care,Regular
405,Günebakan İnönü,gunebakan.inonu405@example.com,+90 537 780 52 92,2024-03-27,07-24-2025,"Türkiye, Denizli, Pamukkale",361 TL,TRY,65,Clothing,Budget
47,Bayan Dilfeza İhsanoğlu Arsoy,bayan.dilfeza.ihsanoglu.arsoy47@yaho.com,0545 961 58 65,08/06/2022,14/05/2025,Ortahisar - Trabzon - Türkiye,₺514,TRY,63,Groceries,Premium
50,Av. Behiza İnönü Duran,av.behiza.inonu.duran50@example.com,+90536136959,2024-04-16,2025-11-23,"Türkiye, Diyarbakır, Kayapınar","323,18",,62,Clothing,Budget
443,Ürfettin Şabettin Şama Demirel,urfettin.sabettin.sama.demirel443@example.com,0512 590 47 29,06/03/2025,04/06/2025,"Türkiye, Şanlıurfa, Eyyübiye",₺270,TRY,46,Sports & Outdoors,Regular
172,Bayan Oluş Şama Ülker,bayan.olus.sama.ulker172@example.com,+90 558 428 24 17,2025-03-25,2026-01-06,Şehitkamil - Gaziantep - Türkiye,"351,97",,sixty-five,Home & Garden,Budget
87,Emal Ülker Şensoy,emal.ulker.sensoy87@example.com,+905168783991,"March 24, 2025",23/03/2026,"Türkiye, Samsun, Atakum",$140.25,USD,24,Beauty & Personal Care,Regular
357,Okt. Öngen Bilgen Çetin,okt.ongen.bilgen.cetin357@gmial.com,+90  551   583 77  67 ,11/06/2024,29/05/2025,Melikgazi - Kayseri - Türkiye,₺321,TRY,54,Groceries,Regular
98,Yaşattin Şama, yasattin.sama98@example.com ,0500 478 68 63,2024-07-24,"June 28, 2025","Türkiye, Denizli, Pamukkale",$272.00,USD,47,Beauty & Personal Care,Budget
329,Çev. İlmafer Akça,cev.ilmafer.akca329@gmial.com,+90  506   167 56  77 ,2025-09-30,10-19-2025,"Türkiye, Antalya, Kepez",₺134,TRY,20,Groceries,Budget
113,Prof. Ürfettin Akçay, prof.urfettin.akcay113@example.com ,+90 542 939 68 56,17/09/2021,2025-12-28,"Türkiye, Trabzon, Ortahisar",₺335,TRY,65,Clothing,Budget
218,Çev. Meryeme Hüda Bilgin Demir, cev.meryeme.huda.bilgin.demir218@example.com ,+905426335658,11/12/2022,22/04/2026,Kocasinan - Kayseri - Türkiye,₺268,TRY,18,Toys & Games,Premium
359,Bedri Duran, bedri.duran359@example.com ,+90559779523,28/11/2024,2025-01-18,"Türkiye, Antalya, Kepez",₺276,TRY,23,Electronics,Premium
126,Okt. Minibe Seblâ Tevetoğlu, okt.minibe.sebl.tevetoglu126@example.com ,+90549182553,2023-05-20,11/09/2025,"Türkiye, Konya, Selçuklu","109,98",,25,Electronics,Budget
351,Zinnure Neval Yorulmaz Gülen,zinnure.neval.yorulmaz.gulen351@hotnail.com,+90  545   644 94  85 ,07-04-2023,2026-03-17,"Türkiye, Antalya, Kepez",$398.98,USD,75,Home & Garden,Budget
45,Arş. Gör. Özakan İhsanoğlu,ars.gor.ozakan.ihsanoglu45@gmial.com,+90  504   499 72  78 ,"March 27, 2023","June 05, 2026","Türkiye, Trabzon, Ortahisar",₺191,TRY,40,Sports & Outdoors,Budget
499,Bayan Nürice Arsoy Eraslan,bayan.nurice.arsoy.eraslan499@outlok.com,+90 505 384 44 46,03-05-2022,2025-10-06,"Türkiye, Denizli, Pamukkale","179,35",,33,Electronics,Budget
38,Us Sadittin İnönü Aslan,us.sadittin.inonu.aslan38@hotnail.com,+90 532 812 06 79,04-25-2023,02-07-2026,"Türkiye, Kayseri, Kocasinan",210 TL,TRY,36,Books,Budget
134,Dalkılıç Seven,dalkilic.seven134@yaho.com,+90  541   541 52  06 ,"June 10, 2022",2025-12-17,"Türkiye, Eskişehir, Odunpazarı","407,44",,37,Beauty & Personal Care,Premium
8,Çerçi Sezgin,cerci.sezgin8@example.com,+90 582 489 63 83,2021-12-13,12-02-2025,Kepez - Antalya - Türkiye,235 TL,TRY,37,Sports & Outdoors,Regular
432,Fatinur Dumanlı, fatinur.dumanli432@example.com ,+90510040901,01-08-2023,03-10-2026,Eyyübiye - Şanlıurfa - Türkiye,$371.57,USD,68,Clothing,Budget
165,Zeyno Ertaş,zeyno.ertas165@example.com,+906082148628,05/10/2022,2025-07-16,Kocasinan - Kayseri - Türkiye,$82.67,USD,19,Toys & Games,Budget
288,Nüdret Ülker Çetin,nudret.ulker.cetin288@yaho.com,+90  539   174 10  11 ,2022-09-29,2025-06-19,Yakutiye - Erzurum - Türkiye,"338,69",,64,Clothing,Budget
34,Tekbay Aksu, tekbay.aksu34@example.com ,+90549480313,2021-11-29,31/08/2025,Toroslar - Mersin - Türkiye,274 TL,TRY,44,Clothing,Regular
106,Uğurkan Akçay,ugurkan.akcay106@outlok.com,0558 771 75 35,03-12-2024,2026-05-28,Kocasinan - Kayseri - Türkiye,$240.16,USD,44,Home & Garden,Budget
472,Uz. Gülnaziye Şehza Yaman,uz.gulnaziye.sehza.yaman472@example.com,+90 524 042 26 93,2025-07-23,26/07/2025,"Türkiye, Konya, Meram",₺158,TRY,27,Toys & Games,Budget
255,Ünsever Türk,unsever.turk255@hotnail.com,+90  572   897 52  67 ,17/04/2023,2025-04-27,İlkadım - Samsun - Türkiye,$129.12,USD,26,Clothing,Budget
213,Dr. Tanses Dumanlı Çetin,dr.tanses.dumanli.cetin213@example.com,0546 368 87 25,2022-10-24,08/07/2025,"Türkiye, Van, İpekyolu",₺307,TRY,53,Clothing,Regular
354,Heva Yaman,heva.yaman354@hotnail.com,+90552017774,05/04/2022,2025-08-02,İpekyolu - Van - Türkiye,$88.04,USD, 18 ,Books,Budget
27,Dirlik Çamurcuoğlu,dirlik.camurcuoglu27@yaho.com,+90572773487,"June 08, 2022",2025-12-19,"Türkiye, Antalya, Kepez","175,68",,,Beauty & Personal Care,Budget
200,Sevim Fayize Şafak Akçay,sevim.fayize.safak.akcay200@example.com,+90 512 908 78 14,"March 08, 2022",2025-12-21,Samsun - Türkiye,₺63,TRY,22,Books,Budget
151,Özakan Mazlum Bilgin Akçay, ozakan.mazlum.bilgin.akcay151@example.com ,+90578759856,2024-06-07,"June 28, 2025",Şişli - İstanbul - Türkiye,"137,62",,29,Toys & Games,Budget
1,Akar Ziyaettin Aslan Yüksel, akar.ziyaettin.aslan.yuksel1@example.com ,+90 543 321 81 96,"October 08, 2025",2026-05-15,"Türkiye, Bursa, Nilüfer",61 TL,TRY,nineteen,Home & Garden,Budget
382,Mengi Sakarya, mengi.sakarya382@example.com ,+90543391895,12/09/2023,2025-09-28,"Türkiye, Ankara, Yenimahalle","270,84",,55,Beauty & Personal Care,Budget
243,Servinaz Belkize Tarhan,servinaz.belkize.tarhan243@example.com,+905583206790,13/02/2023,05-02-2026,"Türkiye, Manisa",$110.25,USD,23,Groceries,Budget
73,Koçak Akçay,kocak.akcay73@yaho.com,+90546053962,23/03/2022,2026-04-28,Şahinbey - Gaziantep - Türkiye,297 TL,TRY,,Clothing,Budget
21,Tanbay Şener, tanbay.sener21@example.com ,+90429401965,2021-11-11,"October 30, 2025",İstanbul - Türkiye,$399.99,USD,68,Groceries,Budget
410,Çıvgın Yaman,civgin.yaman410@example.com,+905729349387,27/05/2024,07-07-2025,"Türkiye, Kayseri, Kocasinan",$135.51,USD,30,Toys & Games,Budget
96,Bahaddin Zoral Durmuş Manço,bahaddin.zoral.durmus.manco96@gmial.com,+90 545 933 27 27,"October 03, 2021",13/01/2025,"Türkiye, Kayseri, Melikgazi",367 TL,TRY,56,Electronics,Regular
438,Tanyolaç Tevetoğlu, tanyolac.tevetoglu438@example.com ,0553 991 56 68,2023-07-02,03-09-2026,Eyyübiye - Şanlıurfa - Türkiye,$379.62,USD,69,Beauty & Personal Care,Budget
431,Dr. Özge Musaffa Bilge Şener, dr.ozge.musaffa.bilge.sener431@example.com ,+90512141641,2024-01-12,06-04-2026,Kayapınar - Diyarbakır - Türkiye,$110.82,USD,19,Beauty & Personal Care,Regular
5,Arş. Gör. Sıylıhan Akbaş Durmuş,ars.gor.siylihan.akbas.durmus5@example.com,+905969653283,2025-06-09,"October 06, 2025",Meram - Konya - Türkiye,$341.48,USD,66,Clothing,Budget
4,Akdora Aygutalp Bilir,akdora.aygutalp.bilir4@gmial.com,+90550056413,2022-10-08,26/06/2025,"Türkiye, Erzurum, Yakutiye","600,28",,74,Electronics,Premium
98,Yaşattin Şama, yasattin.sama98@example.com ,+905004786063,24/07/2024,16/11/2025,"Türkiye, Denizli, Pamukkale",₺230,TRY,47,Home & Garden,Budget
350,Av. Işıman Ayvas Tarhan,av.isiman.ayvas.tarhan350@example.com,+90 557 215 86 24,2025-04-17,08-29-2025,"Türkiye, Trabzon, Ortahisar",₺226,TRY,38,Home & Garden,Budget
349,Günsel Selvi Dumanlı Akça, gunsel.selvi.dumanli.akca349@example.com ,+90553759004,13/02/2023,"March 06, 2025",Ortahisar - Trabzon - Türkiye,317 TL,TRY,57,Beauty & Personal Care,Regular
151,Özakan Mazlum Bilgin Akçay,ozakan.mazlum.bilgin.akcay151@outlok.com,+905571759856,2024-06-07,2025-12-16,Şişli - İstanbul - Türkiye,$137.28,USD,29,Electronics,Budget
47,Bayan Dilfeza İhsanoğlu Arsoy,bayan.dilfeza.ihsanoglu.arsoy47@gmial.com,+905459915865,08/06/2022,12-21-2025,"Türkiye, Trabzon, Ortahisar","506,75",,63,Toys & Games,Premium
158,Yahşi Soylu, yahsi.soylu158@example.com ,+90 501 533 68 84,2022-03-31,15/04/2025,"Türkiye, İzmir, Bornova",$194.61,USD, 36 ,Electronics,Budget
140,Dr. Gülşeref Umuşan Güçlü Çetin,dr.gulseref.umusan.guclu.cetin140@gmial.com,+90 564 814 91 77,"January 31, 2023",2025-06-13,Üsküdar - İstanbul - Türkiye,₺177,TRY,41,Toys & Games,Budget
88,Sevginur Misra İhsanoğlu,sevginur.misra.ihsanoglu88@example.com,0559 526 94 95,02-08-2023,"January 19, 2026",Tepebaşı - Eskişehir - Türkiye,435 TL,TRY,71,Books,Regular
398,Karataş Seven, karatas.seven398@example.com ,+90  524   739 50  03 ,"November 02, 2024",07-29-2025,"Türkiye, Şanlıurfa, Eyyübiye",202 TL,TRY,36,Toys & Games,Budget
458,Arş. Gör. Nevsale Alsoy Arsoy,ars.gor.nevsale.alsoy.arsoy458@hotnail.com,+90505690674,23/03/2023,2025-05-15,Trabzon - Türkiye,"300,04",,23,Clothing,Premium
5,Arş. Gör. Sıylıhan Akbaş Durmuş,ars.gor.siylihan.akbas.durmus5@example.com,+90  596   965 32  87 ,2025-06-09,2025-08-22,"Türkiye, Konya, Meram",359 TL,TRY, 66 ,Toys & Games,Budget
371,Apaydın Yaman,apaydin.yaman371@yaho.com,+90 507 208 11 55,12/09/2023,22/12/2025,"Türkiye, Diyarbakır, Kayapınar",381 TL,TRY,67,Sports & Outdoors,Budget
382,Mengi Sakarya,mengi.sakarya382@outlok.com,+905433971894,12/09/2023,07-12-2025,"Türkiye, Ankara, Yenimahalle",318 TL,TRY,55,Toys & Games,Budget
367,Sevican Asu Yorulmaz,sevican.asu.yorulmaz367@gmial.com,+90 574 550 84 28,24/07/2022,2025-05-06,Yeşilyurt - Malatya - Türkiye,300 TL,TRY,60,Beauty & Personal Care,Budget
107,Sancak Türk,sancak.turk107@hotnail.com,0504 899 64 23,06/02/2024,2025-11-15,"Türkiye, Gaziantep, Şahinbey",₺201,TRY,32,Toys & Games,Regular
243,Servinaz Belkize Tarhan, servinaz.belkize.tarhan243@example.com ,+90  558   320 67  99 ,2023-02-13,2026-06-30,"Türkiye, Manisa, Şehzadeler",101 TL,TRY,23,Books,Budget
417,Gözel Durdu, gozel.durdu417@example.com ,0555 206 50 63,18/05/2023,10-21-2025,Odunpazarı - Eskişehir - Türkiye,$150.24,USD,32,Sports & Outdoors,Budget
365,Prof. Nevsale Uğur Zengin Sakarya,prof.nevsale.ugur.zengin.sakarya365@yaho.com,0506 958 14 67,17/04/2025,06-17-2026,"Türkiye, Ankara","311,19",,49,Clothing,Regular
266,Dr. Selime İnönü Yorulmaz,dr.selime.inonu.yorulmaz266@gmial.com,+90582357852,2021-08-20,16/07/2025,Çukurova - Adana - Türkiye,370 TL,TRY, 73 ,Books,Budget
173,Firdevis Karadeniz Ertaş, firdevis.karadeniz.ertas173@example.com ,+905513534659,06-27-2024,2025-08-03,"Erzurum, Yakutiye",$286.26,USD,55,Home & Garden,Budget
93,Öğr. İvecen Duran,ogr.ivecen.duran93@example.com,+90  534   540 19  38 ,2021-10-22,2025-01-29,"Türkiye, Şanlıurfa, Eyyübiye","497,99",,64,Sports & Outdoors,Premium
240,Uz. Savni Arıel Aksu,uz.savni.ariel.aksu240@example.com,+90  543   350 48  88 ,2022-10-01,27/06/2026,Melikgazi - Kayseri - Türkiye,247 TL,TRY,54,Clothing,Budget
207,Gülbeyan Soylu,gulbeyan.soylu207@hotnail.com,+90591846386,21/12/2023,19/08/2025,"Türkiye, Eskişehir, Odunpazarı",575 TL,TRY,70,Books,Premium
361,Behrem Yılmaz,behrem.yilmaz361@gmial.com,+90  549   956 41  22 ,14/11/2025,16/04/2026,"Türkiye, Trabzon, Ortahisar","116,72",,,Sports & Outdoors,Budget
324,Sezal Kader Gül, sezal.kader.gul324@example.com ,0556 638 36 15,04-03-2025,2025-07-20,Nilüfer - Bursa - Türkiye,"243,08",,47,Electronics,Budget
419,Kutay Afer Hayrioğlu Aksu,kutay.afer.hayrioglu.aksu419@gmial.com,+90 562 525 71 50,2022-07-15,2026-03-25,"Türkiye, Bursa, Osmangazi",$333.47,USD,55,Books,Regular
3,Suat Şafak,suat.safak3@example.com,+90 553 419 28 32,"May 11, 2023",2025-11-03,Şehitkamil - Gaziantep - Türkiye,₺211,TRY,42,Beauty & Personal Care,Budget
204,Av. Atnan Eşref Akgündüz,av.atnan.esref.akgunduz204@hotnail.com,+904488725639,02/11/2021,"October 16, 2025","Türkiye, Ankara, Yenimahalle",₺382,TRY,72,Books,Budget
411,Maksüde Hayrioğlu,maksude.hayrioglu411@example.com,0516 938 59 77,2023-05-10,"October 26, 2025",Kepez - Antalya - Türkiye,₺264,TRY,54,Sports & Outdoors,Budget
438,Tanyolaç Tevetoğlu, tanyolac.tevetoglu438@example.com ,+905539615668,02/07/2023,2026-02-08,"Türkiye, Şanlıurfa, Eyyübiye",$386.78,USD,69,Books,Budget
86,Hayel Eraslan, hayel.eraslan86@example.com ,+90 516 245 65 06,"August 30, 2025",30/03/2026,"Türkiye, Erzurum, Yakutiye",$327.39,USD,54,Home & Garden,Regular
337,İlklima Kısakürek,ilklima.kisakurek337@gmial.com,+90 547 786 60 32,2024-06-02,04-11-2025,"Türkiye, Kayseri, Kocasinan",131 TL,TRY, 26 ,Home & Garden,Budget
94,Şevketfeza Yosma Yılmaz,sevketfeza.yosma.yilmaz94@hotnail.com,+90  562   067 24  00 ,"April 10, 2024",2025-12-02,Çankaya - Ankara - Türkiye,"364,75",,54,Home & Garden,Regular
232,Binışık Bilgütay Sezgin, binisik.bilgutay.sezgin232@example.com ,0548 463 12 24,2025-04-30,12-18-2025,"Türkiye, Gaziantep, Şehitkamil",$319.67,USD,,Books,Regular
358,Eyyüp Akdeniz, eyyup.akdeniz358@example.com ,+90  559   266 10  85 ,"May 08, 2023",03-21-2025,"Türkiye, İzmir, Bornova",₺319,TRY,61,Beauty & Personal Care,Budget
492,Temirhan Zorlu,temirhan.zorlu492@gmial.com,+90 509 605 67 30,2024-10-05,"February 03, 2026","Türkiye, Diyarbakır, Kayapınar","390,71",,73,Home & Garden,Budget
221,Çev. İnsaf İnönü Fırat, cev.insaf.inonu.firat221@example.com ,+90  508   562 71  87 ,"March 06, 2024",2025-08-09,"Antalya, Muratpaşa",$336.73,USD,62,Electronics,Budget
184,Çağlasın Akdurmuş Akça,caglasin.akdurmus.akca184@example.com,+90  508   993 58  89 ,2025-05-31,01/06/2026,"Türkiye, Şanlıurfa, Eyyübiye",276 TL,TRY,45,Electronics,Regular
124,Gözem Zengin, gozem.zengin124@example.com ,+90 505 123 82 82,02-04-2024,04/11/2025,"Türkiye, Trabzon, Ortahisar",314 TL,TRY,53,Home & Garden,Regular
176,Atatöre Şensoy,atatore.sensoy176@example.com,+905100335421,"October 19, 2023",06-13-2025,"Türkiye, Denizli, Pamukkale","290,94",,50,Clothing,Regular
214,Aygutalp Arslan,aygutalp.arslan214@example.com,+905621972138,14/09/2023,2026-02-13,"Türkiye, Kayseri, Kocasinan",369 TL,TRY,68,Home & Garden,Budget
93,Öğr. İvecen Duran, ogr.ivecen.duran93@example.com ,+90 534 540 19 38,2021-10-22,2025-06-20,Eyyübiye - Şanlıurfa - Türkiye,₺520,TRY,64,Beauty & Personal Care,Premium
415,Benek Permun Bilge Korutürk, benek.permun.bilge.koruturk415@example.com ,+90 509 006 33 53,29/10/2024,2025-12-10,Yenimahalle - Ankara - Türkiye,$124.83,USD,23,Electronics,Budget
403,Esenbay Dumanlı,esenbay.dumanli403@example.com,+905337363966,09-29-2022,30/04/2026,Çankaya - Ankara - Türkiye,"182,26",,28,Electronics,New
292,Dr. Yekbun Sevgen Yılmaz Gül,dr.yekbun.sevgen.yilmaz.gul292@example.com,+90507100214,2023-08-13,2025-05-31,"Türkiye, Kayseri, Melikgazi",$522.59,USD, 62 ,Beauty & Personal Care,Premium
236,İncifir Sanavber Hançer,incifir.sanavber.hancer236@example.com,+90  535   186 38  78 ,2025-01-31,11-03-2025,Eyyübiye - Şanlıurfa - Türkiye,"296,59",,57,Home & Garden,Budget
414,Arş. Gör. Sebattin İvecen Ülker, ars.gor.sebattin.ivecen.ulker414@example.com ,+904418621042,24/06/2023,30/01/2025,"Türkiye, Gaziantep, Şehitkamil",$187.52,USD,40,Toys & Games,Budget
311,Zöhrehan Ferhan Erdoğan, zohrehan.ferhan.erdogan311@example.com ,+90 556 265 65 04,2024-01-06,21/03/2025,"Türkiye, Diyarbakır, Kayapınar",$230.05,USD,40,Groceries,Budget
7,Öğr. Seniha İnsaf Aslan, ogr.seniha.insaf.aslan7@example.com ,+905450391171,2021-09-07,10/05/2025,Yenişehir - Mersin - Türkiye,"447,29",,52,Toys & Games,Premium
97,Lezize Tevetoğlu, lezize.tevetoglu97@example.com ,+905391965180,2025-07-24,"February 28, 2026","Türkiye, Erzurum, Yakutiye",$276.75,USD,forty-eight,Clothing,Budget
239,Bidayet Aksu,bidayet.aksu239@outlok.com,+90  557   760 04  90 ,2023-01-17,06-11-2025,"Türkiye, Erzurum, Yakutiye","178,07",,26,Books,New
472,Uz. Gülnaziye Şehza Yaman, uz.gulnaziye.sehza.yaman472@example.com ,+90  524   042 26  93 ,"July 23, 2025",2026-05-09,"Türkiye, Konya, Meram",$132.02,USD,27,Groceries,Budget
288,Nüdret Ülker Çetin,nudret.ulker.cetin288@example.com,+90  539   174 10  11 ,29/09/2022,2025-04-07,"Türkiye, Erzurum, Yakutiye",$355.77,USD,64,Home & Garden,Budget
262,Muvaffak Avşin Hayrioğlu,muvaffak.avsin.hayrioglu262@hotnail.com,0545 561 68 14,"April 23, 2023",2026-05-13,Çankaya - Ankara - Türkiye,$92.61,USD,,Clothing,Budget
185,Öğr. Şahat Adıgün Mansız,ogr.sahat.adigun.mansiz185@yaho.com,+90 556 289 00 28,26/04/2023,2026-05-27,Şehitkamil - Gaziantep - Türkiye,398 TL,TRY,72,Sports & Outdoors,Regular
397,Aydinç Korutürk,aydinc.koruturk397@example.com,+90538865333,2025-07-25,2025-09-02,"Türkiye, Manisa, Şehzadeler","194,85",,39,Clothing,Budget
331,Dilşat Ertaş,dilsat.ertas331@hotnail.com,+90 559 056 16 55,22/08/2023,2025-03-28,"Türkiye, Antalya, Kepez",$208.08,USD,40,Electronics,Budget
110,Aygönenç Neslinur Bilir Tarhan,aygonenc.neslinur.bilir.tarhan110@hotnail.com,+90 554 615 67 93,01-15-2022,09-18-2025,"Türkiye, Manisa",185 TL,TRY,32,Books,Budget
323,Gökçil Özertem Dumanlı,gokcil.ozertem.dumanli323@example.com,+906428013875,13/01/2022,2025-12-17,"Konya, Selçuklu",273 TL,TRY, 55 ,Electronics,Budget
322,Tekecan Sakarya,tekecan.sakarya322@gmial.com,+904528938911,2022-09-15,2025-04-07,"Mersin, Toroslar",356 TL,TRY,66,Clothing,Budget
211,Atilhan Yüksel, atilhan.yuksel211@example.com ,+90512799088,"June 05, 2025",2026-01-22,Çukurova - Adana - Türkiye,₺316,TRY,48,Home & Garden,Regular
310,Ülfet Ertaş,ulfet.ertas310@gmial.com,+905509397343,10-27-2025,2025-10-28,Kayapınar - Diyarbakır - Türkiye,₺148,TRY, 23 ,Books,Regular
194,Dr. Vedat Önel Hançer,dr.vedat.onel.hancer194@gmial.com,0553 355 54 39,2022-12-22,29/05/2026,Şehzadeler - Manisa - Türkiye,$314.25,USD,forty-eight,Toys & Games,New
319,Tali Âdem Soylu,tali.dem.soylu319@hotnail.com,0538 988 81 67,09/07/2025,10/07/2025,İlkadım - Samsun - Türkiye,"300,01",, 25 ,Home & Garden,Premium
367,Sevican Asu Yorulmaz,sevican.asu.yorulmaz367@example.com,0574 550 84 28,2022-07-24,2025-05-21,Yeşilyurt - Malatya - Türkiye,346 TL,TRY,60,Sports & Outdoors,Budget
158,Yahşi Soylu,yahsi.soylu158@example.com,0501 533 68 84,31/03/2022,2025-04-03,"Türkiye, İzmir, Bornova",$191.80,USD,36,Toys & Games,Budget
410,Çıvgın Yaman,civgin.yaman410@outlok.com,+90 572 994 93 87,2024-05-27,12/06/2025,"Türkiye, Kayseri, Kocasinan",140 TL,TRY,30,Home & Garden,Budget
166,Bayan Gülsü Sabır Kısakürek, bayan.gulsu.sabir.kisakurek166@example.com ,+905307051457,2023-02-12,26/11/2025,Selçuklu - Konya - Türkiye,$255.11,USD,43,Sports & Outdoors,Regular
371,Apaydın Yaman, apaydin.yaman371@example.com ,+90 507 208 11 55,12/09/2023,"May 15, 2025","Türkiye, Diyarbakır","353,30",,67,Toys & Games,Budget
282,Av. Faize Dumanlı Duran, av.faize.dumanli.duran282@example.com ,+90 537 239 50 41,2025-08-27,2026-04-18,Pamukkale - Denizli - Türkiye,₺205,TRY,28,Sports & Outdoors,Regular
198,Akyıldız Akdeniz, akyildiz.akdeniz198@example.com ,+905326542450,"November 05, 2022","November 30, 2025",Kayapınar - Diyarbakır,426 TL,TRY,73,Sports & Outdoors,Regular
36,Arş. Gör. Hüda Çağlar Bilge Akça,ars.gor.huda.caglar.bilge.akca36@gmial.com,+905374969413,04-15-2024,2025-12-12,"Türkiye, Adana, Seyhan",$209.72,USD,32,Electronics,Regular
418,Yrd. Doç. Rana Rümeysa Arslan, yrd.doc.rana.rumeysa.arslan418@example.com ,+90501369718,2022-10-04,01-23-2025,Toroslar - Mersin - Türkiye,$142.42,USD,28,Home & Garden,Budget
430,Öğr. Özdeş İnönü Zengin, ogr.ozdes.inonu.zengin430@example.com ,+90546252237,"December 05, 2024","July 25, 2025",Yeşilyurt - Malatya - Türkiye,$319.01,USD,50,Groceries,New
51,Başok Ülker,basok.ulker51@outlok.com,+90  509   097 43  95 ,09-20-2024,2025-02-15,"Türkiye, Trabzon, Ortahisar","338,00",,58,Groceries,Budget
208,Hürdoğan Sezgin,hurdogan.sezgin208@yaho.com,+90  543   222 59  13 ,08-16-2023,06-26-2026,Eyyübiye - Şanlıurfa - Türkiye,350 TL,TRY,69,Toys & Games,Budget
255,Ünsever Türk,unsever.turk255@example.com,+90572975267,2023-04-17,04/07/2025,"Samsun, İlkadım",₺132,TRY, 26 ,Sports & Outdoors,Budget
483,Eşim Yaman, esim.yaman483@example.com ,+90 534 111 59 50,2024-08-09,2026-04-10,"Türkiye, Erzurum, Yakutiye",185 TL,TRY,36,Home & Garden,Budget
361,Behrem Yılmaz,behrem.yilmaz361@example.com,+90 549 956 41 22,14/11/2025,2026-04-17,"Türkiye, Trabzon, Ortahisar",$120.00,USD,30,Groceries,Budget
360,Gökperi Demir, gokperi.demir360@example.com ,+90 516 800 61 02,09/04/2022,03-19-2026,"Türkiye, Manisa, Şehzadeler",₺300,TRY,48,Electronics,Regular
95,Cuheyna Enfes Eraslan,cuheyna.enfes.eraslan95@example.com,+90 545 301 74 26,2022-02-06,2025-12-11,"Türkiye, Eskişehir, Tepebaşı",321 TL,TRY,50,Home & Garden,New
136,Rayla Zülbiye Karadeniz, rayla.zulbiye.karadeniz136@example.com ,+905586965827,08-18-2021,2025-08-25,"Türkiye, Gaziantep, Şehitkamil",₺98,TRY,22,Beauty & Personal Care,Budget
118,Haliye Habibe Yıldırım,haliye.habibe.yildirim118@example.com,+90  546   618 39  82 ,2022-02-08,06-02-2025,Nilüfer - Bursa - Türkiye,"248,88",,42,Sports & Outdoors,Budget
423,Nalân Güverçin Şama, naln.guvercin.sama423@example.com ,+90506614988,2021-11-15,04-26-2025,"Diyarbakır, Kayapınar",158 TL,TRY, 29 ,Groceries,Budget
351,Zinnure Neval Yorulmaz Gülen,zinnure.neval.yorulmaz.gulen351@example.com,+90556449485,04/07/2023,08/06/2026,Kepez - Antalya - Türkiye,"394,92",,75,Electronics,Budget
228,Öğr. Selcen Şama Akçay,ogr.selcen.sama.akcay228@example.com,+90562202343,01-05-2025,05-23-2026,"Türkiye, Samsun, Atakum",$201.27,USD,43,Clothing,Budget
451,Şefiye Bilge, sefiye.bilge451@example.com ,+90  540   822 26  94 ,2025-08-26,06/05/2026,Şanlıurfa - Türkiye,386 TL,TRY,64,Electronics,Regular
257,Çev. Gülbani İlper Şafak Şener,cev.gulbani.ilper.safak.sener257@example.com,+905422649082,"May 08, 2023",14/08/2025,"Türkiye, Ankara",399 TL,TRY,71,Beauty & Personal Care,Regular
22,Arş. Gör. Yurtgüven Yüksel, ars.gor.yurtguven.yuksel22@example.com ,+90535615951,2023-02-08,2025-11-10,Şehzadeler - Manisa - Türkiye,$250.73,USD,37,Books,Regular
302,Mishat Buyrukhan Sezer Hançer, mishat.buyrukhan.sezer.hancer302@example.com ,+90 501 658 04 64,13/01/2022,2026-05-26,Atakum - Samsun - Türkiye,₺365,TRY, 57 ,Electronics,Regular
293,Kürşad Bilge,kursad.bilge293@hotnail.com,+90532487329,26/01/2022,07-11-2025,Eyyübiye - Şanlıurfa - Türkiye,$130.30,USD, 20 ,Clothing,Regular
331,Dilşat Ertaş,dilsat.ertas331@example.com,+90559056655,2023-08-22,2026-01-04,"Türkiye, Antalya, Kepez",234 TL,TRY,40,Beauty & Personal Care,Budget
174,Tayyip Duran,tayyip.duran174@gmial.com,+905039917381,02-17-2022,01/02/2025,Bursa - Türkiye,246 TL,TRY,,Sports & Outdoors,Regular
3,Suat Şafak,suat.safak3@outlok.com,0553 419 28 32,11/05/2023,2025-08-15,"Türkiye, Gaziantep, Şehitkamil","225,45",,forty-two,Toys & Games,Budget
406,Hazrat Melihcan Demir Arslan, hazrat.melihcan.demir.arslan406@example.com ,+905366654590,07/10/2022,2025-02-02,Atakum - Samsun - Türkiye,₺336,TRY,68,Home & Garden,Budget
361,Behrem Yılmaz,behrem.yilmaz361@example.com,+905499560122,11-14-2025,"June 07, 2026",Trabzon - Türkiye,₺129,TRY,30,Sports & Outdoors,Budget
60,Çev. Tüzeer Nurullah Bilir,cev.tuzeer.nurullah.bilir60@example.com,+90 556 049 45 19,02-07-2023,25/03/2025,Şehzadeler - Manisa - Türkiye,"127,44",,31,Clothing,Budget
330,Prof. Mehdiye Korutürk Bilge, prof.mehdiye.koruturk.bilge330@example.com ,+90547969545,"August 09, 2025",03-13-2026,"Türkiye, Kayseri, Melikgazi",114 TL,TRY,19,Electronics,Regular
186,Enes Yaman,enes.yaman186@hotnail.com,0575 354 08 38,2022-05-05,2026-04-28,Seyhan - Adana - Türkiye,"261,83",,42,Beauty & Personal Care,Regular
146,Möhsim Seven,mohsim.seven146@gmial.com,+90557431329,"May 03, 2025",11-24-2025,"Türkiye, İzmir, Karşıyaka",₺118,TRY,27,Electronics,Budget
136,Rayla Zülbiye Karadeniz,rayla.zulbiye.karadeniz136@example.com,0552 696 58 27,08-18-2021,01-20-2026,"Türkiye, Gaziantep, Şehitkamil","92,71",,22,Toys & Games,Budget
332,Berran İnönü, berran.inonu332@example.com ,0534 911 41 52,11-02-2025,2026-06-02,"Türkiye, Gaziantep, Şahinbey","259,81",,52,Home & Garden,Budget
309,Sevim Eraslan,sevim.eraslan309@gmial.com,+905178284106,"February 24, 2023",2025-11-26,"Türkiye, Samsun, İlkadım","372,42",,67,Electronics,Budget
458,Arş. Gör. Nevsale Alsoy Arsoy,ars.gor.nevsale.alsoy.arsoy458@example.com,+90  505   690 67  44 ,"March 23, 2023",23/06/2025,Ortahisar - Trabzon - Türkiye,$322.80,USD,23,Books,Premium
446,Öğr. Yazgül Yasemen Mansız Aksu, ogr.yazgul.yasemen.mansiz.aksu446@example.com ,+90  541   926 76  49 ,2025-03-31,"May 25, 2026",Şahinbey - Gaziantep - Türkiye,136 TL,TRY,24,Sports & Outdoors,Budget
71,Aygutalp İhsanoğlu,aygutalp.ihsanoglu71@example.com,0540 758 18 14,24/06/2025,2025-07-22,"Türkiye, Manisa, Şehzadeler",₺365,TRY, 66 ,Beauty & Personal Care,Budget
475,Yasan Şehamet Fırat Akdeniz,yasan.sehamet.firat.akdeniz475@example.com,+90  562   543 61  72 ,2025-05-01,01-31-2026,Bursa - Türkiye,134 TL,TRY,32,Beauty & Personal Care,Budget
221,Çev. İnsaf İnönü Fırat, cev.insaf.inonu.firat221@example.com ,0508 562 71 87,2024-03-06,2025-12-22,"Türkiye, Antalya, Muratpaşa",$297.23,USD,62,Toys & Games,Budget
69,Av. Arıkol Mirbadin Sezgin, av.arikol.mirbadin.sezgin69@example.com ,+90 546 291 48 65,2025-03-26,2025-09-20,"Türkiye, Antalya, Kepez",₺503,TRY,60,Home & Garden,Premium
367,Sevican Asu Yorulmaz, sevican.asu.yorulmaz367@example.com ,+90 574 550 84 28,24/07/2022,08/04/2025,"Malatya, Yeşilyurt","316,25",,60,Home & Garden,Budget
281,İmrihan İde Ülker,imrihan.ide.ulker281@example.com,0537 280 51 29,2025-01-31,09-16-2025,"Türkiye, Mersin",₺393,TRY,71,Books,Regular
150,Çapkan Bilge,capkan.bilge150@gmial.com,0501 462 63 83,2022-05-31,24/08/2025,Pamukkale - Denizli - Türkiye,"398,15",, 69 ,Home & Garden,Regular
75,Kaver İhsanoğlu Çetin,kaver.ihsanoglu.cetin75@example.com,+905475667652,02/03/2023,02-09-2025,Kayseri,₺363,TRY,62,Toys & Games,Regular
278,Arifcan Aslan,arifcan.aslan278@example.com,+90 537 189 49 05,13/12/2022,01/06/2025,Şehzadeler - Manisa - Türkiye,$387.29,USD,67,Groceries,Budget
361,Behrem Yılmaz,behrem.yilmaz361@example.com,+90  549   956 41  22 ,14/11/2025,04-16-2026,Ortahisar - Trabzon - Türkiye,₺130,TRY,30,Electronics,Budget
475,Yasan Şehamet Fırat Akdeniz, yasan.sehamet.firat.akdeniz475@example.com ,0562 543 61 72,"May 01, 2025",2026-02-19,Osmangazi - Bursa - Türkiye,"145,09",,32,Electronics,Budget
445,Bay Erdogan Demirel,bay.erdogan.demirel445@yaho.com,0557 201 85 96,11/02/2025,09-06-2025,"Türkiye, Ankara, Çankaya",₺496,TRY,58,Beauty & Personal Care,Premium
317,İnançlı Ülker, inancli.ulker317@example.com ,+90  572   520 45  65 ,2025-09-04,28/11/2025,Kepez - Antalya - Türkiye,₺180,TRY,36,Toys & Games,Budget
492,Temirhan Zorlu, temirhan.zorlu492@example.com ,+90 509 605 67 30,05/10/2024,2026-05-27,Kayapınar - Diyarbakır - Türkiye,378 TL,TRY,73,Groceries,Budget
136,Rayla Zülbiye Karadeniz,rayla.zulbiye.karadeniz136@hotnail.com,0552 696 58 27,2021-08-18,2025-12-28,Şehitkamil - Gaziantep - Türkiye,"83,07",,22,Groceries,Budget
173,Firdevis Karadeniz Ertaş,firdevis.karadeniz.ertas173@yaho.com,+90551354655,27/06/2024,2026-01-26,Erzurum - Türkiye,"276,75",,55,Sports & Outdoors,Budget
494,Tanyolaç Ergül,tanyolac.ergul494@example.com,+905420165422,2023-12-28,2025-09-13,"Türkiye, Malatya, Yeşilyurt","279,03",,44,Beauty & Personal Care,Regular
487,Adlan Eraslan, adlan.eraslan487@example.com ,0502 481 71 75,30/12/2024,02/06/2025,"Türkiye, Şanlıurfa",₺193,TRY, 36 ,Toys & Games,Budget
499,Bayan Nürice Arsoy Eraslan,bayan.nurice.arsoy.eraslan499@example.com,+90  505   384 44  46 ,05/03/2022,2025-05-27,Pamukkale - Denizli - Türkiye,157 TL,TRY,33,Groceries,Budget
75,Kaver İhsanoğlu Çetin,kaver.ihsanoglu.cetin75@example.com,+90541566762,02/03/2023,01-22-2026,Kocasinan - Kayseri - Türkiye,₺389,TRY,62,Sports & Outdoors,Regular
492,Temirhan Zorlu,temirhan.zorlu492@example.com,+90509605630,10-05-2024,2025-01-27,Kayapınar - Diyarbakır - Türkiye,$369.80,USD,73,Electronics,Budget
156,Doç. Nerim Dumanlı,doc.nerim.dumanli156@gmial.com,+90  541   006 76  26 ,"March 09, 2023",01/03/2025,İlkadım - Samsun - Türkiye,"442,44",,74,Toys & Games,Regular
50,Av. Behiza İnönü Duran,av.behiza.inonu.duran50@example.com,+905367136659,2024-04-16,2026-05-19,Kayapınar - Diyarbakır - Türkiye,$338.79,USD,62,Beauty & Personal Care,Budget
181,Çev. Bidayet Sirap Yıldırım, cev.bidayet.sirap.yildirim181@example.com ,0530 011 97 21,07-30-2021,2025-02-20,"Türkiye, Şanlıurfa, Eyyübiye",$285.29,USD,fifty,Clothing,Budget
3,Suat Şafak, suat.safak3@example.com ,+905534197832,"May 11, 2023",2025-04-21,Şehitkamil - Gaziantep - Türkiye,"222,18",, 42 ,Books,Budget
208,Hürdoğan Sezgin,hurdogan.sezgin208@example.com,+90543222513,2023-08-16,12-01-2025,"Şanlıurfa, Eyyübiye",₺340,TRY,69,Electronics,Budget
192,Permun Akça Demirel,permun.akca.demirel192@example.com,+90  535   989 33  47 ,2024-12-14,2026-05-14,"Türkiye, Konya, Meram",$319.09,USD,61,Beauty & Personal Care,Budget
133,Okt. Rahiye Mehdiye Durmuş,okt.rahiye.mehdiye.durmus133@example.com,+90 575 186 36 37,2024-06-11,01/01/2026,"Trabzon, Ortahisar","359,62",,38,Groceries,Premium
208,Hürdoğan Sezgin,hurdogan.sezgin208@example.com,0543 222 59 13,08-16-2023,2026-01-30,Şanlıurfa - Türkiye,$346.81,USD,69,Electronics,Budget
32,Nevsale Bilgin Yaman,nevsale.bilgin.yaman32@gmial.com,+90 506 716 57 26,2024-12-17,09/12/2025,Kocasinan - Kayseri - Türkiye,"413,80",,64,Electronics,Regular
481,Hatin Nüdret Çorlu Arsoy, hatin.nudret.corlu.arsoy481@example.com ,+90  502   521 31  09 ,2023-08-13,23/05/2025,Ortahisar - Trabzon - Türkiye,"326,81",,27,Electronics,Premium
401,Alkor Manço, alkor.manco401@example.com ,+905530628973,2021-11-14,"October 20, 2025",Konak - İzmir - Türkiye,₺316,TRY,23,Toys & Games,Premium
109,Aköz Hançer,akoz.hancer109@example.com,+90548408621,"January 04, 2023",2026-06-05,"Türkiye, Manisa, Şehzadeler",139 TL,TRY,27,Beauty & Personal Care,Budget
440,Muktedir Ünübol Durdu,muktedir.unubol.durdu440@example.com,0540 983 66 55,02-20-2022,2025-04-14,"Türkiye, Trabzon, Ortahisar","375,94",,68,Electronics,Budget
156,Doç. Nerim Dumanlı,doc.nerim.dumanli156@example.com,+90  541   006 76  26 ,03-09-2023,02-11-2025,"Türkiye, Samsun, İlkadım",₺416,TRY,74,Clothing,Regular
74,Burakhan Kasim Yılmaz, burakhan.kasim.yilmaz74@example.com ,+90 572 217 04 30,"October 30, 2024",01-04-2026,İlkadım - Samsun - Türkiye,377 TL,TRY,74,Toys & Games,Budget
180,Nurmelek Aslan,nurmelek.aslan180@example.com,+90 548 356 42 08,"March 02, 2023",2025-05-08,"Türkiye, Diyarbakır, Kayapınar",202 TL,TRY,31,Books,Regular
414,Arş. Gör. Sebattin İvecen Ülker,ars.gor.sebattin.ivecen.ulker414@example.com,+90548621042,2023-06-24,11-18-2025,"Gaziantep, Şehitkamil",$226.17,USD,40,Groceries,Budget
324,Sezal Kader Gül,sezal.kader.gul324@outlok.com,+905566383625,04-03-2025,2026-04-28,Nilüfer - Bursa - Türkiye,239 TL,TRY,47,Home & Garden,Budget
86,Hayel Eraslan,hayel.eraslan86@example.com,+90516456506,"August 30, 2025",2025-12-03,Yakutiye - Erzurum - Türkiye,321 TL,TRY, 54 ,Books,Regular
362,Havse İncifir Hayrioğlu Yıldırım, havse.incifir.hayrioglu.yildirim362@example.com ,+90503726831,2024-04-05,2025-08-25,Beşiktaş - İstanbul - Türkiye,"407,04",,67,Beauty & Personal Care,Regular
350,Av. Işıman Ayvas Tarhan, av.isiman.ayvas.tarhan350@example.com ,+90  557   215 86  24 ,"April 17, 2025",07/06/2025,"Türkiye, Trabzon, Ortahisar",200 TL,TRY,38,Books,Budget
465,Buhari Akçay,buhari.akcay465@yaho.com,+90 596 112 91 09,04-12-2022,12/05/2026,Yenişehir - Mersin - Türkiye,₺365,TRY,70,Groceries,Budget
15,Nevsale Ürper Akar,nevsale.urper.akar15@example.com,+90  553   462 47  51 ,23/11/2025,2026-05-29,"İzmir, Karşıyaka",₺293,TRY,47,Sports & Outdoors,Regular
461,Galip Akdeniz, galip.akdeniz461@example.com ,0510 668 43 35,24/07/2023,12-26-2025,"Türkiye, Manisa, Şehzadeler","245,39",,48,Home & Garden,Budget
434,Kâzime İslime Yorulmaz,kzime.islime.yorulmaz434@outlok.com,+905094843579,2022-02-06,28/02/2026,Ortahisar - Trabzon - Türkiye,$481.31,USD,60,Home & Garden,Premium
486,Öğr. Şöhret Yılmaz Akçay,ogr.sohret.yilmaz.akcay486@example.com,+90 559 606 33 99,"July 12, 2025",2026-03-22,"Türkiye, Malatya, Yeşilyurt","161,08",,27,Home & Garden,Regular
253,Aydinç Bilgin,aydinc.bilgin253@example.com,+90  552   056 64  74 ,04/02/2025,06-05-2025,"Türkiye, Bursa, Nilüfer",376 TL,TRY,67,Clothing,Budget
381,Dr. Buşra Karadeniz Çorlu,dr.busra.karadeniz.corlu381@example.com,+90  512   094 81  81 ,2024-11-13,"April 20, 2025","Türkiye, Diyarbakır, Kayapınar","349,58",,57,Groceries,Regular
424,Dr. Oymak Şener, dr.oymak.sener424@example.com ,+90 574 689 71 52,12-09-2021,05/03/2026,Kayapınar - Diyarbakır - Türkiye,$260.87,USD,48,Books,Budget
467,Okt. Havse Selvi Mansız,okt.havse.selvi.mansiz467@gmial.com,+905409036588,12/07/2025,2026-05-11,"Türkiye, Denizli",187 TL,TRY,twenty-eight,Electronics,Regular
56,Soykut Durmuş,soykut.durmus56@example.com,+90 553 773 51 58,2022-05-02,27/12/2025,Atakum - Samsun - Türkiye,198 TL,TRY,40,Sports & Outdoors,Budget
228,Öğr. Selcen Şama Akçay,ogr.selcen.sama.akcay228@gmial.com,+90 562 202 34 13,"January 05, 2025",2026-06-17,"Türkiye, Samsun, Atakum",₺213,TRY,43,Clothing,Budget
144,Bilender Yıldırım, bilender.yildirim144@example.com ,+90  506   413 83  67 ,"August 12, 2025",02-08-2026,"Türkiye, Kayseri",₺333,TRY,27,Electronics,Premium
236,İncifir Sanavber Hançer,incifir.sanavber.hancer236@example.com,0535 186 38 78,2025-01-31,07/06/2026,"Türkiye, Şanlıurfa",₺302,TRY,57,Books,Budget
312,Okt. İmrihan Melikkan Şener Şafak,okt.imrihan.melikkan.sener.safak312@hotnail.com,+905376642662,2022-08-28,09/02/2025,"Türkiye, Diyarbakır, Kayapınar",294 TL,TRY,56,Groceries,Budget
82,Dr. Sökmen Erdoğan,dr.sokmen.erdogan82@example.com,+90501093969,"May 14, 2022",2025-09-27,"Türkiye, İzmir, Bornova",119 TL,TRY,nineteen,Clothing,Regular
182,Hiçsönmez Eba Şensoy,hicsonmez.eba.sensoy182@example.com,+90 537 447 01 20,26/04/2024,03/09/2025,"Türkiye, Bursa, Osmangazi","427,56",, 41 ,Beauty & Personal Care,Premium
287,Bayan Muarra Sonnur Demirel, bayan.muarra.sonnur.demirel287@example.com ,+905428173962,05-01-2022,14/12/2025,"Türkiye, Eskişehir, Tepebaşı",226 TL,TRY,49,Electronics,Budget
158,Yahşi Soylu,yahsi.soylu158@example.com,+905015836884,31/03/2022,"June 29, 2025","Türkiye, İzmir, Bornova","137,22",,36,Electronics,Budget
253,Aydinç Bilgin,aydinc.bilgin253@outlok.com,+90  552   056 64  74 ,"February 04, 2025",02-20-2025,Bursa - Türkiye,"384,02",,67,Clothing,Budget
71,Aygutalp İhsanoğlu,aygutalp.ihsanoglu71@gmial.com,+90  540   758 18  14 ,24/06/2025,"December 25, 2025",Manisa - Türkiye,"363,51",, 66 ,Groceries,Budget
238,Teber Bilir,teber.bilir238@yaho.com,0558 556 65 93,16/10/2022,15/03/2025,Yenişehir - Mersin - Türkiye,₺282,TRY,52,Groceries,Budget
135,Gökperi Mansız Durdu, gokperi.mansiz.durdu135@example.com ,+905404380836,04-16-2024,04-30-2025,Şehitkamil - Gaziantep - Türkiye,$275.20,USD, 59 ,Groceries,Budget
220,Öğr. Doğuhan Korutürk,ogr.doguhan.koruturk220@yaho.com,+90 537 333 43 33,19/07/2024,2025-11-12,Yenişehir - Mersin - Türkiye,"423,74",,71,Electronics,Regular
291,Cemiyle Bilge,cemiyle.bilge291@yaho.com,0502 707 90 32,2025-11-13,2026-03-03,Kocasinan - Kayseri - Türkiye,188 TL,TRY,29,Books,Regular
55,Dr. Hoşkadem Hadrey Erdoğan Şama, dr.hoskadem.hadrey.erdogan.sama55@example.com ,+905180047113,2022-12-08,08-13-2025,Kocasinan - Kayseri - Türkiye,"162,20",,26,Electronics,Regular
131,Minibe Ülker,minibe.ulker131@example.com,+90 539 596 29 23,2024-10-15,24/12/2025,Bursa - Türkiye,₺378,TRY,69,Toys & Games,Budget
39,Dilfeza Arslan,dilfeza.arslan39@example.com,+90532420249,2021-10-01,04-03-2025,"Türkiye, Kayseri, Kocasinan",373 TL,TRY, 70 ,Groceries,Regular
266,Dr. Selime İnönü Yorulmaz, dr.selime.inonu.yorulmaz266@example.com ,+90582358452,2021-08-20,01/04/2026,Çukurova - Adana - Türkiye,$388.24,USD,73,Toys & Games,Budget
234,Yrd. Doç. Şahdiye Hafıza Öcalan,yrd.doc.sahdiye.hafiza.ocalan234@example.com,+90  500   528 12  73 ,2024-03-04,2025-12-08,"Türkiye, Adana, Çukurova",₺460,TRY,53,Home & Garden,Premium
102,Av. Kısmet Aynımah Yılmaz,av.kismet.aynimah.yilmaz102@example.com,+905341708668,2022-12-23,05/10/2025,"Türkiye, Trabzon, Ortahisar","182,81",,26,Books,Regular
72,Uz. Köker Nurullah Güçlü,uz.koker.nurullah.guclu72@yaho.com,+90 536 971 17 98,2025-11-09,2026-06-26,Kayapınar - Diyarbakır - Türkiye,$368.86,USD,58,Home & Garden,Regular
358,Eyyüp Akdeniz,eyyup.akdeniz358@example.com,+90  559   266 10  85 ,2023-05-08,2026-02-06,"Türkiye, İzmir, Bornova",₺327,TRY, 61 ,Groceries,Budget
440,Muktedir Ünübol Durdu, muktedir.unubol.durdu440@example.com ,+90540936655,2022-02-20,2025-12-28,"Türkiye, Trabzon","352,78",,68,Groceries,Budget
382,Mengi Sakarya,mengi.sakarya382@example.com,0543 397 18 95,12/09/2023,2025-06-27,"Türkiye, Ankara, Yenimahalle",$266.66,USD,55,Electronics,Budget
200,Sevim Fayize Şafak Akçay,sevim.fayize.safak.akcay200@yaho.com,+90  512   908 78  14 ,2022-03-08,02/04/2025,İlkadım - Samsun - Türkiye,₺107,TRY,22,Home & Garden,Budget
266,Dr. Selime İnönü Yorulmaz, dr.selime.inonu.yorulmaz266@example.com ,+90  582   357 84  52 ,08-20-2021,2026-06-07,Çukurova - Adana - Türkiye,383 TL,TRY, 73 ,Electronics,Budget
115,Prof. Huban Kerime Aksu,prof.huban.kerime.aksu115@example.com,+90 547 735 86 62,"February 19, 2022",07-04-2025,Odunpazarı - Eskişehir,₺339,TRY,55,Clothing,Regular
345,Zeride Sabihe Zengin Korutürk,zeride.sabihe.zengin.koruturk345@hotnail.com,+90596572429,02-11-2024,2026-05-16,Şahinbey - Gaziantep - Türkiye,"368,25",,,Clothing,Budget
50,Av. Behiza İnönü Duran,av.behiza.inonu.duran50@example.com,0536 713 69 59,16/04/2024,10-25-2025,Kayapınar - Diyarbakır - Türkiye,"303,40",, 62 ,Toys & Games,Budget
425,Ruhsat Oymak Akar Akçay,ruhsat.oymak.akar.akcay425@example.com,+90 508 576 66 56,03-16-2023,"May 01, 2026",Selçuklu - Konya - Türkiye,₺214,TRY,37,Home & Garden,Regular
432,Fatinur Dumanlı,fatinur.dumanli432@example.com,0510 040 90 13,08/01/2023,18/06/2025,Şanlıurfa,$370.65,USD,68,Toys & Games,Budget
105,Arş. Gör. Salimet Övün Yılmaz Demir,ars.gor.salimet.ovun.yilmaz.demir105@yaho.com,+90  539   363 85  46 ,"May 03, 2023",2025-04-01,"Türkiye, Bursa, Osmangazi",323 TL,TRY,fifty-two,Beauty & Personal Care,Regular
229,Erginel Nezihi Demir,erginel.nezihi.demir229@example.com,+90  531   745 64  24 ,"November 21, 2025",17/05/2026,Bornova - İzmir - Türkiye,"135,27",,18,Beauty & Personal Care,Regular
472,Uz. Gülnaziye Şehza Yaman,uz.gulnaziye.sehza.yaman472@example.com,+90 524 042 26 93,2025-07-23,26/10/2025,Meram - Konya - Türkiye,"154,26",,27,Toys & Games,Budget
33,Dr. Aysuna Bilge Demir,dr.aysuna.bilge.demir33@example.com,+90 537 996 50 75,2024-12-05,2026-05-14,Toroslar - Mersin - Türkiye,$241.21,USD,49,Electronics,Budget
405,Günebakan İnönü,gunebakan.inonu405@gmial.com,+90  537   780 52  92 ,2024-03-27,"February 10, 2025","Türkiye, Denizli, Pamukkale",343 TL,TRY,65,Groceries,Budget
160,Hasret Kumral Şama,hasret.kumral.sama160@outlok.com,+90534902158,08-18-2023,"December 12, 2025",Çukurova - Adana - Türkiye,$426.95,USD, 66 ,Electronics,Regular
220,Öğr. Doğuhan Korutürk,ogr.doguhan.koruturk220@example.com,+90 537 333 43 33,2024-07-19,01/04/2026,"Türkiye, Mersin, Yenişehir",$439.35,USD,71,Books,Regular
400,Özpetek Tevetoğlu, ozpetek.tevetoglu400@example.com ,+90  553   473 55  28 ,15/06/2022,2026-04-14,Ortahisar - Trabzon - Türkiye,$442.78,USD,74,Sports & Outdoors,Regular
178,Nurmelek Hayrioğlu, nurmelek.hayrioglu178@example.com ,+90  532   603 32  30 ,23/08/2022,21/10/2025,"Türkiye, Şanlıurfa, Eyyübiye",$244.90,USD,50,Books,Budget
278,Arifcan Aslan,arifcan.aslan278@example.com,+90371894905,2022-12-13,2025-08-11,Şehzadeler - Manisa - Türkiye,"372,34",,67,Clothing,Budget
441,Gündüzalp Tevetoğlu, gunduzalp.tevetoglu441@example.com ,+90 516 087 52 43,02-23-2023,2026-01-04,Şehzadeler - Manisa - Türkiye,$396.32,USD,,Home & Garden,Regular
39,Dilfeza Arslan,dilfeza.arslan39@outlok.com,+905324410249,2021-10-01,"June 21, 2026","Türkiye, Kayseri, Kocasinan",$424.21,USD,70,Books,Regular
112,Yrd. Doç. Fehmiye Havali Bilge, yrd.doc.fehmiye.havali.bilge112@example.com ,+90 501 489 02 50,14/10/2024,12-10-2025,Pamukkale - Denizli - Türkiye,296 TL,TRY,55,Clothing,Budget
500,Hüsmen Çetin,husmen.cetin500@gmial.com,+90  500   258 95  52 ,"September 28, 2022",05/07/2025,"Türkiye, Denizli, Pamukkale",224 TL,TRY,45,Toys & Games,Budget
491,Dr. Dilcan Ticen Tevetoğlu Duran, dr.dilcan.ticen.tevetoglu.duran491@example.com ,0546 296 13 67,2022-03-13,2025-02-15,Muratpaşa - Antalya - Türkiye,"154,44",,23,Home & Garden,Budget
139,Seçgül Dumanlı,secgul.dumanli139@hotnail.com,+90  575   884 25  24 ,2021-11-02,2025-04-14,"Türkiye, İzmir, Bornova",375 TL,TRY,74,Books,Budget
76,Çev. Safinaz Çisem Ülker Demirel, cev.safinaz.cisem.ulker.demirel76@example.com ,0516 169 28 45,05-16-2025,17/12/2025,"Türkiye, Malatya",118 TL,TRY,23,Sports & Outdoors,Budget
405,Günebakan İnönü,gunebakan.inonu405@hotnail.com,+90  537   780 52  92 ,2024-03-27,2025-05-12,Pamukkale - Denizli - Türkiye,$334.64,USD,,Groceries,Budget
29,Öğr. Sevican Manço Eraslan,ogr.sevican.manco.eraslan29@hotnail.com,+90556464170,09-30-2021,05-22-2025,Selçuklu - Konya - Türkiye,"283,31",,52,Groceries,Budget
491,Dr. Dilcan Ticen Tevetoğlu Duran,dr.dilcan.ticen.tevetoglu.duran491@example.com,+90546296167,2022-03-13,2025-05-15,Muratpaşa - Antalya - Türkiye,"45,70",, 23 ,Groceries,Budget
376,Melihcan Dumanlı, melihcan.dumanli376@example.com ,0549 075 39 98,08-11-2022,2025-10-18,"Türkiye, Bursa, Osmangazi","207,86",,32,Beauty & Personal Care,Regular
366,Arş. Gör. Güverçin Şirivan Türk Gül, ars.gor.guvercin.sirivan.turk.gul366@example.com ,+90  543   380 05  45 ,2022-02-25,2026-03-11,"Türkiye, Samsun, Atakum","136,28",, 28 ,Groceries,Budget
374,Servinaz Tülin Tevetoğlu, servinaz.tulin.tevetoglu374@example.com ,+90  534   108 56  28 ,2022-12-01,27/04/2025,Samsun - Türkiye,$160.82,USD,36,Clothing,Budget
179,Muvaffak Hayrioğlu, muvaffak.hayrioglu179@example.com ,+90  564   890 90  10 ,"September 05, 2025",03-24-2026,İlkadım - Samsun - Türkiye,"344,09",,62,Home & Garden,Budget
232,Binışık Bilgütay Sezgin,binisik.bilgutay.sezgin232@example.com,+90  548   463 12  24 ,2025-04-30,"December 28, 2025","Türkiye, Gaziantep, Şehitkamil",₺385,TRY,58,Sports & Outdoors,Regular
448,Şahnuray Yorulmaz, sahnuray.yorulmaz448@example.com ,+90  544   626 71  46 ,20/01/2022,07/11/2025,"Türkiye, İzmir, Karşıyaka",₺157,TRY,,Home & Garden,Regular
193,Arıkol Zengin,arikol.zengin193@example.com,+90 540 572 02 59,"August 30, 2025",06-14-2026,"Türkiye, Adana, Seyhan",₺422,TRY,67,Electronics,New
265,Öğr. Ayşenur Gülenay Fırat Arsoy,ogr.aysenur.gulenay.firat.arsoy265@example.com,0539 551 24 05,"November 05, 2023",2025-03-14,"Türkiye, Eskişehir, Tepebaşı",$356.90,USD,58,Home & Garden,Regular
426,Necva Fadıla Yüksel Sakarya,necva.fadila.yuksel.sakarya426@outlok.com,0558 750 66 33,2023-04-09,09/07/2025,"Van, İpekyolu",186 TL,TRY,20,Home & Garden,New
354,Heva Yaman, heva.yaman354@example.com ,0552 017 77 49,2022-04-05,19/01/2025,İpekyolu - Van - Türkiye,$29.50,USD,18,Books,Budget
87,Emal Ülker Şensoy,emal.ulker.sensoy87@hotnail.com,+90  516   878 49  91 ,2025-03-24,03/03/2026,Atakum - Samsun - Türkiye,₺162,TRY,24,Sports & Outdoors,Regular
49,Atilhan Gül, atilhan.gul49@example.com ,+90578217594,"May 14, 2022",04/01/2026,"Türkiye, Malatya, Yeşilyurt","299,01",,45,Beauty & Personal Care,Regular
156,Doç. Nerim Dumanlı,doc.nerim.dumanli156@gmial.com,+90541006766,2023-03-09,09-14-2025,İlkadım - Samsun - Türkiye,"438,65",,,Home & Garden,Regular
154,Selmin Mansız,selmin.mansiz154@yaho.com,0559 929 37 84,18/12/2024,07-01-2025,İpekyolu - Van - Türkiye,$256.33,USD,49,Books,Budget
69,Av. Arıkol Mirbadin Sezgin, av.arikol.mirbadin.sezgin69@example.com ,+90  546   291 48  65 ,2025-03-26,12-01-2025,Kepez - Antalya - Türkiye,$476.56,USD,,Books,Premium
446,Öğr. Yazgül Yasemen Mansız Aksu,ogr.yazgul.yasemen.mansiz.aksu446@hotnail.com,+90  541   926 76  49 ,31/03/2025,2025-08-04,Şahinbey - Gaziantep,"106,35",,24,Books,Budget
133,Okt. Rahiye Mehdiye Durmuş,okt.rahiye.mehdiye.durmus133@example.com,0575 186 36 37,2024-06-11,2025-11-26,Trabzon - Türkiye,$412.16,USD,,Books,Premium
329,Çev. İlmafer Akça,cev.ilmafer.akca329@gmial.com,+905062675677,2025-09-30,11-29-2025,"Türkiye, Antalya, Kepez",$96.72,USD,20,Clothing,Budget
344,Kerman Ertaş,kerman.ertas344@yaho.com,+90  502   720 63  45 ,20/09/2022,02-19-2025,"Türkiye, Ankara, Keçiören",₺154,TRY,23,Books,Budget
460,Öğr. Hafıza Yaman Manço,ogr.hafiza.yaman.manco460@yaho.com,+905392312609,"November 14, 2024","October 28, 2025","Türkiye, Bursa, Nilüfer",$169.61,USD,27,Toys & Games,Regular
15,Nevsale Ürper Akar, nevsale.urper.akar15@example.com ,0553 462 47 51,"November 23, 2025","January 07, 2026","Türkiye, İzmir, Karşıyaka",299 TL,TRY,47,Books,Regular
329,Çev. İlmafer Akça, cev.ilmafer.akca329@example.com ,0506 167 56 77,09-30-2025,2026-02-03,Kepez - Antalya,$128.83,USD,20,Books,Budget
3,Suat Şafak,suat.safak3@outlok.com,+905534102832,"May 11, 2023",29/01/2025,"Gaziantep, Şehitkamil","220,13",,42,Home & Garden,Budget
72,Uz. Köker Nurullah Güçlü, uz.koker.nurullah.guclu72@example.com ,+905369710798,2025-11-09,2026-06-27,"Türkiye, Diyarbakır, Kayapınar",372 TL,TRY,58,Toys & Games,Regular
480,Okt. Arziye Ruhide Yorulmaz Gülen,okt.arziye.ruhide.yorulmaz.gulen480@gmial.com,+90 572 863 33 02,2025-04-16,15/10/2025,"Türkiye, Antalya, Kepez",$502.42,USD, 62 ,Beauty & Personal Care,Premium
467,Okt. Havse Selvi Mansız,okt.havse.selvi.mansiz467@example.com,0540 903 67 88,12/07/2025,2026-05-06,Pamukkale - Denizli - Türkiye,₺190,TRY, 28 ,Beauty & Personal Care,Regular
496,Recepali Arsoy, recepali.arsoy496@example.com ,+90533682963,"December 31, 2023",07-18-2025,"Van, İpekyolu","224,50",,31,Books,New
233,Binay Huban Demir,binay.huban.demir233@outlok.com,0547 435 03 13,"May 26, 2022",04-11-2026,Kayapınar - Diyarbakır - Türkiye,217 TL,TRY,45,Groceries,Budget
140,Dr. Gülşeref Umuşan Güçlü Çetin,dr.gulseref.umusan.guclu.cetin140@example.com,0564 814 91 77,"January 31, 2023",06/04/2026,"İstanbul, Üsküdar",$180.18,USD,41,Electronics,Budget
418,Yrd. Doç. Rana Rümeysa Arslan, yrd.doc.rana.rumeysa.arslan418@example.com ,+905013949718,10-04-2022,2026-03-01,Toroslar - Mersin - Türkiye,$132.53,USD,28,Books,Budget
472,Uz. Gülnaziye Şehza Yaman, uz.gulnaziye.sehza.yaman472@example.com ,+90  524   042 26  93 ,"July 23, 2025",2026-04-20,"Türkiye, Konya, Meram","140,50",,27,Beauty & Personal Care,Budget
110,Aygönenç Neslinur Bilir Tarhan, aygonenc.neslinur.bilir.tarhan110@example.com ,+90  554   615 67  93 ,2022-01-15,2025-10-24,"Türkiye, Manisa, Şehzadeler",$178.06,USD,32,Clothing,Budget
140,Dr. Gülşeref Umuşan Güçlü Çetin,dr.gulseref.umusan.guclu.cetin140@hotnail.com,+905658149177,31/01/2023,2025-12-25,Üsküdar - İstanbul - Türkiye,"221,99",,41,Clothing,Budget
110,Aygönenç Neslinur Bilir Tarhan, aygonenc.neslinur.bilir.tarhan110@example.com ,+90 554 615 67 93,15/01/2022,"March 30, 2026","Türkiye, Manisa, Şehzadeler",₺151,TRY,32,Groceries,Budget
382,Mengi Sakarya,mengi.sakarya382@yaho.com,0543 397 18 95,09-12-2023,02-26-2025,"Türkiye, Ankara, Yenimahalle",264 TL,TRY,,Clothing,Budget
489,Dr. Mahter Havse Hançer,dr.mahter.havse.hancer489@example.com,+90 505 466 92 75,2023-01-28,2025-07-09,İpekyolu - Van,₺406,TRY,72,Sports & Outdoors,Regular
487,Adlan Eraslan,adlan.eraslan487@example.com,0502 481 71 75,2024-12-30,"May 20, 2025","Türkiye, Şanlıurfa, Eyyübiye",$213.48,USD,36,Home & Garden,Budget
342,Aktemür Göken Soylu,aktemur.goken.soylu342@gmial.com,+90  503   486 45  18 ,2024-08-15,2025-10-05,Kadıköy - İstanbul - Türkiye,₺416,TRY,72,Beauty & Personal Care,Regular
337,İlklima Kısakürek,ilklima.kisakurek337@example.com,+90  547   786 60  32 ,2024-06-02,"January 05, 2026","Kayseri, Kocasinan",$110.51,USD,26,Groceries,Budget
311,Zöhrehan Ferhan Erdoğan,zohrehan.ferhan.erdogan311@example.com,+90 556 265 65 04,01-06-2024,2026-03-20,Kayapınar - Diyarbakır - Türkiye,₺178,TRY,40,Sports & Outdoors,Budget
354,Heva Yaman, heva.yaman354@example.com ,+90552177749,05/04/2022,2026-05-11,"Türkiye, Van, İpekyolu","114,13",, 18 ,Toys & Games,Budget
240,Uz. Savni Arıel Aksu, uz.savni.ariel.aksu240@example.com ,0543 350 48 88,2022-10-01,31/05/2026,Melikgazi - Kayseri - Türkiye,₺281,TRY,,Books,Budget
131,Minibe Ülker,minibe.ulker131@outlok.com,+90535962923,10-15-2024,10-05-2025,Nilüfer - Bursa - Türkiye,"385,52",,69,Clothing,Budget
18,Av. Azettin Kavurt Aslan,av.azettin.kavurt.aslan18@outlok.com,+90540164052,"May 18, 2022",01-14-2026,"Türkiye, Mersin, Toroslar","188,73",,34,Beauty & Personal Care,Budget
190,Över İlalmış Aksu Hançer,over.ilalmis.aksu.hancer190@example.com,+90 504 380 57 19,28/02/2022,30/01/2026,Kocasinan - Kayseri - Türkiye,"378,90",,sixty-five,Electronics,Regular
163,Fayize Demirel Bilir,fayize.demirel.bilir163@gmial.com,+90564799702,05-27-2024,08/05/2026,"Türkiye, İzmir, Konak","241,47",,43,Groceries,Budget
195,Özpınar Selâtin Çetin Türk, ozpinar.seltin.cetin.turk195@example.com ,+90  557   399 30  56 ,2025-04-24,01-10-2026,Kadıköy - İstanbul - Türkiye,236 TL,TRY,42,Electronics,Budget
131,Minibe Ülker,minibe.ulker131@example.com,+905396962923,2024-10-15,05-20-2026,"Türkiye, Bursa, Nilüfer","335,98",,69,Sports & Outdoors,Budget
378,Ruhugül Gül Sakarya,ruhugul.gul.sakarya378@hotnail.com,+905428519611,11-17-2023,2025-11-12,Diyarbakır - Türkiye,277 TL,TRY,54,Home & Garden,Budget
62,Öğr. Sonnur Sezgin Seven,ogr.sonnur.sezgin.seven62@yaho.com,+90 559 910 22 90,03-03-2022,01/04/2025,Kadıköy - İstanbul - Türkiye,₺100,TRY,23,Clothing,Budget
404,Öğr. Şemsinisa Selime Seven,ogr.semsinisa.selime.seven404@yaho.com,+90 537 389 87 75,2025-06-20,09/11/2025,Samsun,386 TL,TRY,38,Electronics,Premium
201,Şöhret Sezgin,sohret.sezgin201@outlok.com,+90 555 231 49 13,02/03/2024,2026-06-15,"Türkiye, Konya, Meram",₺285,TRY,49,Groceries,Regular
192,Permun Akça Demirel, permun.akca.demirel192@example.com ,0535 989 33 47,"December 14, 2024",12-11-2025,Konya - Türkiye,316 TL,TRY,61,Sports & Outdoors,Budget
221,Çev. İnsaf İnönü Fırat, cev.insaf.inonu.firat221@example.com ,+90  508   562 71  87 ,06/03/2024,2025-05-02,Antalya,310 TL,TRY,62,Clothing,Budget
84,Tayaydın Atalay Seven, tayaydin.atalay.seven84@example.com ,+90  559   532 78  77 ,2024-03-21,"October 06, 2025","Türkiye, Konya, Meram",₺249,TRY,49,Home & Garden,Budget
21,Tanbay Şener, tanbay.sener21@example.com ,+90 542 940 19 65,11/11/2021,2025-11-20,Kadıköy - İstanbul,₺334,TRY, 68 ,Home & Garden,Budget
34,Tekbay Aksu,tekbay.aksu34@outlok.com,+90 549 480 83 13,11-29-2021,02-21-2025,Mersin - Türkiye,$287.63,USD,44,Electronics,Regular
209,Narhanim Aslan,narhanim.aslan209@example.com,0502 428 69 90,"November 30, 2021",2026-03-29,"Bursa, Osmangazi",₺374,TRY,64,Books,Regular
139,Seçgül Dumanlı,secgul.dumanli139@example.com,+90 575 884 25 24,11-02-2021,2025-12-06,Bornova - İzmir - Türkiye,$380.82,USD,74,Sports & Outdoors,Budget
92,Behiza Hezniye Arsoy Arslan, behiza.hezniye.arsoy.arslan92@example.com ,+90530165710,"November 11, 2022",05-04-2026,Toroslar - Mersin,₺177,TRY,28,Clothing,Regular
2,Uz. Zamir Açıkel Tarhan, uz.zamir.acikel.tarhan2@example.com ,0516 184 95 93,12-31-2021,2025-12-23,"Türkiye, Gaziantep, Şahinbey",$81.29,USD,22,Toys & Games,Budget
97,Lezize Tevetoğlu,lezize.tevetoglu97@example.com,+90  539   106 51  80 ,24/07/2025,2025-08-30,"Türkiye, Erzurum, Yakutiye",264 TL,TRY,48,Beauty & Personal Care,Budget
420,Av. Nevsale Birsan Şafak Akdeniz,av.nevsale.birsan.safak.akdeniz420@yaho.com,+90  532   630 39  75 ,"March 13, 2025","April 29, 2026","Türkiye, Malatya, Yeşilyurt",$199.33,USD,35,Clothing,Budget
500,Hüsmen Çetin,husmen.cetin500@example.com,0500 258 95 52,"September 28, 2022",2025-03-03,Denizli - Türkiye,"234,94",,45,Books,Budget
110,Aygönenç Neslinur Bilir Tarhan,aygonenc.neslinur.bilir.tarhan110@example.com,+90546156793,2022-01-15,2025-03-04,Şehzadeler - Manisa - Türkiye,"158,18",,32,Toys & Games,Budget
203,Musaffa Akdeniz, musaffa.akdeniz203@example.com ,0541 108 09 96,"August 20, 2021","March 19, 2026","Türkiye, Kayseri, Kocasinan",293 TL,TRY,fifty-five,Beauty & Personal Care,Budget
85,Kader Bilir,kader.bilir85@example.com,+905339550479,13/04/2022,2025-01-28,Ortahisar - Trabzon - Türkiye,$378.70,USD,61,Home & Garden,Regular
97,Lezize Tevetoğlu, lezize.tevetoglu97@example.com ,+90 539 106 51 80,07-24-2025,2026-04-01,"Türkiye, Erzurum, Yakutiye",$249.72,USD,48,Groceries,Budget
129,Jankat Şafak, jankat.safak129@example.com ,+905404584279,14/10/2021,20/09/2025,"Türkiye, Şanlıurfa, Eyyübiye",₺519,TRY,67,Toys & Games,Premium
358,Eyyüp Akdeniz,eyyup.akdeniz358@yaho.com,+90559266085,2023-05-08,"August 05, 2025","Türkiye, İzmir, Bornova",$309.95,USD, 61 ,Groceries,Budget
19,Dr. Nezize Feyzin Arsoy Ergül,dr.nezize.feyzin.arsoy.ergul19@outlok.com,+90 533 158 69 23,14/01/2025,03-31-2026,Kayapınar - Diyarbakır - Türkiye,₺563,TRY,69,Toys & Games,Premium
350,Av. Işıman Ayvas Tarhan,av.isiman.ayvas.tarhan350@example.com,+90 557 215 86 24,2025-04-17,2025-07-17,"Türkiye, Trabzon, Ortahisar",$189.30,USD, 38 ,Electronics,Budget
331,Dilşat Ertaş, dilsat.ertas331@example.com ,+90559061655,08-22-2023,29/07/2025,"Türkiye, Antalya, Kepez","217,76",,forty,Sports & Outdoors,Budget
149,Turabi Sezer,turabi.sezer149@yaho.com,0524 472 09 99,2024-07-27,2025-06-01,"Türkiye, Konya, Meram",₺316,TRY, 59 ,Beauty & Personal Care,Budget
161,Zeride Çorlu,zeride.corlu161@hotnail.com,0516 089 89 92,04-10-2025,04/11/2025,"Türkiye, Erzurum, Yakutiye",₺404,TRY, 66 ,Toys & Games,Regular
500,Hüsmen Çetin,husmen.cetin500@outlok.com,+90  500   258 95  52 ,09-28-2022,20/04/2026,"Türkiye, Denizli, Pamukkale","260,86",,45,Clothing,Budget
468,Seniha Hasgül Duran,seniha.hasgul.duran468@gmial.com,+90 543 448 12 30,2022-12-16,29/05/2026,"Türkiye, Malatya",$148.75,USD,33,Home & Garden,Budget
137,Göken Arslan, goken.arslan137@example.com ,0543 006 84 86,29/07/2023,"March 28, 2026","Türkiye, İzmir, Konak","375,78",,,Clothing,Regular
172,Bayan Oluş Şama Ülker,bayan.olus.sama.ulker172@example.com,0558 428 24 17,2025-03-25,2026-05-08,"Türkiye, Gaziantep, Şehitkamil","330,70",,65,Books,Budget
219,Gülel Demir, gulel.demir219@example.com ,+905416558275,19/12/2023,06-12-2025,Yenişehir - Mersin - Türkiye,₺359,TRY,,Sports & Outdoors,Premium
40,Uz. Servinaz Adila Gül,uz.servinaz.adila.gul40@hotnail.com,0539 904 90 27,01-15-2023,01-23-2025,Kocasinan - Kayseri - Türkiye,$359.44,USD,59,Beauty & Personal Care,Regular
472,Uz. Gülnaziye Şehza Yaman, uz.gulnaziye.sehza.yaman472@example.com ,+90 524 042 26 93,2025-07-23,2025-11-05,Meram - Konya,₺134,TRY,27,Sports & Outdoors,Budget
90,Aru Safet Bilir Zorlu,aru.safet.bilir.zorlu90@example.com,+905344843443,2022-01-29,04-11-2026,Eyyübiye - Şanlıurfa - Türkiye,$361.73,USD,63,Home & Garden,Regular
464,Sücaettin Kısakürek, sucaettin.kisakurek464@example.com ,+90 510 825 55 98,23/07/2022,19/11/2025,Kayseri - Türkiye,₺207,TRY,41,Groceries,Budget
363,Çev. Alkor Yaman, cev.alkor.yaman363@example.com ,+90502277707,2022-09-01,2025-03-11,Eyyübiye - Şanlıurfa,"167,55",,33,Sports & Outdoors,Budget
402,Prof. Tartış Yorulmaz,prof.tartis.yorulmaz402@yaho.com,+90  555   877 74  96 ,2022-05-16,03-25-2026,"Türkiye, Manisa",$401.87,USD, 68 ,Beauty & Personal Care,Regular
344,Kerman Ertaş, kerman.ertas344@example.com ,+90502706345,2022-09-20,01-09-2026,Keçiören - Ankara - Türkiye,"111,56",, 23 ,Books,Budget
419,Kutay Afer Hayrioğlu Aksu,kutay.afer.hayrioglu.aksu419@hotnail.com,+905625257750,07-15-2022,31/01/2026,"Türkiye, Bursa, Osmangazi",₺347,TRY,55,Clothing,Regular
462,Ortak Ömür Duran Karadeniz,ortak.omur.duran.karadeniz462@outlok.com,+90 541 454 56 35,2025-09-06,2026-02-04,"Türkiye, Denizli, Pamukkale","179,50",,29,Clothing,Budget
332,Berran İnönü,berran.inonu332@outlok.com,+90  534   911 41  52 ,11-02-2025,2026-04-30,"Türkiye, Gaziantep, Şahinbey",277 TL,TRY,52,Beauty & Personal Care,Budget
24,Dr. Günkurt Şanlı Öcalan, dr.gunkurt.sanli.ocalan24@example.com ,+905436295777,02-28-2022,03-02-2025,Üsküdar - İstanbul - Türkiye,$232.40,USD,31,Clothing,Regular
94,Şevketfeza Yosma Yılmaz,sevketfeza.yosma.yilmaz94@example.com,+905620372400,10/04/2024,2025-09-13,"Türkiye, Ankara, Çankaya","359,07",, 54 ,Beauty & Personal Care,Regular
11,Ceyhun Çorlu,ceyhun.corlu11@yaho.com,+90  510   651 33  38 ,06-08-2023,"September 11, 2025",Yenimahalle - Ankara - Türkiye,₺171,TRY,26,Groceries,Regular
244,Çev. Özerdinç Özinal Şener, cev.ozerdinc.ozinal.sener244@example.com ,+90  541   686 22  78 ,11-02-2024,2025-05-17,"Türkiye, Kayseri","308,84",,49,Home & Garden,Regular
214,Aygutalp Arslan,aygutalp.arslan214@example.com,+90562137213,2023-09-14,2025-06-20,"Türkiye, Kayseri","374,99",,68,Electronics,Budget
304,Filit Idık Arsoy,filit.idik.arsoy304@gmial.com,+90  548   640 15  57 ,23/03/2023,11-03-2025,Tepebaşı - Eskişehir - Türkiye,"288,52",,,Home & Garden,Regular
249,Sehel Edaviye Ertaş,sehel.edaviye.ertas249@hotnail.com,+90555548404,10-12-2023,09/10/2025,"Türkiye, Adana, Seyhan",433 TL,TRY,74,Home & Garden,New
1,Akar Ziyaettin Aslan Yüksel,akar.ziyaettin.aslan.yuksel1@example.com,+90  543   321 81  96 ,10-08-2025,28/05/2026,Nilüfer - Bursa - Türkiye,80 TL,TRY,19,Toys & Games,Budget
462,Ortak Ömür Duran Karadeniz,ortak.omur.duran.karadeniz462@example.com,0541 454 56 35,06/09/2025,07/03/2026,"Türkiye, Denizli, Pamukkale",₺134,TRY,29,Home & Garden,Budget
260,Boztaş Gürelcem Seven Sezer, boztas.gurelcem.seven.sezer260@example.com ,+90533977619,08-01-2022,2025-08-04,Manisa - Türkiye,"89,71",,18,Home & Garden,Budget
452,Güçyeter Çorlu, gucyeter.corlu452@example.com ,0596 727 57 84,05-27-2024,20/08/2025,"Türkiye, Samsun, İlkadım",$256.47,USD,45,Electronics,Regular
311,Zöhrehan Ferhan Erdoğan,zohrehan.ferhan.erdogan311@yaho.com,+90 556 265 65 04,2024-01-06,19/10/2025,Kayapınar - Diyarbakır - Türkiye,201 TL,TRY,forty,Toys & Games,Budget
1,Akar Ziyaettin Aslan Yüksel,akar.ziyaettin.aslan.yuksel1@hotnail.com,+90  543   321 81  96 ,"October 08, 2025",25/04/2026,Nilüfer - Bursa - Türkiye,₺77,TRY,19,Home & Garden,Budget
268,Ferihan Dumanlı,ferihan.dumanli268@yaho.com,+90  553   344 85  71 ,02/06/2024,01-16-2025,"Türkiye, İzmir, Bornova",$134.57,USD,27,Home & Garden,Budget
43,Türknur Şennur Akar,turknur.sennur.akar43@example.com,+905109424808,08-30-2023,"December 16, 2025","Türkiye, Trabzon, Ortahisar",134 TL,TRY,23,Electronics,Budget
221,Çev. İnsaf İnönü Fırat,cev.insaf.inonu.firat221@example.com,+905085627177,06/03/2024,15/05/2026,"Türkiye, Antalya, Muratpaşa",334 TL,TRY,62,Clothing,Budget
358,Eyyüp Akdeniz,eyyup.akdeniz358@gmial.com,+90559266185,"May 08, 2023",2025-07-24,Bornova - İzmir - Türkiye,₺308,TRY,61,Electronics,Budget
383,Elvan Çisem Yorulmaz Zengin,elvan.cisem.yorulmaz.zengin383@example.com,+90562605641,"April 22, 2025",16/05/2025,Üsküdar - İstanbul - Türkiye,177 TL,TRY,24,Electronics,Regular
382,Mengi Sakarya,mengi.sakarya382@example.com,0543 397 18 95,2023-09-12,2026-01-06,"Ankara, Yenimahalle","269,13",, 55 ,Electronics,Budget
152,Bayan Çolpan Hurican Çamurcuoğlu Akdeniz, bayan.colpan.hurican.camurcuoglu.akdeniz152@example.com ,+90 504 078 59 32,2025-05-21,08-02-2025,Şehzadeler - Manisa - Türkiye,"204,24",,33,Books,Regular
301,Alice'); DROP TABLE cleaned_records;--,cetinsu.temizkal.demirel.bilge301@example.com,0542 799 07 72,01-02-2022,09-19-2025,Şişli - İstanbul - Türkiye,$202.33,USD,43,Books,Budget
477,Serda Akçay,serda.akcay477@gmial.com,+905526761196,2021-11-15,24/04/2025,"Antalya, Muratpaşa",195 TL,TRY, 35 ,Sports & Outdoors,Budget
116,Kaygusuz Akver Akdeniz Güçlü,kaygusuz.akver.akdeniz.guclu116@yaho.com,+90543142626,03-04-2024,02-09-2026,Karşıyaka - İzmir - Türkiye,₺210,TRY,41,Beauty & Personal Care,Budget
208,Hürdoğan Sezgin, hurdogan.sezgin208@example.com ,+905432225713,"August 16, 2023",13/10/2025,Şanlıurfa - Türkiye,"380,97",, 69 ,Groceries,Budget
175,Koldan Zengin,koldan.zengin175@hotnail.com,+90 543 292 71 29,08/07/2023,03-16-2025,"Türkiye, Denizli, Pamukkale","361,69",, 58 ,Home & Garden,Regular
392,Asiman Akçay,asiman.akcay392@example.com,+905300687506,2024-11-09,"January 09, 2026",Yenimahalle - Ankara - Türkiye,219 TL,TRY,39,Groceries,Budget
337,İlklima Kısakürek,ilklima.kisakurek337@hotnail.com,+90  547   786 60  32 ,2024-06-02,"January 19, 2026","Türkiye, Kayseri, Kocasinan",₺159,TRY,26,Beauty & Personal Care,Budget
90,Aru Safet Bilir Zorlu,aru.safet.bilir.zorlu90@yaho.com,0533 484 34 43,29/01/2022,06/07/2025,Eyyübiye - Şanlıurfa - Türkiye,"371,19",,63,Sports & Outdoors,Regular
269,Dr. Asiman Şener Tevetoğlu,dr.asiman.sener.tevetoglu269@outlok.com,+90  542   493 21  49 ,19/01/2024,"September 13, 2025","Türkiye, Bursa, Nilüfer",303 TL,TRY,52,Sports & Outdoors,Regular
97,Lezize Tevetoğlu,lezize.tevetoglu97@outlok.com,+90539165180,24/07/2025,2026-04-11,Yakutiye - Erzurum - Türkiye,"270,63",,48,Beauty & Personal Care,Budget
192,Permun Akça Demirel,permun.akca.demirel192@example.com,0535 989 33 47,2024-12-14,2026-04-13,Meram - Konya - Türkiye,$323.61,USD,61,Books,Budget
392,Asiman Akçay,asiman.akcay392@example.com,+90534687506,09/11/2024,16/05/2025,Yenimahalle - Ankara - Türkiye,179 TL,TRY,39,Clothing,Budget
472,Uz. Gülnaziye Şehza Yaman,uz.gulnaziye.sehza.yaman472@example.com,+90524042293,"July 23, 2025",03-05-2026,"Türkiye, Konya",$123.63,USD, 27 ,Clothing,Budget
268,Ferihan Dumanlı,ferihan.dumanli268@example.com,+90  553   344 85  71 ,02/06/2024,"February 26, 2026","Türkiye, İzmir, Bornova",₺159,TRY,27,Electronics,Budget
388,Öğr. Deryanur Ergül Akdeniz,ogr.deryanur.ergul.akdeniz388@example.com,0500 268 76 81,2022-04-23,12-04-2025,"Türkiye, İstanbul","309,47",,59,Electronics,Budget
256,Öğr. Rafih Şensoy,ogr.rafih.sensoy256@gmial.com,+905965695988,05-09-2022,07/03/2026,"Türkiye, Gaziantep",575 TL,TRY,74,Clothing,Premium
461,Galip Akdeniz, galip.akdeniz461@example.com ,+90510684335,2023-07-24,09-18-2025,Şehzadeler - Manisa - Türkiye,₺257,TRY,48,Sports & Outdoors,Budget
30,Erdibay Korutürk, erdibay.koruturk30@example.com ,+90  510   033 09  23 ,29/03/2025,"February 12, 2026","Türkiye, Samsun, İlkadım",276 TL,TRY,48,Sports & Outdoors,Regular
255,Ünsever Türk, unsever.turk255@example.com ,+905728976267,2023-04-17,08/11/2025,"Türkiye, Samsun, İlkadım",132 TL,TRY,26,Sports & Outdoors,Budget
410,Çıvgın Yaman, civgin.yaman410@example.com ,0572 994 93 87,27/05/2024,2026-01-21,"Türkiye, Kayseri, Kocasinan",161 TL,TRY,30,Electronics,Budget
172,Bayan Oluş Şama Ülker,bayan.olus.sama.ulker172@hotnail.com,+90  558   428 24  17 ,25/03/2025,01-28-2026,Şehitkamil - Gaziantep - Türkiye,$354.15,USD, 65 ,Groceries,Budget
25,Eflâtun İlgi Türk, efltun.ilgi.turk25@example.com ,+905489413433,14/02/2025,"February 26, 2025",Seyhan - Adana - Türkiye,₺98,TRY,19,Beauty & Personal Care,Budget
442,Arş. Gör. Fatinur Yorulmaz Dumanlı,ars.gor.fatinur.yorulmaz.dumanli442@hotnail.com,+90 530 276 42 08,10-01-2023,08-05-2025,Şehzadeler - Manisa - Türkiye,₺265,TRY,39,Sports & Outdoors,Regular
203,Musaffa Akdeniz,musaffa.akdeniz203@yaho.com,+90 541 108 09 96,2021-08-20,"May 27, 2026",Kayseri,"326,43",,55,Beauty & Personal Care,Budget
410,Çıvgın Yaman, civgin.yaman410@example.com ,+905729949386,05-27-2024,2025-06-03,"Türkiye, Kayseri, Kocasinan",₺196,TRY,30,Groceries,Budget
230,Koçak Soylu, kocak.soylu230@example.com ,+90 547 807 74 06,2024-04-22,08/02/2026,Kepez - Antalya - Türkiye,266 TL,TRY,56,Home & Garden,Budget
64,Okt. Safinaz Revza Ertaş, okt.safinaz.revza.ertas64@example.com ,+90 596 641 60 52,2022-06-26,"January 15, 2025",İlkadım - Samsun - Türkiye,482 TL,TRY,47,Books,Premium
350,Av. Işıman Ayvas Tarhan, av.isiman.ayvas.tarhan350@example.com ,+905572178624,04-17-2025,10-26-2025,Ortahisar - Trabzon - Türkiye,₺211,TRY, 38 ,Books,Budget
86,Hayel Eraslan,hayel.eraslan86@example.com,0516 245 65 06,2025-08-30,01/10/2025,"Türkiye, Erzurum, Yakutiye",329 TL,TRY,54,Books,Regular
47,Bayan Dilfeza İhsanoğlu Arsoy,bayan.dilfeza.ihsanoglu.arsoy47@example.com,+90545915865,2022-06-08,02-27-2026,Ortahisar - Trabzon - Türkiye,$501.21,USD,63,Home & Garden,Premium
331,Dilşat Ertaş,dilsat.ertas331@hotnail.com,+90  559   056 16  55 ,2023-08-22,2026-04-14,Kepez - Antalya - Türkiye,$209.99,USD,40,Clothing,Budget
415,Benek Permun Bilge Korutürk, benek.permun.bilge.koruturk415@example.com ,0509 006 33 53,10-29-2024,02-20-2026,Yenimahalle - Ankara - Türkiye,$89.82,USD,23,Books,Budget
302,Mishat Buyrukhan Sezer Hançer, mishat.buyrukhan.sezer.hancer302@example.com ,+905016780464,01-13-2022,02-28-2025,Samsun - Türkiye,₺363,TRY,57,Books,Regular
85,Kader Bilir,kader.bilir85@example.com,+90533950079,13/04/2022,03-29-2026,Ortahisar - Trabzon - Türkiye,₺360,TRY,61,Books,Regular
280,Fazul Gül, fazul.gul280@example.com ,+90547128142,2022-06-30,12-22-2025,"Türkiye, Manisa, Şehzadeler","180,33",,thirty-five,Books,Budget
70,Aliihsan Tunahan Duran Karadeniz,aliihsan.tunahan.duran.karadeniz70@gmial.com,+905359774682,08-08-2023,03-16-2026,"Türkiye, Malatya, Yeşilyurt",₺310,TRY,28,Groceries,Premium
129,Jankat Şafak,jankat.safak129@outlok.com,+90540438279,2021-10-14,"October 19, 2025",Eyyübiye - Şanlıurfa - Türkiye,551 TL,TRY,67,Books,Premium
367,Sevican Asu Yorulmaz,sevican.asu.yorulmaz367@gmial.com,0574 550 84 28,2022-07-24,28/05/2025,"Türkiye, Malatya, Yeşilyurt",319 TL,TRY,60,Clothing,Budget
125,Ayduru Sakarya,ayduru.sakarya125@yaho.com,+90 562 266 09 37,2022-08-18,2026-03-16,"Diyarbakır, Kayapınar","269,42",,45,Groceries,Regular
430,Öğr. Özdeş İnönü Zengin,ogr.ozdes.inonu.zengin430@yaho.com,0546 225 22 37,12-05-2024,07-21-2025,"Türkiye, Malatya, Yeşilyurt",320 TL,TRY,50,Groceries,New
60,Çev. Tüzeer Nurullah Bilir,cev.tuzeer.nurullah.bilir60@example.com,+90 556 049 45 19,"February 07, 2023","February 09, 2025",Şehzadeler - Manisa - Türkiye,₺159,TRY,31,Books,Budget
409,Giz Akça,giz.akca409@yaho.com,+90  562   128 67  16 ,2024-10-16,2025-04-07,"Türkiye, Şanlıurfa, Eyyübiye",₺306,TRY,26,Beauty & Personal Care,Premium
458,Arş. Gör. Nevsale Alsoy Arsoy, ars.gor.nevsale.alsoy.arsoy458@example.com ,+905056902744,2023-03-23,12-03-2025,"Türkiye, Trabzon, Ortahisar",₺292,TRY,23,Toys & Games,Premium
374,Servinaz Tülin Tevetoğlu, servinaz.tulin.tevetoglu374@example.com ,0534 108 56 28,"December 01, 2022",29/07/2025,Samsun - Türkiye,$190.67,USD,36,Electronics,Budget
377,Öğr. Hanedan İmam Ertaş,ogr.hanedan.imam.ertas377@example.com,+90562282772,12-25-2022,11/02/2025,"Türkiye, Kayseri, Melikgazi","162,36",,twenty-five,Books,Regular
204,Av. Atnan Eşref Akgündüz,av.atnan.esref.akgunduz204@example.com,+90  548   872 56  39 ,02/11/2021,"April 26, 2025",Ankara,$386.63,USD, 72 ,Books,Budget
84,Tayaydın Atalay Seven,tayaydin.atalay.seven84@hotnail.com,+905595227877,"March 21, 2024",2026-06-14,"Türkiye, Konya, Meram",₺241,TRY,49,Clothing,Budget
31,İlklima Şafak, ilklima.safak31@example.com ,+90 574 529 91 24,2025-05-05,04-30-2026,İpekyolu - Van - Türkiye,281 TL,TRY,fifty-five,Toys & Games,Budget
150,Çapkan Bilge,capkan.bilge150@gmial.com,+905014626583,05-31-2022,"December 30, 2025","Türkiye, Denizli, Pamukkale",₺399,TRY,69,Beauty & Personal Care,Regular
188,Nafii Sezer, nafii.sezer188@example.com ,+90  510   272 61  49 ,06/11/2024,2025-11-15,Diyarbakır - Türkiye,151 TL,TRY,thirty,Groceries,Budget
424,Dr. Oymak Şener,dr.oymak.sener424@example.com,+905746897157,2021-12-09,02-28-2025,"Türkiye, Diyarbakır, Kayapınar",$279.83,USD, 48 ,Toys & Games,Budget
18,Av. Azettin Kavurt Aslan,av.azettin.kavurt.aslan18@outlok.com,+90  540   164 00  52 ,2022-05-18,"December 15, 2025","Türkiye, Mersin, Toroslar",₺191,TRY,34,Beauty & Personal Care,Budget
464,Sücaettin Kısakürek, sucaettin.kisakurek464@example.com ,+90510825598,07-23-2022,2025-11-22,Melikgazi - Kayseri - Türkiye,₺230,TRY,41,Home & Garden,Budget
127,Kaşif Seydo Akar Eraslan, kasif.seydo.akar.eraslan127@example.com ,+90 596 969 15 57,06-27-2022,06/05/2025,"Türkiye, Şanlıurfa, Eyyübiye",₺309,TRY,29,Books,Premium
331,Dilşat Ertaş, dilsat.ertas331@example.com ,+905590561055,08-22-2023,"April 09, 2026","Türkiye, Antalya, Kepez",$199.03,USD,40,Clothing,Budget
2,Uz. Zamir Açıkel Tarhan,uz.zamir.acikel.tarhan2@yaho.com,+90  516   184 95  93 ,2021-12-31,22/03/2025,"Türkiye, Gaziantep, Şahinbey",₺106,TRY,22,Beauty & Personal Care,Budget
337,İlklima Kısakürek,ilklima.kisakurek337@outlok.com,+90477866032,02/06/2024,02-22-2025,Kocasinan - Kayseri - Türkiye,$107.88,USD,26,Sports & Outdoors,Budget
139,Seçgül Dumanlı,secgul.dumanli139@example.com,+90575884524,02/11/2021,08/07/2025,Bornova - İzmir - Türkiye,$378.47,USD,74,Home & Garden,Budget
259,Mujde Ülker,mujde.ulker259@example.com,0512 309 40 77,2023-02-25,08-29-2025,"Türkiye, Malatya, Yeşilyurt",449 TL,TRY, 52 ,Clothing,Premium
264,Vacibe Alemdar Yılmaz,vacibe.alemdar.yilmaz264@hotnail.com,+905344164885,"August 25, 2021",27/09/2025,"Türkiye, Konya, Selçuklu",₺65,TRY, 18 ,Home & Garden,Budget
160,Hasret Kumral Şama, hasret.kumral.sama160@example.com ,0534 902 11 58,2023-08-18,2026-02-07,"Türkiye, Adana",₺412,TRY,66,Electronics,Regular
344,Kerman Ertaş,kerman.ertas344@hotnail.com,0502 720 63 45,2022-09-20,"August 13, 2025","Türkiye, Ankara, Keçiören",$85.60,USD,23,Clothing,Budget
86,Hayel Eraslan,hayel.eraslan86@yaho.com,+90 516 245 65 06,30/08/2025,21/12/2025,Yakutiye - Erzurum - Türkiye,"342,84",,54,Groceries,Regular
264,Vacibe Alemdar Yılmaz, vacibe.alemdar.yilmaz264@example.com ,+90534144885,08-25-2021,27/01/2026,Selçuklu - Konya - Türkiye,$84.91,USD,18,Clothing,Budget
62,Öğr. Sonnur Sezgin Seven,ogr.sonnur.sezgin.seven62@hotnail.com,+90599102290,03/03/2022,12/12/2025,İstanbul,$101.52,USD,23,Home & Garden,Budget
128,Yamin Merzuk Yılmaz, yamin.merzuk.yilmaz128@example.com ,+90 557 905 07 23,18/10/2023,09-24-2025,Melikgazi - Kayseri - Türkiye,₺308,TRY,53,Clothing,Regular
353,Dr. Gülşa Şahinder Yıldırım Yorulmaz,dr.gulsa.sahinder.yildirim.yorulmaz353@example.com,0512 151 34 22,09-29-2021,15/03/2025,Kayapınar - Diyarbakır - Türkiye,464 TL,TRY,50,Sports & Outdoors,Premium
223,Okt. Cebesoy Gökay Yılmaz,okt.cebesoy.gokay.yilmaz223@example.com,+90564292931,27/11/2021,17/09/2025,Atakum - Samsun - Türkiye,₺362,TRY,35,Beauty & Personal Care,Premium
161,Zeride Çorlu,zeride.corlu161@outlok.com,+90560898992,"April 10, 2025",21/08/2025,"Türkiye, Erzurum, Yakutiye",₺405,TRY,66,Groceries,Regular
146,Möhsim Seven, mohsim.seven146@example.com ,+90555743129,2025-05-03,09/03/2025,Karşıyaka - İzmir - Türkiye,133 TL,TRY,27,Toys & Games,Budget
106,Uğurkan Akçay,ugurkan.akcay106@example.com,+903587717535,"March 12, 2024",2025-10-10,Kocasinan - Kayseri - Türkiye,"226,33",, 44 ,Beauty & Personal Care,Budget
277,Kayrabay Akar,kayrabay.akar277@example.com,+905519712247,"January 19, 2023",02-18-2025,"Türkiye, Van, İpekyolu",$153.13,USD,23,Groceries,Regular
415,Benek Permun Bilge Korutürk, benek.permun.bilge.koruturk415@example.com ,+905090063853,10-29-2024,"March 27, 2026","Türkiye, Ankara, Yenimahalle",₺136,TRY,23,Beauty & Personal Care,Budget
106,Uğurkan Akçay,ugurkan.akcay106@gmial.com,+90587717535,2024-03-12,04-30-2025,"Türkiye, Kayseri, Kocasinan",₺211,TRY,44,Home & Garden,Budget
117,Öğr. İdiris Münif Ergül,ogr.idiris.munif.ergul117@gmial.com,+90  575   412 12  67 ,2022-10-29,04/02/2025,"İstanbul, Üsküdar",303 TL,TRY,,Electronics,Regular
112,Yrd. Doç. Fehmiye Havali Bilge,yrd.doc.fehmiye.havali.bilge112@hotnail.com,0501 489 02 50,2024-10-14,2025-07-11,"Türkiye, Denizli, Pamukkale",$257.42,USD,55,Toys & Games,Budget
357,Okt. Öngen Bilgen Çetin,okt.ongen.bilgen.cetin357@example.com,+90 551 583 77 67,11/06/2024,2026-04-29,"Türkiye, Kayseri, Melikgazi","343,19",,54,Toys & Games,Regular
167,Çoğay Durdu,cogay.durdu167@yaho.com,+905347972798,27/12/2023,2025-07-27,"Türkiye, Bursa, Nilüfer",₺194,TRY, 40 ,Electronics,Budget
18,Av. Azettin Kavurt Aslan,av.azettin.kavurt.aslan18@gmial.com,+905491640052,"May 18, 2022",05-23-2026,Toroslar - Mersin - Türkiye,"185,86",,34,Toys & Games,Budget
4,Akdora Aygutalp Bilir,akdora.aygutalp.bilir4@outlok.com,+905503056412,10-08-2022,2026-03-21,Yakutiye - Erzurum - Türkiye,$571.11,USD,74,Groceries,Premium
200,Sevim Fayize Şafak Akçay,sevim.fayize.safak.akcay200@yaho.com,+90129087814,2022-03-08,2025-10-20,"Türkiye, Samsun, İlkadım","74,95",,22,Beauty & Personal Care,Budget
21,Tanbay Şener, tanbay.sener21@example.com ,+90  542   940 19  65 ,2021-11-11,2026-03-24,Kadıköy - İstanbul - Türkiye,382 TL,TRY,68,Clothing,Budget
266,Dr. Selime İnönü Yorulmaz,dr.selime.inonu.yorulmaz266@example.com,+90582357845,20/08/2021,2025-09-20,"Türkiye, Adana, Çukurova",₺414,TRY,73,Clothing,Budget
110,Aygönenç Neslinur Bilir Tarhan,aygonenc.neslinur.bilir.tarhan110@example.com,+90 554 615 67 93,01-15-2022,"December 07, 2025",Şehzadeler - Manisa - Türkiye,₺130,TRY,32,Books,Budget
237,Tandoğdu Zeynelabidin Sakarya, tandogdu.zeynelabidin.sakarya237@example.com ,+90  537   170 58  65 ,12-23-2021,05/02/2025,"Türkiye, Denizli, Pamukkale",315 TL,TRY,twenty-one,Toys & Games,Premium
43,Türknur Şennur Akar,turknur.sennur.akar43@example.com,+905109324803,"August 30, 2023","September 26, 2025","Türkiye, Trabzon, Ortahisar",₺95,TRY,23,Electronics,Budget
122,Zehranur Şama Akça,zehranur.sama.akca122@example.com,+90342661797,2022-09-07,"December 22, 2025","Türkiye, Erzurum, Yakutiye",₺282,TRY, 43 ,Books,Regular
8,Çerçi Sezgin, cerci.sezgin8@example.com ,+90 582 489 63 83,2021-12-13,"February 24, 2025",Kepez - Antalya - Türkiye,₺230,TRY,37,Books,Regular
280,Fazul Gül,fazul.gul280@example.com,+90  547   128 14  42 ,"June 30, 2022","November 05, 2025",Şehzadeler - Manisa - Türkiye,"196,00",, 35 ,Beauty & Personal Care,Budget
268,Ferihan Dumanlı, ferihan.dumanli268@example.com ,+90  553   344 85  71 ,"June 02, 2024","April 16, 2026","Türkiye, İzmir, Bornova","126,16",,27,Beauty & Personal Care,Budget
37,Uraltay Gül, uraltay.gul37@example.com ,+90 582 400 84 27,2025-05-16,"June 03, 2025","Türkiye, Kayseri, Melikgazi","378,18",,73,Groceries,Budget
14,Arş. Gör. Edaviye Nuriyet Çorlu Durmuş,ars.gor.edaviye.nuriyet.corlu.durmus14@gmial.com,0550 097 88 20,06/02/2023,01/01/2026,Yenimahalle - Ankara - Türkiye,311 TL,TRY,23,Books,Premium
332,Berran İnönü,berran.inonu332@example.com,+90  534   911 41  52 ,11-02-2025,2026-04-11,Gaziantep - Türkiye,₺298,TRY,52,Electronics,Budget
251,Öğr. Bezek Tevetoğlu Türk,ogr.bezek.tevetoglu.turk251@outlok.com,+90  564   957 82  32 ,2022-09-10,2026-01-06,"Türkiye, Gaziantep, Şahinbey",$296.60,USD, 52 ,Clothing,Regular
31,İlklima Şafak,ilklima.safak31@example.com,+90574299124,05-05-2025,"June 29, 2026","Türkiye, Van",₺300,TRY,55,Books,Budget
40,Uz. Servinaz Adila Gül,uz.servinaz.adila.gul40@hotnail.com,+90 539 904 90 27,01-15-2023,"April 05, 2026","Türkiye, Kayseri, Kocasinan",₺325,TRY,59,Beauty & Personal Care,Regular
304,Filit Idık Arsoy, filit.idik.arsoy304@example.com ,+90 548 640 15 57,23/03/2023,2025-05-22,"Türkiye, Eskişehir, Tepebaşı","285,51",,50,Books,Regular
154,Selmin Mansız,selmin.mansiz154@example.com,+90559929378,18/12/2024,2025-07-29,"Türkiye, Van, İpekyolu","234,71",,,Groceries,Budget
236,İncifir Sanavber Hançer,incifir.sanavber.hancer236@example.com,0535 186 38 78,31/01/2025,2025-06-04,Eyyübiye - Şanlıurfa - Türkiye,$304.87,USD,57,Electronics,Budget
410,Çıvgın Yaman, civgin.yaman410@example.com ,+90 572 994 93 87,05-27-2024,11/05/2026,"Türkiye, Kayseri, Kocasinan",142 TL,TRY,30,Groceries,Budget
106,Uğurkan Akçay,ugurkan.akcay106@hotnail.com,+90 558 771 75 35,"March 12, 2024",2025-11-18,"Kayseri, Kocasinan",₺250,TRY,,Beauty & Personal Care,Budget
153,Mücellib Bektaşi Sezgin Ertaş, mucellib.bektasi.sezgin.ertas153@example.com ,+905696522395,2021-10-23,14/05/2025,Mersin - Türkiye,"375,78",,62,Toys & Games,Regular
51,Başok Ülker,basok.ulker51@outlok.com,+905090964395,20/09/2024,02-01-2025,"Türkiye, Trabzon","305,42",,,Toys & Games,Budget
5,Arş. Gör. Sıylıhan Akbaş Durmuş,ars.gor.siylihan.akbas.durmus5@example.com,+90  596   965 32  87 ,06-09-2025,23/12/2025,Meram - Konya - Türkiye,"330,32",,66,Books,Budget
335,Alaz Eraslan Duran,alaz.eraslan.duran335@example.com,+90 551 484 68 53,"August 17, 2023",05-17-2026,"Türkiye, Van, İpekyolu",219 TL,TRY,43,Books,Budget
347,Robert'); DROP TABLE customers;--,ivecen.oganer.mansiz.seven347@example.com,0534 206 96 94,2025-02-10,11-27-2025,Bornova - İzmir - Türkiye,$191.32,USD,23,Books,New
245,Mazlum Demir,mazlum.demir245@gmial.com,+90 559 042 59 79,2025-02-17,"June 15, 2025","Türkiye, Van, İpekyolu",₺237,TRY,46,Groceries,Budget
420,Av. Nevsale Birsan Şafak Akdeniz,av.nevsale.birsan.safak.akdeniz420@yaho.com,0532 630 39 75,2025-03-13,03-14-2025,Malatya - Türkiye,"152,69",,35,Sports & Outdoors,Budget
17,Prof. Ferzi Asım Akdeniz,prof.ferzi.asim.akdeniz17@outlok.com,+905419824493,2021-12-04,09/05/2026,"Türkiye, Bursa, Nilüfer",199 TL,TRY,39,Books,Budget
107,Sancak Türk,sancak.turk107@yaho.com,+90  504   899 64  23 ,"February 06, 2024","June 15, 2025",Şahinbey - Gaziantep - Türkiye,209 TL,TRY,32,Groceries,Regular
100,Tülin Soylu,tulin.soylu100@hotnail.com,+90506738328,2024-04-29,2025-01-18,"Türkiye, Ankara, Çankaya",345 TL,TRY,thirty-two,Groceries,Premium
358,Eyyüp Akdeniz, eyyup.akdeniz358@example.com ,+90592661085,05-08-2023,"April 12, 2026","Türkiye, İzmir, Bornova",₺335,TRY,61,Beauty & Personal Care,Budget
116,Kaygusuz Akver Akdeniz Güçlü,kaygusuz.akver.akdeniz.guclu116@example.com,0543 114 26 26,04/03/2024,2026-06-21,Karşıyaka - İzmir - Türkiye,"215,92",,41,Home & Garden,Budget
3,Suat Şafak, suat.safak3@example.com ,0553 419 28 32,05-11-2023,2025-08-19,Şehitkamil - Gaziantep - Türkiye,"210,05",,42,Clothing,Budget
354,Heva Yaman, heva.yaman354@example.com ,+905520177744,05/04/2022,2026-02-07,"Türkiye, Van, İpekyolu",$79.47,USD,18,Electronics,Budget
253,Aydinç Bilgin, aydinc.bilgin253@example.com ,+90 552 056 64 74,"February 04, 2025",13/03/2025,Nilüfer - Bursa - Türkiye,$377.39,USD,67,Books,Budget
56,Soykut Durmuş, soykut.durmus56@example.com ,+90 553 773 51 58,2022-05-02,2025-02-04,"Türkiye, Samsun, Atakum",$203.59,USD, 40 ,Books,Budget
98,Yaşattin Şama, yasattin.sama98@example.com ,+90500478683,2024-07-24,"February 03, 2026","Türkiye, Denizli, Pamukkale",₺255,TRY, 47 ,Books,Budget
221,Çev. İnsaf İnönü Fırat,cev.insaf.inonu.firat221@outlok.com,+905085626187,2024-03-06,10/12/2025,Muratpaşa - Antalya - Türkiye,₺315,TRY,62,Toys & Games,Budget
492,Temirhan Zorlu,temirhan.zorlu492@hotnail.com,+90596056730,10-05-2024,2026-04-15,Kayapınar - Diyarbakır - Türkiye,"365,90",,73,Groceries,Budget
459,Gülay Günar Şama,gulay.gunar.sama459@example.com,+905423414363,2023-04-17,2026-03-17,"Türkiye, Gaziantep, Şahinbey",$540.71,USD,63,Home & Garden,Premium
337,İlklima Kısakürek,ilklima.kisakurek337@example.com,+90  547   786 60  32 ,06-02-2024,28/01/2025,"Türkiye, Kayseri, Kocasinan",$147.28,USD,26,Books,Budget
352,Gülev Demir, gulev.demir352@example.com ,+905142761707,"December 13, 2023",04-13-2026,Eyyübiye - Şanlıurfa - Türkiye,421 TL,TRY,63,Sports & Outdoors,Regular
460,Öğr. Hafıza Yaman Manço,ogr.hafiza.yaman.manco460@example.com,0539 231 26 04,14/11/2024,2026-03-29,Nilüfer - Bursa - Türkiye,₺188,TRY, 27 ,Toys & Games,Regular
337,İlklima Kısakürek,ilklima.kisakurek337@outlok.com,+90547866032,"June 02, 2024",2025-09-28,Kocasinan - Kayseri - Türkiye,₺151,TRY,26,Clothing,Budget
154,Selmin Mansız,selmin.mansiz154@example.com,0559 929 37 84,2024-12-18,"May 02, 2026",İpekyolu - Van - Türkiye,"235,46",,49,Clothing,Budget
166,Bayan Gülsü Sabır Kısakürek, bayan.gulsu.sabir.kisakurek166@example.com ,+905307153457,"February 12, 2023",2026-04-23,Selçuklu - Konya - Türkiye,₺249,TRY,43,Toys & Games,Regular
62,Öğr. Sonnur Sezgin Seven, ogr.sonnur.sezgin.seven62@example.com ,+90  559   910 22  90 ,03/03/2022,06-25-2026,"Türkiye, İstanbul, Kadıköy","131,13",,23,Groceries,Budget
220,Öğr. Doğuhan Korutürk, ogr.doguhan.koruturk220@example.com ,0537 333 43 33,2024-07-19,"July 26, 2025",Mersin,"444,48",,71,Clothing,Regular
332,Berran İnönü, berran.inonu332@example.com ,+90 534 911 41 52,2025-11-02,2026-05-01,"Türkiye, Gaziantep",254 TL,TRY,52,Sports & Outdoors,Budget
489,Dr. Mahter Havse Hançer,dr.mahter.havse.hancer489@outlok.com,+90 505 466 92 75,"January 28, 2023",2025-04-12,İpekyolu - Van - Türkiye,₺444,TRY,72,Groceries,Regular
85,Kader Bilir,kader.bilir85@outlok.com,+90  533   950 04  79 ,04-13-2022,2026-06-16,"Türkiye, Trabzon",340 TL,TRY,61,Groceries,Regular
168,Sunay Yılmaz Akça, sunay.yilmaz.akca168@example.com ,+90  540   602 93  33 ,"February 24, 2022",08/08/2025,"Türkiye, Mersin, Yenişehir",$140.56,USD,31,Toys & Games,Budget
29,Öğr. Sevican Manço Eraslan,ogr.sevican.manco.eraslan29@gmial.com,0555 646 41 70,2021-09-30,"June 20, 2025","Türkiye, Konya, Selçuklu","283,78",,52,Sports & Outdoors,Budget
89,Abdülhadi Ertaş, abdulhadi.ertas89@example.com ,+90 530 756 26 36,02-19-2023,2025-07-07,"Türkiye, Şanlıurfa, Eyyübiye","397,34",,67,Home & Garden,Regular
252,Doç. Musaffa Şehreban Eraslan, doc.musaffa.sehreban.eraslan252@example.com ,+90548629251,28/10/2022,2026-01-06,"Türkiye, Konya, Selçuklu","332,24",,fifty-two,Beauty & Personal Care,New
58,Eflâtun Arcan Akçay, efltun.arcan.akcay58@example.com ,+90 505 395 02 40,03-28-2025,2026-02-26,"Türkiye, İstanbul, Beşiktaş",₺371,TRY,65,Electronics,Regular
301,Alice'); DROP TABLE cleaned_records;--,cetinsu.temizkal.demirel.bilge301@example.com,+90  542   799 07  72 ,02/01/2022,"May 27, 2026",Şişli - İstanbul - Türkiye,₺214,TRY,43,Beauty & Personal Care,Budget
475,Yasan Şehamet Fırat Akdeniz, yasan.sehamet.firat.akdeniz475@example.com ,+90 562 543 61 72,05-01-2025,2025-09-20,"Türkiye, Bursa, Osmangazi",$180.77,USD,32,Beauty & Personal Care,Budget
369,Okanay Yavuz Çamurcuoğlu Dumanlı, okanay.yavuz.camurcuoglu.dumanli369@example.com ,+90 552 137 60 37,2024-01-13,2026-04-11,Kepez - Antalya - Türkiye,$248.68,USD,36,Electronics,Regular
253,Aydinç Bilgin,aydinc.bilgin253@hotnail.com,+90 552 056 64 74,2025-02-04,2025-10-18,"Türkiye, Bursa, Nilüfer",₺380,TRY,,Groceries,Budget
301,Alice'); DROP TABLE cleaned_records;--,cetinsu.temizkal.demirel.bilge301@hotnail.com,0542 799 07 72,01-02-2022,06-09-2026,Şişli - İstanbul - Türkiye,₺242,TRY,43,Beauty & Personal Care,Budget
472,Uz. Gülnaziye Şehza Yaman,uz.gulnaziye.sehza.yaman472@example.com,+906240422693,23/07/2025,06-21-2026,"Türkiye, Konya, Meram",138 TL,TRY, 27 ,Toys & Games,Budget
377,Öğr. Hanedan İmam Ertaş, ogr.hanedan.imam.ertas377@example.com ,+90562827728,2022-12-25,2025-12-14,Melikgazi - Kayseri - Türkiye,"164,82",,twenty-five,Electronics,Regular
280,Fazul Gül, fazul.gul280@example.com ,+90  547   128 14  42 ,2022-06-30,03/06/2025,Şehzadeler - Manisa - Türkiye,189 TL,TRY,35,Toys & Games,Budget
38,Us Sadittin İnönü Aslan,us.sadittin.inonu.aslan38@example.com,+900328120679,25/04/2023,2026-04-25,"Türkiye, Kayseri, Kocasinan",$150.04,USD,36,Sports & Outdoors,Budget
58,Eflâtun Arcan Akçay, efltun.arcan.akcay58@example.com ,0505 395 02 40,2025-03-28,01-05-2026,Beşiktaş - İstanbul - Türkiye,$371.41,USD,65,Clothing,Regular
56,Soykut Durmuş, soykut.durmus56@example.com ,+90  553   773 51  58 ,02/05/2022,"March 03, 2026",Atakum - Samsun - Türkiye,175 TL,TRY,40,Groceries,Budget
292,Dr. Yekbun Sevgen Yılmaz Gül,dr.yekbun.sevgen.yilmaz.gul292@outlok.com,+90 507 100 21 94,2023-08-13,2025-04-20,Kayseri - Türkiye,"512,53",,62,Sports & Outdoors,Premium
461,Galip Akdeniz,galip.akdeniz461@yaho.com,+905106684333,24/07/2023,2025-11-30,"Türkiye, Manisa, Şehzadeler","238,61",,forty-eight,Toys & Games,Budget
392,Asiman Akçay,asiman.akcay392@yaho.com,+90 530 468 75 06,09/11/2024,07/03/2025,"Türkiye, Ankara, Yenimahalle",232 TL,TRY,39,Books,Budget
98,Yaşattin Şama, yasattin.sama98@example.com ,+90  500   478 68  63 ,2024-07-24,13/06/2025,Pamukkale - Denizli - Türkiye,"252,56",,47,Home & Garden,Budget
98,Yaşattin Şama, yasattin.sama98@example.com ,0500 478 68 63,24/07/2024,06/06/2025,"Türkiye, Denizli, Pamukkale","224,31",,47,Electronics,Budget
31,İlklima Şafak,ilklima.safak31@hotnail.com,0574 529 91 24,05/05/2025,2026-02-20,İpekyolu - Van - Türkiye,$302.65,USD,fifty-five,Clothing,Budget
102,Av. Kısmet Aynımah Yılmaz,av.kismet.aynimah.yilmaz102@example.com,+90  534   270 86  68 ,2022-12-23,12/07/2025,"Türkiye, Trabzon, Ortahisar",177 TL,TRY, 26 ,Groceries,Regular
116,Kaygusuz Akver Akdeniz Güçlü, kaygusuz.akver.akdeniz.guclu116@example.com ,+90  543   114 26  26 ,04/03/2024,2025-09-17,Karşıyaka - İzmir - Türkiye,"201,85",,41,Home & Garden,Budget
271,Savni Seven, savni.seven271@example.com ,0596 695 83 21,2021-10-20,"August 30, 2025",Osmangazi - Bursa,386 TL,TRY,63,Sports & Outdoors,Regular
71,Aygutalp İhsanoğlu,aygutalp.ihsanoglu71@gmial.com,+90  540   758 18  14 ,2025-06-24,03-30-2026,Şehzadeler - Manisa - Türkiye,"354,09",,66,Clothing,Budget
238,Teber Bilir,teber.bilir238@example.com,+90558556659,10-16-2022,04-03-2025,Yenişehir - Mersin - Türkiye,₺284,TRY,52,Home & Garden,Budget
118,Haliye Habibe Yıldırım, haliye.habibe.yildirim118@example.com ,+905066183982,08/02/2022,"May 01, 2025",Nilüfer - Bursa,₺198,TRY, 42 ,Beauty & Personal Care,Budget
288,Nüdret Ülker Çetin,nudret.ulker.cetin288@example.com,0539 174 10 11,2022-09-29,2026-02-03,"Türkiye, Erzurum, Yakutiye",$303.75,USD, 64 ,Electronics,Budget
438,Tanyolaç Tevetoğlu,tanyolac.tevetoglu438@hotnail.com,0553 991 56 68,02/07/2023,23/06/2026,Eyyübiye - Şanlıurfa,372 TL,TRY,69,Toys & Games,Budget
79,Çakırca Gücal Yorulmaz,cakirca.gucal.yorulmaz79@example.com,0547 394 73 12,14/07/2025,05/12/2025,"Türkiye, Bursa, Osmangazi",220 TL,TRY,46,Sports & Outdoors,Budget
499,Bayan Nürice Arsoy Eraslan, bayan.nurice.arsoy.eraslan499@example.com ,+90 505 384 44 46,2022-03-05,"March 18, 2025","Türkiye, Denizli",$169.99,USD, 33 ,Beauty & Personal Care,Budget
322,Tekecan Sakarya,tekecan.sakarya322@gmial.com,+90  552   893 89  11 ,09-15-2022,28/04/2026,Mersin - Türkiye,$371.19,USD,66,Home & Garden,Budget
139,Seçgül Dumanlı,secgul.dumanli139@yaho.com,+90  575   884 25  24 ,11-02-2021,"March 05, 2026","Türkiye, İzmir, Bornova",₺391,TRY,74,Home & Garden,Budget
16,Alanalp Ülker,alanalp.ulker16@gmial.com,+90  554   278 49  80 ,16/03/2022,10-05-2025,"Türkiye, Van, İpekyolu",417 TL,TRY,70,Groceries,Regular
488,İzgü Manço, izgu.manco488@example.com ,0551 127 47 47,21/04/2022,2025-12-06,"Türkiye, Mersin, Toroslar","146,29",,26,Electronics,New
486,Öğr. Şöhret Yılmaz Akçay,ogr.sohret.yilmaz.akcay486@hotnail.com,0559 606 33 99,2025-07-12,2026-03-29,Yeşilyurt - Malatya - Türkiye,₺198,TRY,27,Beauty & Personal Care,Regular
261,Çev. Rabbiye Alemdar İnönü,cev.rabbiye.alemdar.inonu261@example.com,+90522499982,25/05/2023,06/02/2025,Yakutiye - Erzurum - Türkiye,₺360,TRY,65,Clothing,Regular
86,Hayel Eraslan,hayel.eraslan86@example.com,+90516245650,30/08/2025,22/01/2026,Yakutiye - Erzurum - Türkiye,₺339,TRY,,Books,Regular
147,Yekda Sezer,yekda.sezer147@example.com,+905561653747,2024-06-18,2026-03-14,Kayapınar - Diyarbakır - Türkiye,"366,41",,72,Books,Budget
201,Şöhret Sezgin,sohret.sezgin201@yaho.com,+90  555   231 49  13 ,2024-03-02,2025-11-22,Meram - Konya - Türkiye,"318,92",,49,Toys & Games,Regular
196,Yıldız Samahat Ülker Arsoy,yildiz.samahat.ulker.arsoy196@yaho.com,0558 112 88 01,2024-10-07,"June 04, 2025",Melikgazi - Kayseri,₺366,TRY, 60 ,Home & Garden,Regular
308,Ekmel Ertaş, ekmel.ertas308@example.com ,+90559274238,12-25-2021,13/12/2025,Şehzadeler - Manisa - Türkiye,₺172,TRY,20,Groceries,Regular
280,Fazul Gül, fazul.gul280@example.com ,0547 128 14 42,"June 30, 2022",2025-02-23,"Türkiye, Manisa",$185.81,USD, 35 ,Toys & Games,Budget
363,Çev. Alkor Yaman,cev.alkor.yaman363@example.com,+90501277707,09-01-2022,04-23-2026,"Türkiye, Şanlıurfa, Eyyübiye","162,52",,33,Sports & Outdoors,Budget
462,Ortak Ömür Duran Karadeniz,ortak.omur.duran.karadeniz462@gmial.com,+90  541   454 56  35 ,2025-09-06,04-26-2026,Pamukkale - Denizli - Türkiye,143 TL,TRY,29,Books,Budget
287,Bayan Muarra Sonnur Demirel, bayan.muarra.sonnur.demirel287@example.com ,+90  542   717 39  62 ,01/05/2022,"February 24, 2025",Eskişehir - Türkiye,250 TL,TRY,49,Clothing,Budget
29,Öğr. Sevican Manço Eraslan,ogr.sevican.manco.eraslan29@example.com,+905556464174,"September 30, 2021",2025-01-30,"Türkiye, Konya, Selçuklu",₺280,TRY,52,Clothing,Budget
268,Ferihan Dumanlı, ferihan.dumanli268@example.com ,0553 344 85 71,06-02-2024,2025-08-21,Bornova - İzmir - Türkiye,"136,19",,27,Home & Garden,Budget
244,Çev. Özerdinç Özinal Şener,cev.ozerdinc.ozinal.sener244@example.com,+90 541 686 22 78,11-02-2024,2026-03-03,"Türkiye, Kayseri, Kocasinan",315 TL,TRY,49,Books,Regular
186,Enes Yaman, enes.yaman186@example.com ,+90 575 354 08 38,05-05-2022,06-23-2025,"Türkiye, Adana, Seyhan",$225.20,USD, 42 ,Electronics,Regular
397,Aydinç Korutürk,aydinc.koruturk397@example.com,+90 538 806 53 33,07-25-2025,16/12/2025,"Türkiye, Manisa, Şehzadeler",$187.57,USD,39,Beauty & Personal Care,Budget
411,Maksüde Hayrioğlu,maksude.hayrioglu411@outlok.com,+90  516   938 59  77 ,2023-05-10,15/03/2025,"Türkiye, Antalya, Kepez",₺324,TRY,54,Toys & Games,Budget
109,Aköz Hançer,akoz.hancer109@example.com,+90544086211,2023-01-04,02-22-2025,"Türkiye, Manisa, Şehzadeler",125 TL,TRY, 27 ,Sports & Outdoors,Budget
179,Muvaffak Hayrioğlu,muvaffak.hayrioglu179@example.com,+90 564 890 90 10,05/09/2025,2026-06-22,"Türkiye, Samsun, İlkadım",$342.66,USD,62,Home & Garden,Budget
3,Suat Şafak,suat.safak3@example.com,+90  553   419 28  32 ,05-11-2023,28/05/2026,Şehitkamil - Gaziantep - Türkiye,₺198,TRY,42,Sports & Outdoors,Budget
147,Yekda Sezer,yekda.sezer147@example.com,+90 556 185 37 47,18/06/2024,"October 26, 2025","Türkiye, Diyarbakır, Kayapınar",$389.63,USD,,Books,Budget
255,Ünsever Türk, unsever.turk255@example.com ,0572 897 52 67,04-17-2023,2025-08-03,"Türkiye, Samsun, İlkadım",$154.79,USD,26,Toys & Games,Budget
267,Ertuncay Durmuş,ertuncay.durmus267@example.com,+90 530 768 10 40,04/02/2022,29/10/2025,Yeşilyurt - Malatya - Türkiye,₺441,TRY, 72 ,Electronics,Regular
363,Çev. Alkor Yaman,cev.alkor.yaman363@outlok.com,+90  501   227 77  07 ,01/09/2022,11-04-2025,"Türkiye, Şanlıurfa, Eyyübiye",$167.03,USD, 33 ,Groceries,Budget
188,Nafii Sezer, nafii.sezer188@example.com ,+90510272649,2024-11-06,"May 10, 2026",Kayapınar - Diyarbakır - Türkiye,129 TL,TRY,30,Electronics,Budget
45,Arş. Gör. Özakan İhsanoğlu,ars.gor.ozakan.ihsanoglu45@example.com,+905064997278,2023-03-27,08/06/2025,Trabzon - Türkiye,"200,95",,40,Sports & Outdoors,Budget
248,Prof. Gökten Tevetoğlu,prof.gokten.tevetoglu248@hotnail.com,0538 780 03 84,2024-01-29,2025-12-28,"Türkiye, Trabzon, Ortahisar",$287.38,USD,49,Books,Regular
353,Dr. Gülşa Şahinder Yıldırım Yorulmaz,dr.gulsa.sahinder.yildirim.yorulmaz353@hotnail.com,+90 512 151 34 22,"September 29, 2021",2025-02-03,Kayapınar - Diyarbakır - Türkiye,$467.85,USD,50,Clothing,Premium
112,Yrd. Doç. Fehmiye Havali Bilge,yrd.doc.fehmiye.havali.bilge112@hotnail.com,+905014894250,2024-10-14,"January 04, 2026",Pamukkale - Denizli - Türkiye,"264,16",, 55 ,Home & Garden,Budget
287,Bayan Muarra Sonnur Demirel,bayan.muarra.sonnur.demirel287@example.com,+90  542   717 39  62 ,05-01-2022,2025-11-02,Eskişehir,264 TL,TRY,49,Clothing,Budget
79,Çakırca Gücal Yorulmaz, cakirca.gucal.yorulmaz79@example.com ,+905373947312,14/07/2025,2025-10-26,"Türkiye, Bursa, Osmangazi",₺249,TRY,46,Sports & Outdoors,Budget
367,Sevican Asu Yorulmaz,sevican.asu.yorulmaz367@hotnail.com,+90575508428,2022-07-24,"July 16, 2025",Yeşilyurt - Malatya - Türkiye,"294,37",,60,Sports & Outdoors,Budget
321,Gürcüye Gülev Mansız Eraslan,gurcuye.gulev.mansiz.eraslan321@example.com,+90501193925,10-14-2025,2026-01-07,Nilüfer - Bursa - Türkiye,86 TL,TRY,23,Toys & Games,Budget
414,Arş. Gör. Sebattin İvecen Ülker, ars.gor.sebattin.ivecen.ulker414@example.com ,+90541621042,"June 24, 2023","December 14, 2025",Şehitkamil - Gaziantep - Türkiye,₺209,TRY,40,Home & Garden,Budget
14,Arş. Gör. Edaviye Nuriyet Çorlu Durmuş, ars.gor.edaviye.nuriyet.corlu.durmus14@example.com ,+90 550 097 88 20,"February 06, 2023","May 07, 2025",Yenimahalle - Ankara - Türkiye,₺299,TRY,23,Clothing,Premium
203,Musaffa Akdeniz, musaffa.akdeniz203@example.com ,+90  541   108 09  96 ,2021-08-20,09-14-2025,Kocasinan - Kayseri - Türkiye,$273.27,USD,55,Sports & Outdoors,Budget
2,Uz. Zamir Açıkel Tarhan,uz.zamir.acikel.tarhan2@gmial.com,+905163849593,31/12/2021,"June 19, 2025","Türkiye, Gaziantep","94,26",,22,Home & Garden,Budget
438,Tanyolaç Tevetoğlu,tanyolac.tevetoglu438@example.com,+90  553   991 56  68 ,2023-07-02,2025-01-14,"Türkiye, Şanlıurfa, Eyyübiye",$363.69,USD,69,Clothing,Budget
136,Rayla Zülbiye Karadeniz, rayla.zulbiye.karadeniz136@example.com ,0552 696 58 27,08-18-2021,"March 31, 2026",Şehitkamil - Gaziantep - Türkiye,90 TL,TRY,22,Sports & Outdoors,Budget
218,Çev. Meryeme Hüda Bilgin Demir,cev.meryeme.huda.bilgin.demir218@outlok.com,+905416339658,11/12/2022,2026-02-23,"Türkiye, Kayseri, Kocasinan","266,31",,18,Toys & Games,Premium
195,Özpınar Selâtin Çetin Türk, ozpinar.seltin.cetin.turk195@example.com ,+90557399306,24/04/2025,2025-05-28,"Türkiye, İstanbul, Kadıköy",247 TL,TRY,42,Clothing,Budget
427,Erinçer Akar,erincer.akar427@example.com,+90524972439,"March 26, 2022",2026-05-17,"Türkiye, Samsun, İlkadım",₺347,TRY,71,Books,Budget
29,Öğr. Sevican Manço Eraslan,ogr.sevican.manco.eraslan29@outlok.com,+90 555 646 41 70,2021-09-30,21/07/2025,Selçuklu - Konya - Türkiye,₺241,TRY,52,Clothing,Budget
98,Yaşattin Şama, yasattin.sama98@example.com ,+905704786863,07-24-2024,2025-09-28,Pamukkale - Denizli - Türkiye,₺238,TRY,47,Toys & Games,Budget
135,Gökperi Mansız Durdu,gokperi.mansiz.durdu135@outlok.com,+90544389836,04-16-2024,02-16-2025,"Türkiye, Gaziantep, Şehitkamil",₺321,TRY,59,Groceries,Budget
410,Çıvgın Yaman,civgin.yaman410@outlok.com,+905529949387,27/05/2024,2025-04-23,Kocasinan - Kayseri - Türkiye,$176.75,USD,thirty,Groceries,Budget
361,Behrem Yılmaz,behrem.yilmaz361@example.com,+90549954122,11-14-2025,31/01/2026,"Türkiye, Trabzon",$122.14,USD, 30 ,Toys & Games,Budget
233,Binay Huban Demir, binay.huban.demir233@example.com ,+905174350313,2022-05-26,"February 14, 2025",Diyarbakır - Türkiye,257 TL,TRY,45,Groceries,Budget
321,Gürcüye Gülev Mansız Eraslan,gurcuye.gulev.mansiz.eraslan321@example.com,+90501199325,10-14-2025,"November 03, 2025","Türkiye, Bursa, Nilüfer","96,74",,23,Groceries,Budget
317,İnançlı Ülker, inancli.ulker317@example.com ,0572 520 45 65,2025-09-04,"February 18, 2026","Türkiye, Antalya",$174.90,USD,36,Clothing,Budget
151,Özakan Mazlum Bilgin Akçay,ozakan.mazlum.bilgin.akcay151@gmial.com,+90 557 875 98 56,"June 07, 2024",2025-08-23,Şişli - İstanbul - Türkiye,"138,00",, 29 ,Electronics,Budget
17,Prof. Ferzi Asım Akdeniz,prof.ferzi.asim.akdeniz17@example.com,+905411824492,04/12/2021,16/07/2025,"Türkiye, Bursa, Nilüfer",206 TL,TRY,39,Toys & Games,Budget
417,Gözel Durdu,gozel.durdu417@yaho.com,0555 206 50 63,2023-05-18,2026-03-27,Odunpazarı - Eskişehir - Türkiye,₺156,TRY, 32 ,Groceries,Budget
438,Tanyolaç Tevetoğlu, tanyolac.tevetoglu438@example.com ,+90  553   991 56  68 ,07-02-2023,2026-02-21,"Türkiye, Şanlıurfa, Eyyübiye","319,48",,69,Books,Budget
240,Uz. Savni Arıel Aksu, uz.savni.ariel.aksu240@example.com ,+90533504888,2022-10-01,12/05/2025,Melikgazi - Kayseri - Türkiye,$260.91,USD, 54 ,Home & Garden,Budget
27,Dirlik Çamurcuoğlu,dirlik.camurcuoglu27@example.com,+90572774387,2022-06-08,29/12/2025,"Türkiye, Antalya, Kepez",$166.36,USD,33,Sports & Outdoors,Budget
370,Atagün Hayrioğlu,atagun.hayrioglu370@hotnail.com,+90565328632,"July 18, 2023",11-02-2025,Bornova - İzmir - Türkiye,"296,52",, 44 ,Toys & Games,New
287,Bayan Muarra Sonnur Demirel,bayan.muarra.sonnur.demirel287@example.com,+905423173962,2022-05-01,2025-02-26,"Eskişehir, Tepebaşı",₺257,TRY,49,Toys & Games,Budget
310,Ülfet Ertaş,ulfet.ertas310@yaho.com,+90  550   939 83  43 ,2025-10-27,06/02/2026,Kayapınar - Diyarbakır - Türkiye,"188,97",,23,Home & Garden,Regular
257,Çev. Gülbani İlper Şafak Şener,cev.gulbani.ilper.safak.sener257@yaho.com,+90  547   264 90  82 ,05-08-2023,14/04/2026,"Türkiye, Ankara",$431.98,USD,71,Home & Garden,Regular
322,Tekecan Sakarya,tekecan.sakarya322@yaho.com,+90 552 893 89 11,15/09/2022,2025-12-17,Toroslar - Mersin - Türkiye,₺322,TRY,66,Groceries,Budget
124,Gözem Zengin,gozem.zengin124@hotnail.com,0505 123 82 82,04/02/2024,01-03-2026,Ortahisar - Trabzon,₺301,TRY,53,Home & Garden,Regular
68,Uz. Sadiye Gülbiye Aslan Ertaş,uz.sadiye.gulbiye.aslan.ertas68@gmial.com,0551 518 64 49,08/02/2025,04-13-2026,Odunpazarı - Eskişehir - Türkiye,"183,28",,39,Toys & Games,Budget
367,Sevican Asu Yorulmaz,sevican.asu.yorulmaz367@yaho.com,+90574508428,24/07/2022,2026-01-08,"Türkiye, Malatya","329,85",,60,Beauty & Personal Care,Budget
446,Öğr. Yazgül Yasemen Mansız Aksu, ogr.yazgul.yasemen.mansiz.aksu446@example.com ,+90  541   926 76  49 ,03-31-2025,"February 16, 2026",Şahinbey - Gaziantep - Türkiye,$101.70,USD,24,Toys & Games,Budget
74,Burakhan Kasim Yılmaz,burakhan.kasim.yilmaz74@gmial.com,+90 572 217 04 30,10-30-2024,28/10/2025,İlkadım - Samsun - Türkiye,366 TL,TRY,74,Groceries,Budget
416,Merzuk Adlan Ertaş,merzuk.adlan.ertas416@example.com,+90 553 131 22 06,01-28-2023,26/04/2026,Kadıköy - İstanbul - Türkiye,"344,76",, 24 ,Beauty & Personal Care,Premium
248,Prof. Gökten Tevetoğlu, prof.gokten.tevetoglu248@example.com ,+90 538 780 03 84,2024-01-29,2025-10-19,Ortahisar - Trabzon - Türkiye,"296,82",,49,Home & Garden,Regular
287,Bayan Muarra Sonnur Demirel,bayan.muarra.sonnur.demirel287@example.com,0542 717 39 62,01/05/2022,06/03/2025,Eskişehir - Türkiye,₺244,TRY,49,Beauty & Personal Care,Budget
238,Teber Bilir, teber.bilir238@example.com ,+905581566593,2022-10-16,05-27-2026,"Türkiye, Mersin, Yenişehir",251 TL,TRY,52,Beauty & Personal Care,Budget
335,Alaz Eraslan Duran, alaz.eraslan.duran335@example.com ,+90551484683,17/08/2023,14/02/2026,İpekyolu - Van - Türkiye,205 TL,TRY,43,Beauty & Personal Care,Budget
117,Öğr. İdiris Münif Ergül,ogr.idiris.munif.ergul117@example.com,0575 412 12 67,10-29-2022,2025-08-02,Üsküdar - İstanbul - Türkiye,$307.19,USD,53,Books,Regular
196,Yıldız Samahat Ülker Arsoy,yildiz.samahat.ulker.arsoy196@yaho.com,+905580128801,"October 07, 2024",2025-08-12,Melikgazi - Kayseri - Türkiye,$342.93,USD,sixty,Groceries,Regular
116,Kaygusuz Akver Akdeniz Güçlü,kaygusuz.akver.akdeniz.guclu116@example.com,+90  543   114 26  26 ,03-04-2024,2025-06-14,Karşıyaka - İzmir - Türkiye,$206.78,USD, 41 ,Home & Garden,Budget
422,Kopan Bilge,kopan.bilge422@yaho.com,+90  502   321 29  83 ,2024-08-16,2026-01-16,Şehitkamil - Gaziantep - Türkiye,265 TL,TRY,50,Electronics,Budget
34,Tekbay Aksu,tekbay.aksu34@yaho.com,+90494808313,11-29-2021,2025-09-18,"Türkiye, Mersin, Toroslar",₺280,TRY,44,Electronics,Regular
288,Nüdret Ülker Çetin, nudret.ulker.cetin288@example.com ,+90  539   174 10  11 ,2022-09-29,23/11/2025,"Türkiye, Erzurum, Yakutiye",335 TL,TRY,64,Toys & Games,Budget
78,Sezal Zahid Duran,sezal.zahid.duran78@outlok.com,+905565432027,17/01/2023,18/11/2025,"Türkiye, Diyarbakır, Kayapınar",270 TL,TRY,42,Home & Garden,New
116,Kaygusuz Akver Akdeniz Güçlü, kaygusuz.akver.akdeniz.guclu116@example.com ,+90  543   114 26  26 ,03-04-2024,02/11/2025,Karşıyaka - İzmir - Türkiye,"222,66",,,Toys & Games,Budget
413,Uz. Kavurt Duran,uz.kavurt.duran413@yaho.com,+90504125777,26/07/2025,"July 26, 2025",Ortahisar - Trabzon - Türkiye,₺167,TRY,23,Home & Garden,Regular
224,Eskinalp Türk, eskinalp.turk224@example.com ,+90 506 120 34 71,2023-06-05,12/11/2025,"Türkiye, Erzurum, Yakutiye","351,99",, 65 ,Books,Budget
394,Necva Yılmaz,necva.yilmaz394@example.com,+905097431735,2025-08-23,2025-12-16,"Türkiye, Şanlıurfa, Eyyübiye",363 TL,TRY,seventy,Sports & Outdoors,Budget
266,Dr. Selime İnönü Yorulmaz,dr.selime.inonu.yorulmaz266@outlok.com,0582 357 84 52,"August 20, 2021","March 23, 2026","Türkiye, Adana","422,86",,73,Groceries,Budget
3,Suat Şafak,suat.safak3@example.com,+905538192832,2023-05-11,04-07-2026,Şehitkamil - Gaziantep - Türkiye,₺204,TRY,42,Sports & Outdoors,Budget
73,Koçak Akçay,kocak.akcay73@example.com,+90 546 095 39 62,03-23-2022,10-26-2025,Şahinbey - Gaziantep,"331,33",,60,Home & Garden,Budget
143,Dr. Gönen Ebuakil Sezgin, dr.gonen.ebuakil.sezgin143@example.com ,+90  506   174 45  18 ,2023-05-22,16/05/2026,Tepebaşı - Eskişehir - Türkiye,110 TL,TRY,18,Sports & Outdoors,Regular
255,Ünsever Türk, unsever.turk255@example.com ,+905728975167,2023-04-17,11/04/2026,İlkadım - Samsun - Türkiye,₺142,TRY, 26 ,Groceries,Budget
247,Arpağ Yorulmaz,arpag.yorulmaz247@gmial.com,+90070164510,04-22-2024,2025-01-09,"Türkiye, Bursa, Osmangazi",₺575,TRY,73,Sports & Outdoors,Premium
266,Dr. Selime İnönü Yorulmaz,dr.selime.inonu.yorulmaz266@example.com,+90583578452,08-20-2021,06/02/2026,Çukurova - Adana - Türkiye,₺403,TRY,73,Home & Garden,Budget
25,Eflâtun İlgi Türk,efltun.ilgi.turk25@yaho.com,+90 548 951 34 33,02-14-2025,2025-11-28,"Türkiye, Adana, Seyhan",₺69,TRY,19,Beauty & Personal Care,Budget
173,Firdevis Karadeniz Ertaş,firdevis.karadeniz.ertas173@example.com,+90 551 353 46 55,06-27-2024,03-13-2026,Yakutiye - Erzurum - Türkiye,"291,67",,55,Clothing,Budget
317,İnançlı Ülker,inancli.ulker317@yaho.com,0572 520 45 65,2025-09-04,17/02/2026,Antalya - Türkiye,194 TL,TRY, 36 ,Home & Garden,Budget
337,İlklima Kısakürek,ilklima.kisakurek337@gmial.com,+90 547 786 60 32,2024-06-02,01/02/2025,Kocasinan - Kayseri - Türkiye,126 TL,TRY, 26 ,Books,Budget
106,Uğurkan Akçay, ugurkan.akcay106@example.com ,+90 558 771 75 35,2024-03-12,12/07/2025,"Türkiye, Kayseri, Kocasinan",$209.94,USD,44,Groceries,Budget
268,Ferihan Dumanlı,ferihan.dumanli268@yaho.com,+90 553 344 85 71,"June 02, 2024",05-12-2025,"Türkiye, İzmir, Bornova",$124.10,USD,27,Electronics,Budget
80,Sittik Nevsal Zorlu,sittik.nevsal.zorlu80@example.com,+90551884422,03/12/2023,21/08/2025,Kayapınar - Diyarbakır - Türkiye,$261.93,USD,50,Home & Garden,Budget
238,Teber Bilir, teber.bilir238@example.com ,0558 556 65 93,2022-10-16,05/05/2025,Yenişehir - Mersin - Türkiye,"250,83",,fifty-two,Home & Garden,Budget
180,Nurmelek Aslan,nurmelek.aslan180@example.com,+905483964208,03-02-2023,23/12/2025,Kayapınar - Diyarbakır - Türkiye,183 TL,TRY,31,Electronics,Regular
414,Arş. Gör. Sebattin İvecen Ülker, ars.gor.sebattin.ivecen.ulker414@example.com ,+905418621242,24/06/2023,2025-03-22,Şehitkamil - Gaziantep - Türkiye,171 TL,TRY,40,Home & Garden,Budget
233,Binay Huban Demir,binay.huban.demir233@example.com,0547 435 03 13,05-26-2022,03-24-2025,"Türkiye, Diyarbakır, Kayapınar","244,01",,45,Books,Budget
449,Bağdat Şama,bagdat.sama449@example.com,+90  543   598 92  62 ,2024-03-05,30/05/2026,"Türkiye, İzmir",$378.49,USD,68,Books,Regular
192,Permun Akça Demirel, permun.akca.demirel192@example.com ,+90 535 989 33 47,12-14-2024,07-05-2025,Meram - Konya - Türkiye,$339.84,USD,61,Sports & Outdoors,Budget
97,Lezize Tevetoğlu, lezize.tevetoglu97@example.com ,+90591065180,24/07/2025,25/11/2025,Yakutiye - Erzurum - Türkiye,"257,54",,,Beauty & Personal Care,Budget
344,Kerman Ertaş, kerman.ertas344@example.com ,+90502720634,09-20-2022,17/03/2026,Keçiören - Ankara - Türkiye,₺107,TRY,23,Electronics,Budget
87,Emal Ülker Şensoy,emal.ulker.sensoy87@outlok.com,+90  516   878 49  91 ,03-24-2025,03/06/2026,"Türkiye, Samsun",₺167,TRY,24,Clothing,Regular
26,Rabbiye Aslan,rabbiye.aslan26@hotnail.com,+90516328708,"July 20, 2024",01-17-2026,"Türkiye, Şanlıurfa, Eyyübiye","359,42",,72,Books,Budget
499,Bayan Nürice Arsoy Eraslan, bayan.nurice.arsoy.eraslan499@example.com ,+905033844446,05/03/2022,24/12/2025,"Türkiye, Denizli, Pamukkale",202 TL,TRY,33,Beauty & Personal Care,Budget
103,Elvan Şener, elvan.sener103@example.com ,+90  551   751 83  04 ,11-01-2023,21/05/2025,"Türkiye, Mersin, Yenişehir",372 TL,TRY,61,Books,Regular
406,Hazrat Melihcan Demir Arslan,hazrat.melihcan.demir.arslan406@gmial.com,+90536664590,2022-10-07,"January 01, 2026","Türkiye, Samsun, Atakum",313 TL,TRY,68,Groceries,Budget
277,Kayrabay Akar,kayrabay.akar277@outlok.com,+90519712847,19/01/2023,03-03-2025,Van - Türkiye,145 TL,TRY,23,Groceries,Regular
422,Kopan Bilge, kopan.bilge422@example.com ,+905023211983,16/08/2024,"October 25, 2025","Türkiye, Gaziantep, Şehitkamil","248,64",,50,Clothing,Budget
188,Nafii Sezer, nafii.sezer188@example.com ,0510 272 61 49,2024-11-06,04-15-2026,"Türkiye, Diyarbakır, Kayapınar","169,33",,,Home & Garden,Budget
462,Ortak Ömür Duran Karadeniz,ortak.omur.duran.karadeniz462@gmial.com,+90  541   454 56  35 ,06/09/2025,19/12/2025,Pamukkale - Denizli - Türkiye,$182.06,USD,29,Electronics,Budget
173,Firdevis Karadeniz Ertaş, firdevis.karadeniz.ertas173@example.com ,+90  551   353 46  55 ,2024-06-27,2025-06-21,Yakutiye - Erzurum - Türkiye,$268.46,USD,55,Home & Garden,Budget
38,Us Sadittin İnönü Aslan,us.sadittin.inonu.aslan38@example.com,+905388120679,2023-04-25,2026-02-01,Kocasinan - Kayseri - Türkiye,"170,95",,36,Sports & Outdoors,Budget
170,Arş. Gör. Zöhrehan Şefiye Akçay,ars.gor.zohrehan.sefiye.akcay170@example.com,+90541715454,06-26-2024,2026-05-23,"Türkiye, Mersin, Toroslar","474,21",,59,Beauty & Personal Care,Premium
264,Vacibe Alemdar Yılmaz,vacibe.alemdar.yilmaz264@example.com,+905344140885,"August 25, 2021",2025-01-23,Selçuklu - Konya - Türkiye,63 TL,TRY,18,Home & Garden,Budget
106,Uğurkan Akçay,ugurkan.akcay106@example.com,+90558717535,03-12-2024,"April 04, 2026",Kayseri - Türkiye,"212,50",,44,Toys & Games,Budget
6,Yağızkurt Şensoy, yagizkurt.sensoy6@example.com ,+90548084514,"July 06, 2023",2025-01-10,"Türkiye, Bursa, Nilüfer",₺177,TRY,28,Beauty & Personal Care,Regular
485,Çerçi Demirel,cerci.demirel485@example.com,+90  546   835 65  21 ,2024-02-03,2025-04-14,İpekyolu - Van - Türkiye,"422,67",,44,Beauty & Personal Care,Premium
131,Minibe Ülker, minibe.ulker131@example.com ,+90  539   596 29  23 ,15/10/2024,2025-08-15,Nilüfer - Bursa - Türkiye,₺407,TRY,69,Home & Garden,Budget
177,Uz. Sevsevil Gülbeyan Yorulmaz,uz.sevsevil.gulbeyan.yorulmaz177@example.com,+90  504   478 98  56 ,2022-02-05,02-15-2026,Seyhan - Adana,₺155,TRY,26,Electronics,Budget
182,Hiçsönmez Eba Şensoy, hicsonmez.eba.sensoy182@example.com ,+905374470130,04-26-2024,2025-10-21,"Türkiye, Bursa, Osmangazi",410 TL,TRY,41,Beauty & Personal Care,Premium
297,Miyesser Şener Demirel,miyesser.sener.demirel297@yaho.com,+90 539 726 52 73,2022-05-28,2026-01-15,"Türkiye, Denizli, Pamukkale",₺274,TRY,,Electronics,New
52,Arş. Gör. Firdevis Eraslan Fırat,ars.gor.firdevis.eraslan.firat52@example.com,+905104709821,2024-04-17,2025-10-15,Yenişehir - Mersin - Türkiye,"374,28",,38,Beauty & Personal Care,Premium
123,Barışcan Akgündüz,bariscan.akgunduz123@gmial.com,+90558911359,13/09/2025,2026-01-07,Pamukkale - Denizli - Türkiye,$346.39,USD,54,Beauty & Personal Care,New
443,Ürfettin Şabettin Şama Demirel,urfettin.sabettin.sama.demirel443@outlok.com,+90512590479,03-06-2025,"April 07, 2026",Eyyübiye - Şanlıurfa - Türkiye,₺290,TRY,46,Clothing,Regular
473,Ayülker Şensoy, ayulker.sensoy473@example.com ,+90 501 002 31 42,06-07-2022,"March 25, 2025",Şehitkamil - Gaziantep - Türkiye,$312.71,USD,56,Electronics,Budget
401,Alkor Manço, alkor.manco401@example.com ,0553 042 89 73,2021-11-14,2025-06-26,Konak - İzmir,$313.16,USD, 23 ,Home & Garden,Premium
475,Yasan Şehamet Fırat Akdeniz,yasan.sehamet.firat.akdeniz475@gmial.com,0562 543 61 72,2025-05-01,04-27-2026,"Türkiye, Bursa, Osmangazi","176,00",,32,Groceries,Budget
132,Yeneral Ginyas Zorlu Hançer,yeneral.ginyas.zorlu.hancer132@example.com,+90 512 604 22 32,17/12/2021,01/12/2025,Atakum - Samsun - Türkiye,₺378,TRY,38,Sports & Outdoors,Premium
391,Tanbay İhsanoğlu, tanbay.ihsanoglu391@example.com ,+901060566418,02/05/2023,2025-02-26,Osmangazi - Bursa - Türkiye,"317,33",,49,Toys & Games,Regular
323,Gökçil Özertem Dumanlı,gokcil.ozertem.dumanli323@example.com,+90  542   801 38  75 ,2022-01-13,07/01/2025,"Türkiye, Konya, Selçuklu",$281.88,USD,55,Groceries,Budget
290,Onuker Zengin, onuker.zengin290@example.com ,+90  532   030 93  76 ,2025-08-05,2026-01-09,"Türkiye, Şanlıurfa, Eyyübiye",₺380,TRY,68,Books,Regular
491,Dr. Dilcan Ticen Tevetoğlu Duran, dr.dilcan.ticen.tevetoglu.duran491@example.com ,+90 546 296 13 67,2022-03-13,19/05/2025,Muratpaşa - Antalya,102 TL,TRY,23,Clothing,Budget
151,Özakan Mazlum Bilgin Akçay,ozakan.mazlum.bilgin.akcay151@hotnail.com,+90 557 875 98 56,07/06/2024,"May 08, 2026",İstanbul,$141.75,USD,29,Sports & Outdoors,Budget
476,Fenni Atatöre İnönü Aksu, fenni.atatore.inonu.aksu476@example.com ,+90  594   514 75  41 ,12-08-2025,2026-04-12,"Türkiye, Kayseri, Kocasinan","410,41",,73,Clothing,New
213,Dr. Tanses Dumanlı Çetin,dr.tanses.dumanli.cetin213@example.com,0546 368 87 25,2022-10-24,16/07/2025,İpekyolu - Van - Türkiye,4.079 TL,TRY,53,Groceries,Regular
68,Uz. Sadiye Gülbiye Aslan Ertaş, uz.sadiye.gulbiye.aslan.ertas68@example.com ,+905515186444,08/02/2025,2025-12-05,Odunpazarı - Eskişehir - Türkiye,196 TL,TRY,39,Sports & Outdoors,Budget
280,Fazul Gül,fazul.gul280@hotnail.com,+90547128142,"June 30, 2022",2025-01-22,"Türkiye, Manisa, Şehzadeler",₺189,TRY,35,Beauty & Personal Care,Budget
308,Ekmel Ertaş, ekmel.ertas308@example.com ,+90 559 274 52 38,25/12/2021,"October 08, 2025",Şehzadeler - Manisa - Türkiye,155 TL,TRY,20,Electronics,Regular
31,İlklima Şafak,ilklima.safak31@example.com,+90 574 529 91 24,2025-05-05,2025-06-08,"Van, İpekyolu",$294.45,USD,55,Home & Garden,Budget
115,Prof. Huban Kerime Aksu,prof.huban.kerime.aksu115@outlok.com,+90  547   735 86  62 ,19/02/2022,"May 21, 2026",Odunpazarı - Eskişehir - Türkiye,₺343,TRY,55,Toys & Games,Regular
278,Arifcan Aslan, arifcan.aslan278@example.com ,+90  537   189 49  05 ,12-13-2022,11/06/2026,"Türkiye, Manisa, Şehzadeler",346 TL,TRY,67,Home & Garden,Budget
16,Alanalp Ülker,alanalp.ulker16@gmial.com,+90552784980,16/03/2022,17/09/2025,İpekyolu - Van - Türkiye,"418,65",,70,Clothing,Regular
56,Soykut Durmuş,soykut.durmus56@hotnail.com,+90 553 773 51 58,2022-05-02,2026-02-11,"Türkiye, Samsun, Atakum",$190.49,USD,40,Toys & Games,Budget
264,Vacibe Alemdar Yılmaz,vacibe.alemdar.yilmaz264@hotnail.com,+905344144845,2021-08-25,02-17-2025,"Türkiye, Konya, Selçuklu","79,80",,18,Electronics,Budget
33,Dr. Aysuna Bilge Demir,dr.aysuna.bilge.demir33@gmial.com,+90537996575,05/12/2024,"March 23, 2026",Toroslar - Mersin - Türkiye,₺243,TRY,49,Beauty & Personal Care,Budget
209,Narhanim Aslan,narhanim.aslan209@outlok.com,0502 428 69 90,2021-11-30,2025-06-16,"Türkiye, Bursa, Osmangazi",₺387,TRY,64,Home & Garden,Regular
20,Tınal Aslan,tinal.aslan20@example.com,+90  536   541 45  86 ,20/02/2022,28/04/2025,Pamukkale - Denizli - Türkiye,"393,12",, 71 ,Electronics,Regular
76,Çev. Safinaz Çisem Ülker Demirel,cev.safinaz.cisem.ulker.demirel76@hotnail.com,+90516162845,05-16-2025,"March 15, 2026",Yeşilyurt - Malatya - Türkiye,109 TL,TRY,23,Sports & Outdoors,Budget
284,Sevdinar İhsanoğlu Hayrioğlu,sevdinar.ihsanoglu.hayrioglu284@example.com,+90  501   061 81  75 ,19/09/2024,2026-02-27,Eskişehir - Türkiye,"303,12",, 64 ,Clothing,Budget
280,Fazul Gül,fazul.gul280@example.com,0547 128 14 42,2022-06-30,22/02/2025,Şehzadeler - Manisa - Türkiye,₺179,TRY,thirty-five,Groceries,Budget
251,Öğr. Bezek Tevetoğlu Türk,ogr.bezek.tevetoglu.turk251@example.com,+90564957823,10/09/2022,2025-12-04,"Türkiye, Gaziantep, Şahinbey","289,31",,52,Electronics,Regular
161,Zeride Çorlu,zeride.corlu161@yaho.com,+907160898992,10/04/2025,2026-03-19,Erzurum - Türkiye,$432.59,USD,66,Clothing,Regular
217,Doç. Zümre Münezzer Ergül, doc.zumre.munezzer.ergul217@example.com ,+90  537   690 42  68 ,"May 08, 2025","May 13, 2025",Konak - İzmir - Türkiye,294 TL,TRY,53,Clothing,Budget
443,Ürfettin Şabettin Şama Demirel,urfettin.sabettin.sama.demirel443@gmial.com,0512 590 47 29,03-06-2025,06-16-2026,Eyyübiye - Şanlıurfa - Türkiye,₺252,TRY, 46 ,Sports & Outdoors,Regular
260,Boztaş Gürelcem Seven Sezer,boztas.gurelcem.seven.sezer260@gmial.com,0533 977 67 19,2022-08-01,08-19-2025,Şehzadeler - Manisa - Türkiye,59 TL,TRY, 18 ,Clothing,Budget
167,Çoğay Durdu, cogay.durdu167@example.com ,+90535772798,2023-12-27,"October 29, 2025","Bursa, Nilüfer","209,02",,40,Home & Garden,Budget
169,Meleknur Orçin Akdeniz Akçay,meleknur.orcin.akdeniz.akcay169@example.com,+90  507   229 03  49 ,27/03/2024,2025-08-28,Pamukkale - Denizli - Türkiye,"396,78",,63,Groceries,New
84,Tayaydın Atalay Seven,tayaydin.atalay.seven84@outlok.com,+90 559 532 78 77,21/03/2024,26/02/2025,Meram - Konya - Türkiye,$254.26,USD,49,Toys & Games,Budget
8,Çerçi Sezgin,cerci.sezgin8@gmial.com,+905827896383,"December 13, 2021",18/01/2026,Kepez - Antalya - Türkiye,₺241,TRY,37,Electronics,Regular
228,Öğr. Selcen Şama Akçay, ogr.selcen.sama.akcay228@example.com ,+90562203413,05/01/2025,"May 29, 2026",Atakum - Samsun - Türkiye,$219.78,USD,43,Groceries,Budget
440,Muktedir Ünübol Durdu,muktedir.unubol.durdu440@hotnail.com,+90  540   983 66  55 ,20/02/2022,03-14-2026,"Türkiye, Trabzon, Ortahisar","371,87",,68,Sports & Outdoors,Budget
131,Minibe Ülker,minibe.ulker131@example.com,+900395962923,"October 15, 2024",2026-03-13,"Türkiye, Bursa",$363.48,USD,,Sports & Outdoors,Budget
87,Emal Ülker Şensoy,emal.ulker.sensoy87@example.com,0516 878 49 91,2025-03-24,2025-11-22,"Türkiye, Samsun, Atakum",153 TL,TRY,,Electronics,Regular
280,Fazul Gül, fazul.gul280@example.com ,+905471282442,06-30-2022,2026-04-09,Manisa - Türkiye,$176.41,USD,35,Groceries,Budget
365,Prof. Nevsale Uğur Zengin Sakarya, prof.nevsale.ugur.zengin.sakarya365@example.com ,+905069511467,04-17-2025,"June 09, 2026","Türkiye, Ankara, Keçiören",299 TL,TRY,49,Books,Regular
406,Hazrat Melihcan Demir Arslan,hazrat.melihcan.demir.arslan406@example.com,+90536668450,2022-10-07,2025-12-24,"Türkiye, Samsun, Atakum",₺350,TRY,sixty-eight,Home & Garden,Budget
491,Dr. Dilcan Ticen Tevetoğlu Duran,dr.dilcan.ticen.tevetoglu.duran491@hotnail.com,+90  546   296 13  67 ,2022-03-13,2025-11-21,"Türkiye, Antalya, Muratpaşa",₺110,TRY,23,Beauty & Personal Care,Budget
388,Öğr. Deryanur Ergül Akdeniz,ogr.deryanur.ergul.akdeniz388@outlok.com,+90 500 268 76 81,"April 23, 2022","May 13, 2025",Şişli - İstanbul - Türkiye,341 TL,TRY,59,Beauty & Personal Care,Budget
223,Okt. Cebesoy Gökay Yılmaz,okt.cebesoy.gokay.yilmaz223@example.com,+90  564   729 29  31 ,11-27-2021,2025-09-26,Atakum - Samsun - Türkiye,₺368,TRY,35,Clothing,Premium
477,Serda Akçay, serda.akcay477@example.com ,+90  552   677 11  96 ,15/11/2021,02/09/2025,"Türkiye, Antalya, Muratpaşa",₺152,TRY,35,Groceries,Budget
455,Gönen Durmuş,gonen.durmus455@gmial.com,0545 105 26 50,05-19-2025,2026-05-23,"Türkiye, Malatya, Yeşilyurt",$264.90,USD,45,Electronics,Regular
214,Aygutalp Arslan, aygutalp.arslan214@example.com ,0562 137 21 38,14/09/2023,01-27-2025,"Türkiye, Kayseri, Kocasinan",$337.51,USD, 68 ,Electronics,Budget
199,Av. Tangül Deha Şafak,av.tangul.deha.safak199@outlok.com,+905029688143,"October 02, 2021","June 23, 2026","Türkiye, Bursa, Nilüfer",395 TL,TRY,65,Books,New
451,Şefiye Bilge, sefiye.bilge451@example.com ,+905408282694,26/08/2025,2025-11-17,"Türkiye, Şanlıurfa, Eyyübiye",₺380,TRY,64,Sports & Outdoors,Regular
311,Zöhrehan Ferhan Erdoğan, zohrehan.ferhan.erdogan311@example.com ,+90562656504,"January 06, 2024",2025-05-07,"Türkiye, Diyarbakır",$228.40,USD,40,Clothing,Budget
306,Uz. Cannur Çorlu,uz.cannur.corlu306@example.com,0556 955 79 88,15/06/2023,22/08/2025,Eyyübiye - Şanlıurfa - Türkiye,227 TL,TRY,47,Clothing,Budget
344,Kerman Ertaş,kerman.ertas344@example.com,+905021206345,"September 20, 2022",2025-11-09,"Türkiye, Ankara, Keçiören",₺107,TRY,23,Clothing,Budget
220,Öğr. Doğuhan Korutürk, ogr.doguhan.koruturk220@example.com ,+905373384333,2024-07-19,03/02/2026,Yenişehir - Mersin - Türkiye,₺416,TRY, 71 ,Books,Regular
493,Doç. Beyler Feyruz Şafak,doc.beyler.feyruz.safak493@outlok.com,+90 542 121 46 14,12-15-2021,03-31-2025,"Türkiye, Denizli, Pamukkale",419 TL,TRY,46,Sports & Outdoors,Premium
136,Rayla Zülbiye Karadeniz,rayla.zulbiye.karadeniz136@example.com,0552 696 58 27,18/08/2021,2025-08-18,Gaziantep - Türkiye,$108.12,USD,twenty-two,Groceries,Budget
73,Koçak Akçay,kocak.akcay73@example.com,+90  546   095 39  62 ,2022-03-23,2025-07-02,Şahinbey - Gaziantep - Türkiye,$306.35,USD,,Electronics,Budget
488,İzgü Manço, izgu.manco488@example.com ,+905514274747,04-21-2022,13/08/2025,"Mersin, Toroslar",$188.33,USD,26,Books,New
192,Permun Akça Demirel, permun.akca.demirel192@example.com ,+90535989347,2024-12-14,10/02/2025,Meram - Konya - Türkiye,"307,12",,61,Toys & Games,Budget
302,Mishat Buyrukhan Sezer Hançer,mishat.buyrukhan.sezer.hancer302@example.com,+905016580664,13/01/2022,"November 27, 2025",Atakum - Samsun - Türkiye,334 TL,TRY,57,Electronics,Regular
266,Dr. Selime İnönü Yorulmaz, dr.selime.inonu.yorulmaz266@example.com ,+90 582 357 84 52,20/08/2021,2025-03-10,Çukurova - Adana - Türkiye,$376.95,USD,73,Toys & Games,Budget
39,Dilfeza Arslan,dilfeza.arslan39@hotnail.com,+90532421024,2021-10-01,04/11/2025,Kayseri,$410.44,USD,70,Toys & Games,Regular
332,Berran İnönü,berran.inonu332@example.com,0534 911 41 52,2025-11-02,2026-02-16,"Türkiye, Gaziantep, Şahinbey","308,69",,52,Sports & Outdoors,Budget
463,Tuğtaş Halidun Akgündüz,tugtas.halidun.akgunduz463@example.com,0553 474 91 62,14/07/2024,2025-07-30,"Türkiye, Ankara, Yenimahalle","315,31",,49,Groceries,Regular
60,Çev. Tüzeer Nurullah Bilir, cev.tuzeer.nurullah.bilir60@example.com ,+905560494579,2023-02-07,03/05/2026,Şehzadeler - Manisa - Türkiye,₺183,TRY,31,Sports & Outdoors,Budget
447,Nurbanu Limon Kısakürek Seven,nurbanu.limon.kisakurek.seven447@gmial.com,+905432983952,2025-03-24,"December 08, 2025","Türkiye, Erzurum, Yakutiye",387 TL,TRY,64,Home & Garden,Regular
185,Öğr. Şahat Adıgün Mansız,ogr.sahat.adigun.mansiz185@example.com,+90556289028,2023-04-26,01/09/2026,"Türkiye, Gaziantep, Şehitkamil",$437.78,USD,72,Sports & Outdoors,Regular
195,Özpınar Selâtin Çetin Türk,ozpinar.seltin.cetin.turk195@example.com,+90557393056,04-24-2025,2025-09-24,Kadıköy - İstanbul - Türkiye,$215.62,USD,forty-two,Home & Garden,Budget
337,İlklima Kısakürek, ilklima.kisakurek337@example.com ,0547 786 60 32,"June 02, 2024","June 30, 2025","Türkiye, Kayseri, Kocasinan",133 TL,TRY, 26 ,Clothing,Budget
140,Dr. Gülşeref Umuşan Güçlü Çetin,dr.gulseref.umusan.guclu.cetin140@example.com,0564 814 91 77,2023-01-31,2025-10-31,Üsküdar - İstanbul,₺204,TRY,41,Clothing,Budget
483,Eşim Yaman, esim.yaman483@example.com ,+90 534 111 59 50,2024-08-09,15/12/2025,"Erzurum, Yakutiye",₺178,TRY,36,Groceries,Budget
185,Öğr. Şahat Adıgün Mansız,ogr.sahat.adigun.mansiz185@outlok.com,+90  556   289 00  28 ,2023-04-26,"December 27, 2025","Türkiye, Gaziantep, Şehitkamil",₺434,TRY,72,Sports & Outdoors,Regular
67,Erdursun Dalkılıç Akar Duran,erdursun.dalkilic.akar.duran67@gmial.com,+90 507 935 97 82,08-08-2025,07/11/2025,"Eskişehir, Odunpazarı",$229.37,USD, 46 ,Books,Budget
253,Aydinç Bilgin,aydinc.bilgin253@example.com,+90 552 056 64 74,2025-02-04,05-01-2026,Nilüfer - Bursa,356 TL,TRY,67,Home & Garden,Budget
358,Eyyüp Akdeniz,eyyup.akdeniz358@example.com,+90552661085,2023-05-08,01-29-2026,Bornova - İzmir - Türkiye,321 TL,TRY,61,Home & Garden,Budget
311,Zöhrehan Ferhan Erdoğan,zohrehan.ferhan.erdogan311@yaho.com,+90  556   265 65  04 ,2024-01-06,2026-06-12,"Türkiye, Diyarbakır, Kayapınar",₺243,TRY,40,Toys & Games,Budget
301,Alice'); DROP TABLE cleaned_records;--, cetinsu.temizkal.demirel.bilge301@example.com ,+90542799077,"January 02, 2022",03/09/2025,Şişli - İstanbul - Türkiye,"243,74",, 43 ,Sports & Outdoors,Budget
84,Tayaydın Atalay Seven, tayaydin.atalay.seven84@example.com ,+90559532777,2024-03-21,2026-03-23,Meram - Konya - Türkiye,₺243,TRY,49,Books,Budget
470,Kamar Tarhan,kamar.tarhan470@example.com,+90 553 424 08 91,24/11/2021,2026-06-06,"Türkiye, Eskişehir, Odunpazarı",₺388,TRY,65,Electronics,Regular
250,Rahiye Kumral Zorlu,rahiye.kumral.zorlu250@example.com,+905325671689,2022-06-10,2025-10-22,Üsküdar - İstanbul - Türkiye,332 TL,TRY,61,Books,Budget
307,Hazine Soylu Çamurcuoğlu, hazine.soylu.camurcuoglu307@example.com ,+905243751025,2024-05-09,"May 20, 2026",Kepez - Antalya - Türkiye,309 TL,TRY,47,Books,New
159,Çev. Meşhur Asalet Demirel,cev.meshur.asalet.demirel159@example.com,+90 541 714 67 74,06-09-2025,"June 17, 2025",Nilüfer - Bursa - Türkiye,₺395,TRY,59,Sports & Outdoors,Regular
500,Hüsmen Çetin,husmen.cetin500@example.com,+905002579552,28/09/2022,17/02/2026,Pamukkale - Denizli - Türkiye,"267,64",,45,Clothing,Budget
6,Yağızkurt Şensoy,yagizkurt.sensoy6@outlok.com,+90  548   018 45  14 ,2023-07-06,07/03/2026,"Türkiye, Bursa, Nilüfer",$187.40,USD,28,Books,Regular
188,Nafii Sezer,nafii.sezer188@hotnail.com,+90  510   272 61  49 ,06/11/2024,01-30-2025,Kayapınar - Diyarbakır,159 TL,TRY,30,Electronics,Budget
1,Akar Ziyaettin Aslan Yüksel, akar.ziyaettin.aslan.yuksel1@example.com ,+908433218196,2025-10-08,11/01/2026,"Türkiye, Bursa, Nilüfer",₺82,TRY, 19 ,Groceries,Budget
50,Av. Behiza İnönü Duran,av.behiza.inonu.duran50@gmial.com,+905362136959,2024-04-16,2025-08-09,Kayapınar - Diyarbakır - Türkiye,"302,62",,62,Sports & Outdoors,Budget
49,Atilhan Gül,atilhan.gul49@example.com,+90574821754,"May 14, 2022",28/03/2026,Yeşilyurt - Malatya - Türkiye,264 TL,TRY,forty-five,Books,Regular
336,Muvaffak Kanak Tarhan Korutürk, muvaffak.kanak.tarhan.koruturk336@example.com ,+905489694835,2023-05-10,17/05/2026,Yeşilyurt - Malatya - Türkiye,"121,23",,27,Beauty & Personal Care,Budget
178,Nurmelek Hayrioğlu,nurmelek.hayrioglu178@example.com,+90326033230,23/08/2022,25/10/2025,"Türkiye, Şanlıurfa, Eyyübiye",$249.25,USD,50,Beauty & Personal Care,Budget
135,Gökperi Mansız Durdu, gokperi.mansiz.durdu135@example.com ,+90504389836,16/04/2024,2026-02-24,"Türkiye, Gaziantep, Şehitkamil","316,94",,59,Books,Budget
192,Permun Akça Demirel,permun.akca.demirel192@example.com,+905359893147,2024-12-14,"January 16, 2025","Türkiye, Konya, Meram","338,60",,61,Home & Garden,Budget
376,Melihcan Dumanlı,melihcan.dumanli376@yaho.com,0549 075 39 98,11/08/2022,2026-03-05,Osmangazi - Bursa - Türkiye,₺218,TRY,thirty-two,Groceries,Regular
405,Günebakan İnönü,gunebakan.inonu405@outlok.com,+905347805292,2024-03-27,2025-06-11,Pamukkale - Denizli - Türkiye,₺338,TRY,65,Beauty & Personal Care,Budget
134,Dalkılıç Seven,dalkilic.seven134@gmial.com,+90  541   541 52  06 ,"June 10, 2022","July 15, 2025","Türkiye, Eskişehir, Odunpazarı",394 TL,TRY, 37 ,Sports & Outdoors,Premium
139,Seçgül Dumanlı,secgul.dumanli139@outlok.com,+90 575 884 25 24,2021-11-02,2026-01-24,Bornova - İzmir - Türkiye,₺422,TRY,74,Clothing,Budget
424,Dr. Oymak Şener, dr.oymak.sener424@example.com ,+90 574 689 71 52,"December 09, 2021",04-24-2026,Kayapınar - Diyarbakır - Türkiye,$259.05,USD,48,Clothing,Budget
238,Teber Bilir,teber.bilir238@outlok.com,+90 558 556 65 93,2022-10-16,2025-05-26,"Türkiye, Mersin, Yenişehir",276 TL,TRY,fifty-two,Books,Budget
167,Çoğay Durdu, cogay.durdu167@example.com ,+90 535 797 27 98,"December 27, 2023",2025-10-10,Nilüfer - Bursa - Türkiye,207 TL,TRY,40,Toys & Games,Budget
418,Yrd. Doç. Rana Rümeysa Arslan, yrd.doc.rana.rumeysa.arslan418@example.com ,+90  501   364 97  18 ,2022-10-04,03-04-2026,"Türkiye, Mersin, Toroslar","122,26",,28,Toys & Games,Budget
490,Alcan Enes Seven Şener,alcan.enes.seven.sener490@example.com,+90 516 874 09 03,09/01/2022,"November 29, 2025",Tepebaşı - Eskişehir - Türkiye,"424,12",,70,Clothing,Regular
336,Muvaffak Kanak Tarhan Korutürk,muvaffak.kanak.tarhan.koruturk336@hotnail.com,+905483690835,10/05/2023,03/07/2025,"Türkiye, Malatya, Yeşilyurt",128 TL,TRY,27,Toys & Games,Budget
425,Ruhsat Oymak Akar Akçay,ruhsat.oymak.akar.akcay425@yaho.com,0508 576 66 56,"March 16, 2023",04/02/2026,"Türkiye, Konya, Selçuklu","250,84",,37,Home & Garden,Regular
467,Okt. Havse Selvi Mansız, okt.havse.selvi.mansiz467@example.com ,+90  540   903 67  88 ,12/07/2025,14/04/2026,Pamukkale - Denizli - Türkiye,170 TL,TRY, 28 ,Groceries,Regular
429,Cantez Akça, cantez.akca429@example.com ,+90536402701,07-22-2025,02/01/2026,İlkadım - Samsun,₺411,TRY,67,Books,Regular
288,Nüdret Ülker Çetin,nudret.ulker.cetin288@example.com,+905391141011,09-29-2022,"February 22, 2026","Türkiye, Erzurum, Yakutiye","325,51",,64,Sports & Outdoors,Budget
224,Eskinalp Türk,eskinalp.turk224@example.com,+90 506 120 34 71,06-05-2023,2025-04-16,"Türkiye, Erzurum, Yakutiye","326,98",,65,Toys & Games,Budget
37,Uraltay Gül,uraltay.gul37@example.com,+905824028427,05-16-2025,2026-06-23,"Türkiye, Kayseri, Melikgazi","406,66",,73,Home & Garden,Budget
217,Doç. Zümre Münezzer Ergül, doc.zumre.munezzer.ergul217@example.com ,+90  537   690 42  68 ,"May 08, 2025",06/10/2025,Konak - İzmir - Türkiye,296 TL,TRY,53,Toys & Games,Budget
56,Soykut Durmuş,soykut.durmus56@example.com,0553 773 51 58,02/05/2022,12-29-2025,"Türkiye, Samsun, Atakum",$195.34,USD,40,Beauty & Personal Care,Budget
80,Sittik Nevsal Zorlu,sittik.nevsal.zorlu80@example.com,0555 188 44 22,12-03-2023,2026-05-21,Kayapınar - Diyarbakır - Türkiye,247 TL,TRY,50,Electronics,Budget
25,Eflâtun İlgi Türk, efltun.ilgi.turk25@example.com ,+905189513433,"February 14, 2025","April 02, 2026",Seyhan - Adana - Türkiye,₺48,TRY,,Beauty & Personal Care,Budget
131,Minibe Ülker,minibe.ulker131@example.com,0539 596 29 23,2024-10-15,03-04-2026,"Türkiye, Bursa",360 TL,TRY,69,Electronics,Budget
181,Çev. Bidayet Sirap Yıldırım, cev.bidayet.sirap.yildirim181@example.com ,+90  530   011 97  21 ,2021-07-30,03/09/2025,"Şanlıurfa, Eyyübiye",261 TL,TRY,50,Beauty & Personal Care,Budget
5,Arş. Gör. Sıylıhan Akbaş Durmuş,ars.gor.siylihan.akbas.durmus5@outlok.com,+90569653287,2025-06-09,09-04-2025,Konya - Türkiye,₺352,TRY,66,Toys & Games,Budget
38,Us Sadittin İnönü Aslan,us.sadittin.inonu.aslan38@example.com,+90 532 812 06 79,2023-04-25,"March 05, 2025",Kocasinan - Kayseri - Türkiye,"142,51",,36,Clothing,Budget
366,Arş. Gör. Güverçin Şirivan Türk Gül,ars.gor.guvercin.sirivan.turk.gul366@example.com,0543 380 05 45,02-25-2022,17/02/2025,Atakum - Samsun - Türkiye,₺123,TRY, 28 ,Electronics,Budget
253,Aydinç Bilgin,aydinc.bilgin253@example.com,+90  552   056 64  74 ,2025-02-04,06-07-2025,"Türkiye, Bursa, Nilüfer",$355.26,USD, 67 ,Books,Budget
443,Ürfettin Şabettin Şama Demirel,urfettin.sabettin.sama.demirel443@hotnail.com,+90  512   590 47  29 ,2025-03-06,13/12/2025,"Türkiye, Şanlıurfa, Eyyübiye",287 TL,TRY,46,Books,Regular
492,Temirhan Zorlu,temirhan.zorlu492@hotnail.com,+90509605730,"October 05, 2024",2025-07-16,Kayapınar - Diyarbakır - Türkiye,₺386,TRY,73,Home & Garden,Budget
173,Firdevis Karadeniz Ertaş,firdevis.karadeniz.ertas173@hotnail.com,0551 353 46 55,2024-06-27,15/10/2025,"Türkiye, Erzurum",₺282,TRY,55,Groceries,Budget
3,Suat Şafak, suat.safak3@example.com ,+90534192832,2023-05-11,20/05/2026,Şehitkamil - Gaziantep - Türkiye,227 TL,TRY,forty-two,Sports & Outdoors,Budget
12,Canseven Ergül Akdeniz, canseven.ergul.akdeniz12@example.com ,+90  531   781 08  01 ,21/09/2021,08-18-2025,Toroslar - Mersin - Türkiye,"366,13",,72,Toys & Games,Budget
126,Okt. Minibe Seblâ Tevetoğlu, okt.minibe.sebl.tevetoglu126@example.com ,+90 541 918 25 53,2023-05-20,2025-03-07,Selçuklu - Konya - Türkiye,"135,61",,25,Sports & Outdoors,Budget
34,Tekbay Aksu,tekbay.aksu34@hotnail.com,+90549808313,29/11/2021,2026-03-19,Toroslar - Mersin - Türkiye,"278,74",, 44 ,Home & Garden,Regular
310,Ülfet Ertaş,ulfet.ertas310@yaho.com,+90  550   939 83  43 ,"October 27, 2025",2026-05-08,Kayapınar - Diyarbakır - Türkiye,"147,26",,23,Beauty & Personal Care,Regular
168,Sunay Yılmaz Akça,sunay.yilmaz.akca168@gmial.com,+90  540   602 93  33 ,02-24-2022,03/08/2026,"Türkiye, Mersin",₺198,TRY, 31 ,Beauty & Personal Care,Budget
331,Dilşat Ertaş,dilsat.ertas331@hotnail.com,+90 559 056 16 55,2023-08-22,2026-05-24,Kepez - Antalya - Türkiye,₺197,TRY,40,Books,Budget
165,Zeyno Ertaş,zeyno.ertas165@yaho.com,+90508248628,05/10/2022,"July 19, 2025","Türkiye, Kayseri",₺109,TRY,19,Groceries,Budget
74,Burakhan Kasim Yılmaz,burakhan.kasim.yilmaz74@yaho.com,+905722170420,10-30-2024,07-06-2025,"Türkiye, Samsun, İlkadım",391 TL,TRY,74,Books,Budget
467,Okt. Havse Selvi Mansız,okt.havse.selvi.mansiz467@example.com,+90540903678,"July 12, 2025",06-04-2026,Pamukkale - Denizli,$200.12,USD,28,Beauty & Personal Care,Regular
127,Kaşif Seydo Akar Eraslan,kasif.seydo.akar.eraslan127@example.com,+90596991557,06-27-2022,07/12/2025,"Türkiye, Şanlıurfa, Eyyübiye",$349.10,USD,29,Electronics,Premium
329,Çev. İlmafer Akça, cev.ilmafer.akca329@example.com ,+90501675677,30/09/2025,2025-10-01,"Antalya, Kepez",101 TL,TRY,20,Clothing,Budget
380,Nurdeniz Manço,nurdeniz.manco380@outlok.com,+90551996635,"December 01, 2022",01-15-2025,"Türkiye, Eskişehir",166 TL,TRY,,Electronics,New
62,Öğr. Sonnur Sezgin Seven, ogr.sonnur.sezgin.seven62@example.com ,+90559902290,"March 03, 2022",14/04/2026,"Türkiye, İstanbul, Kadıköy",108 TL,TRY, 23 ,Groceries,Budget
417,Gözel Durdu,gozel.durdu417@example.com,+905552065163,2023-05-18,2026-02-15,"Türkiye, Eskişehir, Odunpazarı",$161.25,USD, 32 ,Groceries,Budget
449,Bağdat Şama,bagdat.sama449@example.com,+90  543   598 92  62 ,2024-03-05,2025-08-05,Karşıyaka - İzmir - Türkiye,₺402,TRY,68,Sports & Outdoors,Regular
420,Av. Nevsale Birsan Şafak Akdeniz,av.nevsale.birsan.safak.akdeniz420@example.com,+90 532 630 39 75,13/03/2025,06/04/2025,Malatya - Türkiye,174 TL,TRY,35,Groceries,Budget
119,Korugan Şama, korugan.sama119@example.com ,+90 547 212 64 64,2023-03-27,"March 31, 2025","Türkiye, Mersin, Toroslar",₺350,TRY,68,Clothing,Budget
163,Fayize Demirel Bilir,fayize.demirel.bilir163@outlok.com,+90 564 679 97 02,2024-05-27,10/05/2025,"İzmir, Konak",$213.20,USD, 43 ,Electronics,Budget
84,Tayaydın Atalay Seven,tayaydin.atalay.seven84@outlok.com,0559 532 78 77,03-21-2024,11/11/2025,Meram - Konya - Türkiye,₺276,TRY, 49 ,Sports & Outdoors,Budget
149,Turabi Sezer,turabi.sezer149@example.com,+90  524   472 09  99 ,27/07/2024,2026-05-30,Meram - Konya - Türkiye,₺351,TRY,,Groceries,Budget
463,Tuğtaş Halidun Akgündüz,tugtas.halidun.akgunduz463@example.com,+905534749262,2024-07-14,"August 16, 2025",Yenimahalle - Ankara - Türkiye,₺327,TRY, 49 ,Sports & Outdoors,Regular
483,Eşim Yaman,esim.yaman483@example.com,+90534111595,08-09-2024,02-27-2025,Yakutiye - Erzurum - Türkiye,"204,20",,36,Electronics,Budget
393,Mevlüdiye Çamurcuoğlu,mevludiye.camurcuoglu393@gmial.com,+905161332541,06-09-2022,02-16-2025,"Türkiye, Van, İpekyolu",₺338,TRY,58,Home & Garden,Budget
25,Eflâtun İlgi Türk, efltun.ilgi.turk25@example.com ,+90549513433,2025-02-14,01/01/2026,"Türkiye, Adana, Seyhan",81 TL,TRY,nineteen,Books,Budget
215,Öğr. Uğurtan Erbil Hançer, ogr.ugurtan.erbil.hancer215@example.com ,+90  538   430 98  83 ,02/07/2022,05-22-2026,Yakutiye - Erzurum - Türkiye,$156.46,USD,28,Sports & Outdoors,Regular
111,Dr. Ağakişi Hükümdar Öcalan,dr.agakisi.hukumdar.ocalan111@example.com,+90  501   666 87  00 ,01-03-2022,07-20-2025,"İzmir, Karşıyaka",$129.93,USD,28,Clothing,Budget
124,Gözem Zengin,gozem.zengin124@yaho.com,+90505138282,04/02/2024,2025-01-23,Ortahisar - Trabzon - Türkiye,$342.64,USD,53,Groceries,Regular
3,Suat Şafak,suat.safak3@outlok.com,0553 419 28 32,2023-05-11,10-20-2025,Şehitkamil - Gaziantep - Türkiye,"181,29",,42,Sports & Outdoors,Budget
290,Onuker Zengin, onuker.zengin290@example.com ,+90 532 030 93 76,"August 05, 2025",2026-05-11,Eyyübiye - Şanlıurfa - Türkiye,₺411,TRY,68,Books,Regular
2,Uz. Zamir Açıkel Tarhan,uz.zamir.acikel.tarhan2@outlok.com,0516 184 95 93,31/12/2021,2025-10-01,"Türkiye, Gaziantep, Şahinbey",$123.55,USD,22,Home & Garden,Budget
38,Us Sadittin İnönü Aslan,us.sadittin.inonu.aslan38@gmial.com,+90532812079,25/04/2023,05-28-2026,"Türkiye, Kayseri, Kocasinan","207,28",,36,Electronics,Budget
231,Seydo Şener,seydo.sener231@outlok.com,+90536866326,"September 17, 2024",2025-12-06,"Türkiye, İstanbul","147,33",,34,Sports & Outdoors,Budget
79,Çakırca Gücal Yorulmaz,cakirca.gucal.yorulmaz79@yaho.com,+90547347312,2025-07-14,08-29-2025,"Türkiye, Bursa",251 TL,TRY,46,Groceries,Budget
172,Bayan Oluş Şama Ülker,bayan.olus.sama.ulker172@example.com,+90584282417,25/03/2025,28/11/2025,Şehitkamil - Gaziantep - Türkiye,₺298,TRY,sixty-five,Toys & Games,Budget
240,Uz. Savni Arıel Aksu,uz.savni.ariel.aksu240@example.com,0543 350 48 88,2022-10-01,2025-03-27,Melikgazi - Kayseri,₺271,TRY,54,Groceries,Budget
62,Öğr. Sonnur Sezgin Seven, ogr.sonnur.sezgin.seven62@example.com ,+90 559 910 22 90,2022-03-03,08-08-2025,Kadıköy - İstanbul - Türkiye,₺97,TRY,23,Beauty & Personal Care,Budget
441,Gündüzalp Tevetoğlu,gunduzalp.tevetoglu441@outlok.com,+905060875243,23/02/2023,2025-09-03,"Türkiye, Manisa, Şehzadeler",$352.21,USD, 61 ,Electronics,Regular
28,Gülşa Şensoy,gulsa.sensoy28@outlok.com,+90  543   455 81  22 ,2024-08-26,"May 08, 2026","Türkiye, İzmir, Karşıyaka",264 TL,TRY,42,Toys & Games,Regular
186,Enes Yaman,enes.yaman186@yaho.com,+905753546838,2022-05-05,23/12/2025,Seyhan - Adana - Türkiye,243 TL,TRY,forty-two,Home & Garden,Regular
492,Temirhan Zorlu, temirhan.zorlu492@example.com ,+90509605670,05/10/2024,2025-01-29,Diyarbakır - Türkiye,408 TL,TRY,73,Clothing,Budget
76,Çev. Safinaz Çisem Ülker Demirel,cev.safinaz.cisem.ulker.demirel76@gmial.com,+90 516 169 28 45,16/05/2025,12/07/2025,"Türkiye, Malatya",99 TL,TRY,23,Books,Budget
450,Sağıt Umman Kısakürek Arslan,sagit.umman.kisakurek.arslan450@example.com,+905142562588,"August 13, 2022",03/02/2025,Beşiktaş - İstanbul - Türkiye,₺586,TRY,74,Books,Premium
418,Yrd. Doç. Rana Rümeysa Arslan,yrd.doc.rana.rumeysa.arslan418@outlok.com,+905013641718,"October 04, 2022",18/04/2025,"Türkiye, Mersin, Toroslar",$164.80,USD,28,Groceries,Budget
487,Adlan Eraslan, adlan.eraslan487@example.com ,+905024817775,12-30-2024,2025-04-30,"Şanlıurfa, Eyyübiye",191 TL,TRY,36,Beauty & Personal Care,Budget
353,Dr. Gülşa Şahinder Yıldırım Yorulmaz,dr.gulsa.sahinder.yildirim.yorulmaz353@example.com,+905121516422,29/09/2021,2025-04-18,Kayapınar - Diyarbakır - Türkiye,"461,97",,50,Clothing,Premium
140,Dr. Gülşeref Umuşan Güçlü Çetin,dr.gulseref.umusan.guclu.cetin140@example.com,+90  564   814 91  77 ,2023-01-31,07-06-2025,Üsküdar - İstanbul - Türkiye,₺193,TRY,41,Home & Garden,Budget
65,Ulu Tunçboğa Şensoy,ulu.tuncboga.sensoy65@example.com,+90  545   352 18  18 ,2023-02-02,"January 21, 2026","Türkiye, Samsun, İlkadım",$223.80,USD,thirty,Home & Garden,New
415,Benek Permun Bilge Korutürk,benek.permun.bilge.koruturk415@yaho.com,0509 006 33 53,10-29-2024,2026-03-11,Yenimahalle - Ankara - Türkiye,₺99,TRY,23,Groceries,Budget
380,Nurdeniz Manço,nurdeniz.manco380@example.com,+90 551 996 63 65,01/12/2022,02-16-2026,"Türkiye, Eskişehir, Tepebaşı",158 TL,TRY,20,Home & Garden,New
261,Çev. Rabbiye Alemdar İnönü,cev.rabbiye.alemdar.inonu261@gmial.com,0562 249 99 82,2023-05-25,03-30-2025,Yakutiye - Erzurum - Türkiye,"354,84",,65,Clothing,Regular
34,Tekbay Aksu,tekbay.aksu34@example.com,+90 549 480 83 13,2021-11-29,17/01/2026,"Türkiye, Mersin","277,99",,44,Toys & Games,Regular
209,Narhanim Aslan,narhanim.aslan209@yaho.com,+90 502 428 69 90,11-30-2021,13/03/2025,"Türkiye, Bursa, Osmangazi",₺381,TRY,64,Beauty & Personal Care,Regular
412,Abdülahat Oldağ Korutürk Şafak, abdulahat.oldag.koruturk.safak412@example.com ,+90 575 469 26 32,06-26-2022,2025-08-10,Bornova - İzmir - Türkiye,362 TL,TRY,64,Toys & Games,Regular
412,Abdülahat Oldağ Korutürk Şafak, abdulahat.oldag.koruturk.safak412@example.com ,+90 575 469 26 32,2022-06-26,2025-12-22,"Türkiye, İzmir, Bornova",379 TL,TRY,64,Toys & Games,Regular
264,Vacibe Alemdar Yılmaz,vacibe.alemdar.yilmaz264@hotnail.com,+905444144885,2021-08-25,2025-05-14,Selçuklu - Konya - Türkiye,$114.07,USD,eighteen,Clothing,Budget
231,Seydo Şener,seydo.sener231@example.com,+90538663266,2024-09-17,"December 14, 2025",Üsküdar - İstanbul - Türkiye,$182.49,USD,34,Home & Garden,Budget
9,Doç. Maksur Şama,doc.maksur.sama9@example.com,0505 183 47 38,2025-03-17,2025-08-02,"Türkiye, Samsun, Atakum","418,78",,64,Home & Garden,New
286,Hasgül Akdeniz Öcalan,hasgul.akdeniz.ocalan286@yaho.com,0512 447 17 46,2022-01-25,2025-06-23,"Türkiye, Trabzon, Ortahisar",₺439,TRY,75,Beauty & Personal Care,Regular
402,Prof. Tartış Yorulmaz,prof.tartis.yorulmaz402@outlok.com,+90  555   877 74  96 ,2022-05-16,2025-01-31,Manisa - Türkiye,₺448,TRY,sixty-eight,Sports & Outdoors,Regular
236,İncifir Sanavber Hançer, incifir.sanavber.hancer236@example.com ,+90531863878,2025-01-31,2026-05-22,Eyyübiye - Şanlıurfa - Türkiye,₺317,TRY,57,Clothing,Budget
375,Dr. Dilşat Âlemşah Gül,dr.dilsat.lemsah.gul375@outlok.com,+905463105485,04-03-2025,2025-12-10,"Türkiye, Malatya, Yeşilyurt",₺287,TRY, 21 ,Electronics,Premium
272,Ebuakil Karadeniz, ebuakil.karadeniz272@example.com ,+90 546 997 33 54,2022-10-02,24/07/2025,Eyyübiye - Şanlıurfa - Türkiye,$398.65,USD, 68 ,Home & Garden,New
206,Nades Yıldırım Soylu, nades.yildirim.soylu206@example.com ,+905530185677,"September 08, 2025","May 01, 2026","Türkiye, İzmir, Bornova","173,38",,20,Home & Garden,New
336,Muvaffak Kanak Tarhan Korutürk, muvaffak.kanak.tarhan.koruturk336@example.com ,+90 548 969 08 35,"May 10, 2023",23/03/2026,"Türkiye, Malatya",153 TL,TRY,27,Home & Garden,Budget
228,Öğr. Selcen Şama Akçay,ogr.selcen.sama.akcay228@example.com,+90  562   202 34  13 ,"January 05, 2025",2025-10-06,Atakum - Samsun - Türkiye,"205,04",, 43 ,Books,Budget
462,Ortak Ömür Duran Karadeniz,ortak.omur.duran.karadeniz462@outlok.com,+905114545635,06/09/2025,2026-05-14,"Denizli, Pamukkale","129,76",,29,Toys & Games,Budget
405,Günebakan İnönü,gunebakan.inonu405@outlok.com,+90  537   780 52  92 ,2024-03-27,"July 07, 2025",Pamukkale - Denizli - Türkiye,"332,62",,65,Home & Garden,Budget
367,Sevican Asu Yorulmaz,sevican.asu.yorulmaz367@hotnail.com,+90  574   550 84  28 ,"July 24, 2022","February 06, 2025","Türkiye, Malatya",$308.15,USD,60,Toys & Games,Budget
229,Erginel Nezihi Demir,erginel.nezihi.demir229@hotnail.com,+90  531   745 64  24 ,"November 21, 2025",2026-02-04,"Türkiye, İzmir, Bornova",93 TL,TRY,18,Sports & Outdoors,Regular
21,Tanbay Şener,tanbay.sener21@yaho.com,0542 940 19 65,"November 11, 2021","May 12, 2025",Kadıköy - İstanbul - Türkiye,$391.93,USD, 68 ,Electronics,Budget
358,Eyyüp Akdeniz,eyyup.akdeniz358@example.com,+90 559 266 10 85,08/05/2023,"November 02, 2025","Türkiye, İzmir, Bornova",316 TL,TRY,61,Home & Garden,Budget
231,Seydo Şener,seydo.sener231@example.com,+90 536 866 32 66,17/09/2024,08-10-2025,Üsküdar - İstanbul - Türkiye,$158.92,USD,34,Home & Garden,Budget
67,Erdursun Dalkılıç Akar Duran,erdursun.dalkilic.akar.duran67@yaho.com,+900079359782,08-08-2025,2026-06-23,"Türkiye, Eskişehir, Odunpazarı",$230.22,USD,46,Sports & Outdoors,Budget
88,Sevginur Misra İhsanoğlu,sevginur.misra.ihsanoglu88@example.com,+905595219495,2023-02-08,2026-05-19,"Türkiye, Eskişehir, Tepebaşı",₺446,TRY,71,Toys & Games,Regular
106,Uğurkan Akçay,ugurkan.akcay106@example.com,+90558717535,03-12-2024,2025-04-27,"Türkiye, Kayseri, Kocasinan",₺232,TRY,44,Groceries,Budget
233,Binay Huban Demir, binay.huban.demir233@example.com ,+90547435033,26/05/2022,2026-05-29,Kayapınar - Diyarbakır - Türkiye,"210,20",,45,Groceries,Budget
119,Korugan Şama, korugan.sama119@example.com ,+905472126764,2023-03-27,02-10-2025,Toroslar - Mersin - Türkiye,₺371,TRY,68,Sports & Outdoors,Budget
73,Koçak Akçay, kocak.akcay73@example.com ,0546 095 39 62,03-23-2022,11/07/2025,"Türkiye, Gaziantep, Şahinbey","324,47",,60,Clothing,Budget
464,Sücaettin Kısakürek,sucaettin.kisakurek464@example.com,+90 510 825 55 98,"July 23, 2022",2026-05-07,"Türkiye, Kayseri, Melikgazi","190,71",, 41 ,Groceries,Budget
110,Aygönenç Neslinur Bilir Tarhan,aygonenc.neslinur.bilir.tarhan110@example.com,0554 615 67 93,2022-01-15,28/01/2025,Şehzadeler - Manisa - Türkiye,$149.43,USD,32,Home & Garden,Budget
168,Sunay Yılmaz Akça, sunay.yilmaz.akca168@example.com ,+90  540   602 93  33 ,24/02/2022,01-19-2025,"Türkiye, Mersin, Yenişehir","144,41",,31,Books,Budget
405,Günebakan İnönü, gunebakan.inonu405@example.com ,+90  537   780 52  92 ,2024-03-27,"March 14, 2025","Türkiye, Denizli, Pamukkale","350,32",,65,Books,Budget
147,Yekda Sezer, yekda.sezer147@example.com ,0556 185 37 47,2024-06-18,06-26-2025,Diyarbakır,$408.40,USD,72,Books,Budget
394,Necva Yılmaz, necva.yilmaz394@example.com ,+905095731735,2025-08-23,2025-11-09,Eyyübiye - Şanlıurfa - Türkiye,388 TL,TRY,70,Clothing,Budget
95,Cuheyna Enfes Eraslan, cuheyna.enfes.eraslan95@example.com ,+90553017426,02-06-2022,2026-06-02,"Türkiye, Eskişehir, Tepebaşı",318 TL,TRY,50,Clothing,New
5,Arş. Gör. Sıylıhan Akbaş Durmuş,ars.gor.siylihan.akbas.durmus5@outlok.com,+90969653287,2025-06-09,18/11/2025,"Türkiye, Konya, Meram",350 TL,TRY,66,Toys & Games,Budget
17,Prof. Ferzi Asım Akdeniz, prof.ferzi.asim.akdeniz17@example.com ,0541 182 44 93,04/12/2021,2026-01-01,Nilüfer - Bursa,₺181,TRY,39,Beauty & Personal Care,Budget
308,Ekmel Ertaş,ekmel.ertas308@example.com,+90592745238,25/12/2021,"April 06, 2025",Şehzadeler - Manisa - Türkiye,138 TL,TRY,20,Toys & Games,Regular
280,Fazul Gül,fazul.gul280@example.com,+90  547   128 14  42 ,2022-06-30,2026-06-02,"Türkiye, Manisa, Şehzadeler","148,58",,35,Books,Budget
205,Öğr. Sezen Üge Mansız Ülker,ogr.sezen.uge.mansiz.ulker205@outlok.com,+90572292750,2024-09-20,2025-10-09,"Türkiye, Diyarbakır, Kayapınar",₺391,TRY,66,Beauty & Personal Care,Regular
472,Uz. Gülnaziye Şehza Yaman,uz.gulnaziye.sehza.yaman472@outlok.com,0524 042 26 93,2025-07-23,11-07-2025,Meram - Konya - Türkiye,₺135,TRY,27,Toys & Games,Budget
216,Sonnur Çağlar Fırat Ergül, sonnur.caglar.firat.ergul216@example.com ,+90 502 146 56 69,10-28-2024,"August 14, 2025","Türkiye, Samsun, İlkadım",₺270,TRY,51,Sports & Outdoors,Budget
335,Alaz Eraslan Duran, alaz.eraslan.duran335@example.com ,+905513846853,17/08/2023,2026-03-31,İpekyolu - Van - Türkiye,"228,38",,43,Clothing,Budget
427,Erinçer Akar,erincer.akar427@yaho.com,+90549724399,2022-03-26,04-19-2026,Samsun,377 TL,TRY,71,Electronics,Budget
432,Fatinur Dumanlı,fatinur.dumanli432@hotnail.com,0510 040 90 13,2023-01-08,2026-03-06,Şanlıurfa - Türkiye,357 TL,TRY,sixty-eight,Groceries,Budget
407,Arş. Gör. Meveddet Türk Bilgin, ars.gor.meveddet.turk.bilgin407@example.com ,+90559999636,2025-08-04,03-27-2026,"Türkiye, Antalya, Muratpaşa",₺319,TRY,52,Electronics,Regular
5,Arş. Gör. Sıylıhan Akbaş Durmuş,ars.gor.siylihan.akbas.durmus5@example.com,0596 965 32 87,2025-06-09,02-16-2026,Meram - Konya - Türkiye,4.597 TL,TRY,66,Beauty & Personal Care,Budget
333,Av. Ulutay Yilmaz Tarhan, av.ulutay.yilmaz.tarhan333@example.com ,0557 852 94 56,2024-10-25,2025-09-21,"Türkiye, Diyarbakır, Kayapınar",₺326,TRY,49,Electronics,Regular
165,Zeyno Ertaş,zeyno.ertas165@example.com,+90 508 214 86 28,10-05-2022,05-26-2026,"Türkiye, Kayseri","94,70",,19,Toys & Games,Budget
105,Arş. Gör. Salimet Övün Yılmaz Demir,ars.gor.salimet.ovun.yilmaz.demir105@yaho.com,0539 363 85 46,03/05/2023,2025-05-05,"Türkiye, Bursa, Osmangazi","309,21",,52,Beauty & Personal Care,Regular
3,Suat Şafak, suat.safak3@example.com ,+90  553   419 28  32 ,2023-05-11,23/09/2025,Şehitkamil - Gaziantep,"217,55",,42,Clothing,Budget
58,Eflâtun Arcan Akçay, efltun.arcan.akcay58@example.com ,+905003950240,"March 28, 2025",2025-05-13,"Türkiye, İstanbul, Beşiktaş","413,66",,65,Toys & Games,Regular
342,Aktemür Göken Soylu, aktemur.goken.soylu342@example.com ,+90  503   486 45  18 ,2024-08-15,02-02-2026,"Türkiye, İstanbul, Kadıköy","418,19",,72,Groceries,Regular
250,Rahiye Kumral Zorlu,rahiye.kumral.zorlu250@example.com,+908325621689,2022-06-10,2026-06-11,Üsküdar - İstanbul - Türkiye,364 TL,TRY,61,Home & Garden,Budget
266,Dr. Selime İnönü Yorulmaz,dr.selime.inonu.yorulmaz266@example.com,+90582357842,08-20-2021,"July 21, 2025",Çukurova - Adana - Türkiye,377 TL,TRY,73,Electronics,Budget
21,Tanbay Şener,tanbay.sener21@example.com,+90  542   940 19  65 ,"November 11, 2021",2025-09-30,Kadıköy - İstanbul - Türkiye,₺357,TRY,68,Books,Budget
482,Bay Gümüştekin Ayvas Karadeniz,bay.gumustekin.ayvas.karadeniz482@yaho.com,0524 186 23 69,08-20-2025,2026-05-29,Eyyübiye - Şanlıurfa - Türkiye,225 TL,TRY, 32 ,Clothing,Regular
196,Yıldız Samahat Ülker Arsoy,yildiz.samahat.ulker.arsoy196@outlok.com,+90 558 112 88 01,07/10/2024,02-07-2026,Melikgazi - Kayseri - Türkiye,₺361,TRY,sixty,Clothing,Regular
295,Naide Mansız,naide.mansiz295@hotnail.com,+90559710822,10-14-2025,2026-06-03,Erzurum - Türkiye,"323,13",,,Beauty & Personal Care,Regular
111,Dr. Ağakişi Hükümdar Öcalan, dr.agakisi.hukumdar.ocalan111@example.com ,+90501666870,01-03-2022,23/03/2026,"Türkiye, İzmir",₺102,TRY,28,Books,Budget
326,Müferrih Ruhugül Akçay,muferrih.ruhugul.akcay326@example.com,+90  538   646 31  75 ,"December 10, 2024",2025-04-25,Kocasinan - Kayseri - Türkiye,$153.27,USD,18,Toys & Games,New
67,Erdursun Dalkılıç Akar Duran, erdursun.dalkilic.akar.duran67@example.com ,+90 507 935 97 82,08-08-2025,2026-02-03,"Türkiye, Eskişehir, Odunpazarı",$236.29,USD,46,Groceries,Budget
467,Okt. Havse Selvi Mansız, okt.havse.selvi.mansiz467@example.com ,+90540906788,07-12-2025,04-03-2026,"Türkiye, Denizli",₺175,TRY,28,Clothing,Regular
301,Alice'); DROP TABLE cleaned_records;--,cetinsu.temizkal.demirel.bilge301@example.com,0542 799 07 72,02/01/2022,2025-02-11,"İstanbul, Şişli",$255.74,USD,43,Beauty & Personal Care,Budget
291,Cemiyle Bilge, cemiyle.bilge291@example.com ,+905027073032,2025-11-13,2025-11-25,Kocasinan - Kayseri - Türkiye,$199.37,USD,29,Home & Garden,Regular
143,Dr. Gönen Ebuakil Sezgin, dr.gonen.ebuakil.sezgin143@example.com ,+90 506 174 45 18,"May 22, 2023",07-02-2025,"Türkiye, Eskişehir, Tepebaşı",$136.20,USD,eighteen,Toys & Games,Regular
229,Erginel Nezihi Demir, erginel.nezihi.demir229@example.com ,+905317456824,2025-11-21,31/03/2026,"Türkiye, İzmir, Bornova",113 TL,TRY,eighteen,Books,Regular
386,Nefaret Cuheyna Durdu,nefaret.cuheyna.durdu386@example.com,+90  539   840 28  91 ,04-06-2024,04-13-2025,"Türkiye, Eskişehir, Tepebaşı",₺142,TRY,23,Clothing,Regular
360,Gökperi Demir,gokperi.demir360@outlok.com,+90516806102,09/04/2022,2026-06-16,"Türkiye, Manisa, Şehzadeler",$303.10,USD,forty-eight,Clothing,Regular
460,Öğr. Hafıza Yaman Manço, ogr.hafiza.yaman.manco460@example.com ,+905392312634,2024-11-14,2025-11-03,Nilüfer - Bursa - Türkiye,₺203,TRY,27,Beauty & Personal Care,Regular
363,Çev. Alkor Yaman,cev.alkor.yaman363@gmial.com,0501 227 77 07,09-01-2022,2026-02-05,"Türkiye, Şanlıurfa, Eyyübiye",$174.00,USD,33,Clothing,Budget
410,Çıvgın Yaman, civgin.yaman410@example.com ,+90 572 994 93 87,2024-05-27,2025-06-20,Kayseri - Türkiye,$130.02,USD,30,Electronics,Budget
115,Prof. Huban Kerime Aksu, prof.huban.kerime.aksu115@example.com ,+90577358662,"February 19, 2022",03-31-2026,"Türkiye, Eskişehir, Odunpazarı",₺342,TRY,55,Sports & Outdoors,Regular
71,Aygutalp İhsanoğlu,aygutalp.ihsanoglu71@gmial.com,0540 758 18 14,06-24-2025,05-01-2026,Şehzadeler - Manisa - Türkiye,317 TL,TRY,66,Beauty & Personal Care,Budget
84,Tayaydın Atalay Seven,tayaydin.atalay.seven84@example.com,+90 559 532 78 77,21/03/2024,"February 12, 2025",Konya - Türkiye,₺245,TRY,49,Sports & Outdoors,Budget
284,Sevdinar İhsanoğlu Hayrioğlu, sevdinar.ihsanoglu.hayrioglu284@example.com ,+90  501   061 81  75 ,09-19-2024,15/08/2025,"Türkiye, Eskişehir, Odunpazarı","307,19",,64,Electronics,Budget
377,Öğr. Hanedan İmam Ertaş,ogr.hanedan.imam.ertas377@hotnail.com,+905622827721,25/12/2022,2025-08-12,"Türkiye, Kayseri, Melikgazi",₺137,TRY,25,Clothing,Regular
468,Seniha Hasgül Duran, seniha.hasgul.duran468@example.com ,0543 448 12 30,16/12/2022,25/11/2025,Malatya - Türkiye,$167.62,USD,33,Home & Garden,Budget
60,Çev. Tüzeer Nurullah Bilir,cev.tuzeer.nurullah.bilir60@outlok.com,0556 049 45 19,2023-02-07,04-20-2026,"Türkiye, Manisa, Şehzadeler",₺194,TRY,31,Groceries,Budget
313,Sevgen Akdeniz,sevgen.akdeniz313@hotnail.com,+90462879232,10-23-2023,14/01/2025,"Türkiye, Konya, Meram","223,59",,36,Clothing,Regular
415,Benek Permun Bilge Korutürk,benek.permun.bilge.koruturk415@yaho.com,+90  509   006 33  53 ,2024-10-29,09/02/2025,"Türkiye, Ankara, Yenimahalle",$122.45,USD,23,Books,Budget
337,İlklima Kısakürek,ilklima.kisakurek337@example.com,+90  547   786 60  32 ,2024-06-02,04-01-2025,Kocasinan - Kayseri - Türkiye,"96,56",,26,Groceries,Budget
16,Alanalp Ülker, alanalp.ulker16@example.com ,+90  554   278 49  80 ,2022-03-16,2025-08-18,İpekyolu - Van - Türkiye,"419,58",,70,Clothing,Regular
253,Aydinç Bilgin,aydinc.bilgin253@hotnail.com,0552 056 64 74,02-04-2025,17/05/2025,"Türkiye, Bursa",₺317,TRY,67,Clothing,Budget
58,Eflâtun Arcan Akçay,efltun.arcan.akcay58@example.com,+90 505 395 02 40,28/03/2025,2025-04-07,"Türkiye, İstanbul, Beşiktaş",₺404,TRY,65,Sports & Outdoors,Regular
246,Dr. Bilgütay Erten Alemdar,dr.bilgutay.erten.alemdar246@gmial.com,+90551103924,2025-11-14,2026-01-23,Şahinbey - Gaziantep - Türkiye,"259,53",,39,Beauty & Personal Care,Regular
61,Yigit İhsanoğlu, yigit.ihsanoglu61@example.com ,+90544502296,07-23-2025,15/12/2025,"Türkiye, Şanlıurfa, Eyyübiye",286 TL,TRY,27,Groceries,Premium
483,Eşim Yaman, esim.yaman483@example.com ,0534 111 59 50,2024-08-09,2026-02-26,Yakutiye - Erzurum - Türkiye,"131,66",,36,Groceries,Budget
131,Minibe Ülker, minibe.ulker131@example.com ,+90539596292,15/10/2024,26/04/2025,"Türkiye, Bursa, Nilüfer",$356.50,USD,69,Clothing,Budget
427,Erinçer Akar,erincer.akar427@hotnail.com,+90524924399,26/03/2022,2025-02-16,İlkadım - Samsun - Türkiye,353 TL,TRY,71,Toys & Games,Budget
29,Öğr. Sevican Manço Eraslan,ogr.sevican.manco.eraslan29@example.com,+905552464170,"September 30, 2021",2025-07-03,"Türkiye, Konya, Selçuklu",$286.34,USD,fifty-two,Toys & Games,Budget
461,Galip Akdeniz,galip.akdeniz461@yaho.com,+90  510   668 43  35 ,07-24-2023,08-17-2025,"Türkiye, Manisa, Şehzadeler",266 TL,TRY,48,Clothing,Budget
366,Arş. Gör. Güverçin Şirivan Türk Gül,ars.gor.guvercin.sirivan.turk.gul366@example.com,+90543380054,"February 25, 2022",01-29-2026,"Türkiye, Samsun, Atakum","147,14",,28,Beauty & Personal Care,Budget
284,Sevdinar İhsanoğlu Hayrioğlu,sevdinar.ihsanoglu.hayrioglu284@gmial.com,0501 061 81 75,19/09/2024,2025-12-05,Odunpazarı - Eskişehir - Türkiye,₺314,TRY,64,Toys & Games,Budget
469,Çev. Ünsever Özdil Güçlü, cev.unsever.ozdil.guclu469@example.com ,0524 033 81 05,2022-05-27,03-15-2026,Antalya - Türkiye,₺359,TRY,56,Groceries,New
74,Burakhan Kasim Yılmaz,burakhan.kasim.yilmaz74@outlok.com,+905727170430,10-30-2024,04-11-2026,İlkadım - Samsun - Türkiye,413 TL,TRY,74,Home & Garden,Budget
285,Veis Yüksel,veis.yuksel285@yaho.com,+905094093911,2025-06-19,15/04/2026,"Türkiye, Konya, Selçuklu",₺432,TRY,,Books,Regular
2,Uz. Zamir Açıkel Tarhan,uz.zamir.acikel.tarhan2@yaho.com,+90 516 184 95 93,2021-12-31,"September 29, 2025",Şahinbey - Gaziantep - Türkiye,99 TL,TRY,22,Electronics,Budget
447,Nurbanu Limon Kısakürek Seven, nurbanu.limon.kisakurek.seven447@example.com ,+90532983954,2025-03-24,2025-09-15,Yakutiye - Erzurum,384 TL,TRY,64,Toys & Games,Regular
320,Hanbiken Şemsinisa Sezgin,hanbiken.semsinisa.sezgin320@example.com,+90554529852,2021-12-20,2026-06-21,"Türkiye, İstanbul, Şişli",$181.27,USD,37,Beauty & Personal Care,Budget
264,Vacibe Alemdar Yılmaz, vacibe.alemdar.yilmaz264@example.com ,0534 414 48 85,2021-08-25,"September 17, 2025",Selçuklu - Konya - Türkiye,78 TL,TRY,18,Groceries,Budget
410,Çıvgın Yaman,civgin.yaman410@example.com,+90  572   994 93  87 ,2024-05-27,2025-09-27,"Türkiye, Kayseri, Kocasinan","134,21",,30,Sports & Outdoors,Budget
322,Tekecan Sakarya, tekecan.sakarya322@example.com ,+90  552   893 89  11 ,"September 15, 2022",2025-07-27,Toroslar - Mersin - Türkiye,₺371,TRY,66,Groceries,Budget
340,Tenvir Alemdar,tenvir.alemdar340@outlok.com,+905321234964,"August 23, 2022","May 20, 2026","Türkiye, Gaziantep, Şehitkamil",₺130,TRY, 21 ,Books,Regular
90,Aru Safet Bilir Zorlu,aru.safet.bilir.zorlu90@gmial.com,+90 533 484 34 43,29/01/2022,"December 14, 2025",Eyyübiye - Şanlıurfa - Türkiye,398 TL,TRY, 63 ,Beauty & Personal Care,Regular
286,Hasgül Akdeniz Öcalan,hasgul.akdeniz.ocalan286@example.com,+90  512   447 17  46 ,01-25-2022,2026-03-26,Trabzon - Türkiye,"443,94",,75,Sports & Outdoors,Regular
12,Canseven Ergül Akdeniz,canseven.ergul.akdeniz12@example.com,+90 531 781 08 01,2021-09-21,12-20-2025,Toroslar - Mersin - Türkiye,393 TL,TRY,72,Groceries,Budget
67,Erdursun Dalkılıç Akar Duran,erdursun.dalkilic.akar.duran67@yaho.com,+90 507 935 97 82,08-08-2025,05-03-2026,Odunpazarı - Eskişehir - Türkiye,$256.64,USD,,Beauty & Personal Care,Budget
422,Kopan Bilge,kopan.bilge422@example.com,+90502321283,08-16-2024,08-06-2025,"Türkiye, Gaziantep, Şehitkamil",$272.10,USD,50,Toys & Games,Budget
90,Aru Safet Bilir Zorlu, aru.safet.bilir.zorlu90@example.com ,+90334843443,29/01/2022,2026-02-23,Şanlıurfa - Türkiye,377 TL,TRY,63,Beauty & Personal Care,Regular
323,Gökçil Özertem Dumanlı,gokcil.ozertem.dumanli323@gmial.com,+90 542 801 38 75,13/01/2022,27/06/2026,Konya - Türkiye,₺261,TRY,55,Home & Garden,Budget
195,Özpınar Selâtin Çetin Türk,ozpinar.seltin.cetin.turk195@gmial.com,+905573993051,"April 24, 2025","February 17, 2026","Türkiye, İstanbul, Kadıköy",$233.34,USD,42,Electronics,Budget
128,Yamin Merzuk Yılmaz, yamin.merzuk.yilmaz128@example.com ,+90  557   905 07  23 ,10-18-2023,2025-02-16,"Türkiye, Kayseri, Melikgazi",₺290,TRY,53,Sports & Outdoors,Regular
198,Akyıldız Akdeniz, akyildiz.akdeniz198@example.com ,0532 684 24 50,2022-11-05,2026-02-10,Kayapınar - Diyarbakır - Türkiye,395 TL,TRY,,Beauty & Personal Care,Regular
262,Muvaffak Avşin Hayrioğlu,muvaffak.avsin.hayrioglu262@yaho.com,+90545516814,2023-04-23,02-01-2025,Çankaya - Ankara - Türkiye,₺144,TRY,26,Home & Garden,Budget
116,Kaygusuz Akver Akdeniz Güçlü, kaygusuz.akver.akdeniz.guclu116@example.com ,+90  543   114 26  26 ,2024-03-04,"February 21, 2025","Türkiye, İzmir, Karşıyaka",172 TL,TRY, 41 ,Home & Garden,Budget
40,Uz. Servinaz Adila Gül,uz.servinaz.adila.gul40@gmial.com,+90 539 904 90 27,01-15-2023,01-18-2025,"Kayseri, Kocasinan",322 TL,TRY,59,Clothing,Regular
67,Erdursun Dalkılıç Akar Duran, erdursun.dalkilic.akar.duran67@example.com ,+905079359582,08-08-2025,2025-10-27,"Türkiye, Eskişehir, Odunpazarı",246 TL,TRY,46,Clothing,Budget
384,Dürrüşehvar Seven, durrusehvar.seven384@example.com ,+90 524 124 62 09,2024-02-15,23/01/2026,"Türkiye, Kayseri, Melikgazi","169,17",,29,Toys & Games,Budget
3,Suat Şafak, suat.safak3@example.com ,+90 553 419 28 32,11/05/2023,02/07/2025,Şehitkamil - Gaziantep - Türkiye,₺202,TRY,42,Groceries,Budget
215,Öğr. Uğurtan Erbil Hançer,ogr.ugurtan.erbil.hancer215@outlok.com,+90  538   430 98  83 ,07-02-2022,24/02/2026,"Türkiye, Erzurum, Yakutiye",₺161,TRY,28,Books,Regular
190,Över İlalmış Aksu Hançer, over.ilalmis.aksu.hancer190@example.com ,+90 504 380 57 19,2022-02-28,20/05/2026,Kocasinan - Kayseri - Türkiye,365 TL,TRY,,Clothing,Regular
321,Gürcüye Gülev Mansız Eraslan,gurcuye.gulev.mansiz.eraslan321@gmial.com,+90 501 193 93 25,14/10/2025,"April 30, 2026",Nilüfer - Bursa - Türkiye,$109.68,USD,23,Clothing,Budget
491,Dr. Dilcan Ticen Tevetoğlu Duran,dr.dilcan.ticen.tevetoglu.duran491@example.com,+905468961367,13/03/2022,07-31-2025,Antalya - Türkiye,116 TL,TRY,23,Sports & Outdoors,Budget
387,Bişar Ülker, bisar.ulker387@example.com ,+90 574 355 37 95,11-10-2025,"March 06, 2026",Bursa - Türkiye,315 TL,TRY,62,Toys & Games,Budget
165,Zeyno Ertaş,zeyno.ertas165@example.com,+90  508   214 86  28 ,"October 05, 2022",18/07/2025,Kocasinan - Kayseri - Türkiye,"87,41",,19,Clothing,Budget
393,Mevlüdiye Çamurcuoğlu,mevludiye.camurcuoglu393@outlok.com,+90536133241,06-09-2022,2025-03-19,İpekyolu - Van - Türkiye,₺272,TRY, 58 ,Electronics,Budget
355,Argu Karadeniz,argu.karadeniz355@outlok.com,+90  501   896 16  42 ,2024-08-08,06-16-2026,"Türkiye, Ankara, Yenimahalle",₺559,TRY, 67 ,Home & Garden,Premium
54,Piran Nurda Dumanlı,piran.nurda.dumanli54@outlok.com,+90 537 098 59 31,2022-05-21,02-11-2025,Üsküdar - İstanbul - Türkiye,436 TL,TRY,70,Electronics,Regular
149,Turabi Sezer, turabi.sezer149@example.com ,+90524720999,"July 27, 2024",2025-04-27,Meram - Konya - Türkiye,314 TL,TRY,59,Clothing,Budget
311,Zöhrehan Ferhan Erdoğan,zohrehan.ferhan.erdogan311@example.com,+90 556 265 65 04,2024-01-06,18/02/2025,"Türkiye, Diyarbakır",211 TL,TRY,40,Home & Garden,Budget
432,Fatinur Dumanlı, fatinur.dumanli432@example.com ,+905100409213,2023-01-08,"March 20, 2025","Türkiye, Şanlıurfa, Eyyübiye",$369.11,USD,68,Toys & Games,Budget
499,Bayan Nürice Arsoy Eraslan,bayan.nurice.arsoy.eraslan499@example.com,0505 384 44 46,2022-03-05,12-11-2025,Pamukkale - Denizli - Türkiye,$140.37,USD, 33 ,Clothing,Budget
453,Hiçsönmez Hançer,hicsonmez.hancer453@example.com,0509 728 32 15,03-14-2025,2025-12-21,"Türkiye, Gaziantep, Şehitkamil",₺336,TRY,50,Groceries,Regular
378,Ruhugül Gül Sakarya, ruhugul.gul.sakarya378@example.com ,0502 851 96 11,2023-11-17,2025-09-25,Kayapınar - Diyarbakır - Türkiye,261 TL,TRY,54,Groceries,Budget
427,Erinçer Akar,erincer.akar427@yaho.com,+905249724396,03-26-2022,2025-10-21,"Türkiye, Samsun, İlkadım",$395.52,USD,71,Books,Budget
413,Uz. Kavurt Duran, uz.kavurt.duran413@example.com ,0500 412 57 77,26/07/2025,2025-08-31,"Türkiye, Trabzon, Ortahisar",$180.44,USD,,Beauty & Personal Care,Regular
208,Hürdoğan Sezgin, hurdogan.sezgin208@example.com ,+905432225953,16/08/2023,2026-04-03,Eyyübiye - Şanlıurfa - Türkiye,365 TL,TRY,69,Groceries,Budget
461,Galip Akdeniz,galip.akdeniz461@example.com,+90  510   668 43  35 ,07-24-2023,04/03/2025,Manisa - Türkiye,$278.25,USD,,Electronics,Budget
84,Tayaydın Atalay Seven, tayaydin.atalay.seven84@example.com ,0559 532 78 77,03-21-2024,"September 12, 2025","Türkiye, Konya, Meram",₺271,TRY,49,Beauty & Personal Care,Budget
231,Seydo Şener,seydo.sener231@example.com,+90  536   866 32  66 ,17/09/2024,11/04/2026,Üsküdar - İstanbul - Türkiye,"156,80",,34,Home & Garden,Budget
459,Gülay Günar Şama, gulay.gunar.sama459@example.com ,+90  582   341 43  63 ,"April 17, 2023","May 13, 2025",Şahinbey - Gaziantep - Türkiye,$558.90,USD,63,Electronics,Premium
385,Safinaz Ayçan Arslan Tevetoğlu, safinaz.aycan.arslan.tevetoglu385@example.com ,+90  503   399 37  88 ,2023-10-16,2025-09-10,"Türkiye, Ankara, Keçiören","123,26",,25,Beauty & Personal Care,Budget
57,Yrd. Doç. Duruk Abdülahat Erdoğan,yrd.doc.duruk.abdulahat.erdogan57@outlok.com,0552 904 22 84,2024-12-20,2025-08-18,Yenişehir - Mersin - Türkiye,160 TL,TRY,25,Toys & Games,Regular
450,Sağıt Umman Kısakürek Arslan,sagit.umman.kisakurek.arslan450@gmial.com,+905102562585,13/08/2022,2025-01-16,"Türkiye, İstanbul, Beşiktaş",$595.81,USD,74,Toys & Games,Premium
470,Kamar Tarhan, kamar.tarhan470@example.com ,+905534240831,24/11/2021,2025-05-10,"Türkiye, Eskişehir, Odunpazarı",₺384,TRY,65,Clothing,Regular
25,Eflâtun İlgi Türk,efltun.ilgi.turk25@outlok.com,+905489513435,2025-02-14,2026-02-27,Seyhan - Adana - Türkiye,₺83,TRY,19,Electronics,Budget
245,Mazlum Demir,mazlum.demir245@gmial.com,+905590424979,17/02/2025,26/03/2026,İpekyolu - Van,261 TL,TRY, 46 ,Clothing,Budget
337,İlklima Kısakürek,ilklima.kisakurek337@example.com,0547 786 60 32,02/06/2024,2026-03-30,"Türkiye, Kayseri, Kocasinan",$121.77,USD,26,Electronics,Budget
394,Necva Yılmaz,necva.yilmaz394@example.com,+90  509   543 17  35 ,2025-08-23,03-31-2026,Eyyübiye - Şanlıurfa - Türkiye,"353,87",,70,Sports & Outdoors,Budget
461,Galip Akdeniz,galip.akdeniz461@hotnail.com,0510 668 43 35,07-24-2023,06-15-2025,"Türkiye, Manisa, Şehzadeler",₺252,TRY,48,Sports & Outdoors,Budget
282,Av. Faize Dumanlı Duran,av.faize.dumanli.duran282@outlok.com,+90537395041,"August 27, 2025",03-23-2026,"Türkiye, Denizli, Pamukkale",₺197,TRY,twenty-eight,Electronics,Regular
361,Behrem Yılmaz,behrem.yilmaz361@yaho.com,+90 549 956 41 22,14/11/2025,11/12/2025,"Trabzon, Ortahisar","159,68",,thirty,Electronics,Budget
54,Piran Nurda Dumanlı,piran.nurda.dumanli54@example.com,+90  537   098 59  31 ,2022-05-21,2025-08-19,Üsküdar - İstanbul - Türkiye,$396.15,USD,70,Groceries,Regular
449,Bağdat Şama,bagdat.sama449@hotnail.com,+905435909262,05/03/2024,06-06-2026,"Türkiye, İzmir, Karşıyaka",₺401,TRY,68,Books,Regular
306,Uz. Cannur Çorlu, uz.cannur.corlu306@example.com ,+90556955798,06-15-2023,07-16-2025,Eyyübiye - Şanlıurfa - Türkiye,207 TL,TRY,47,Toys & Games,Budget
415,Benek Permun Bilge Korutürk,benek.permun.bilge.koruturk415@example.com,+905090013353,2024-10-29,18/11/2025,Yenimahalle - Ankara - Türkiye,$100.89,USD,23,Clothing,Budget
452,Güçyeter Çorlu,gucyeter.corlu452@hotnail.com,+90 596 727 57 84,27/05/2024,08/07/2025,"Türkiye, Samsun, İlkadım",₺264,TRY,45,Books,Regular
58,Eflâtun Arcan Akçay,efltun.arcan.akcay58@example.com,+907053950240,2025-03-28,2026-05-31,Beşiktaş - İstanbul - Türkiye,₺396,TRY,65,Sports & Outdoors,Regular
138,Melihcan Çetin, melihcan.cetin138@example.com ,+90541413285,"October 04, 2023",24/11/2025,"Türkiye, Erzurum, Yakutiye",350 TL,TRY,55,Electronics,Regular
63,Aykutalp Sakarya, aykutalp.sakarya63@example.com ,+90 551 076 22 68,"January 01, 2022",25/06/2025,"Türkiye, Denizli","161,54",,32,Groceries,Regular
491,Dr. Dilcan Ticen Tevetoğlu Duran,dr.dilcan.ticen.tevetoglu.duran491@example.com,+90  546   296 13  67 ,03-13-2022,30/08/2025,"Türkiye, Antalya, Muratpaşa",$133.00,USD, 23 ,Beauty & Personal Care,Budget
287,Bayan Muarra Sonnur Demirel,bayan.muarra.sonnur.demirel287@example.com,+90 542 717 39 62,05-01-2022,06/07/2025,Eskişehir - Türkiye,$284.97,USD,49,Groceries,Budget
172,Bayan Oluş Şama Ülker, bayan.olus.sama.ulker172@example.com ,0558 428 24 17,03-25-2025,23/09/2025,"Türkiye, Gaziantep, Şehitkamil","343,89",,65,Beauty & Personal Care,Budget
118,Haliye Habibe Yıldırım,haliye.habibe.yildirim118@example.com,+905466483982,"February 08, 2022",11/03/2026,Nilüfer - Bursa - Türkiye,₺226,TRY,42,Clothing,Budget
5,Arş. Gör. Sıylıhan Akbaş Durmuş,ars.gor.siylihan.akbas.durmus5@example.com,0596 965 32 87,2025-06-09,26/09/2025,Konya - Türkiye,334 TL,TRY,66,Beauty & Personal Care,Budget
18,Av. Azettin Kavurt Aslan,av.azettin.kavurt.aslan18@example.com,0540 164 00 52,18/05/2022,2025-06-05,Toroslar - Mersin - Türkiye,"198,29",,34,Clothing,Budget
158,Yahşi Soylu, yahsi.soylu158@example.com ,+90  501   533 68  84 ,2022-03-31,11-01-2025,Bornova - İzmir - Türkiye,₺151,TRY,36,Clothing,Budget
487,Adlan Eraslan,adlan.eraslan487@gmial.com,+90 502 481 71 75,2024-12-30,02/03/2025,"Türkiye, Şanlıurfa, Eyyübiye",$196.48,USD,36,Home & Garden,Budget
48,Hayrünnisa Ağbegim Yüksel,hayrunnisa.agbegim.yuksel48@example.com,+90572400045,11-06-2023,2026-01-03,Eyyübiye - Şanlıurfa - Türkiye,$213.72,USD,forty-five,Home & Garden,Budget
43,Türknur Şennur Akar, turknur.sennur.akar43@example.com ,+905109326808,2023-08-30,2025-08-27,"Türkiye, Trabzon, Ortahisar",165 TL,TRY, 23 ,Electronics,Budget
26,Rabbiye Aslan,rabbiye.aslan26@hotnail.com,+90516328708,2024-07-20,2025-06-29,"Türkiye, Şanlıurfa, Eyyübiye",$366.27,USD,72,Groceries,Budget
367,Sevican Asu Yorulmaz,sevican.asu.yorulmaz367@outlok.com,+905745501428,2022-07-24,"January 11, 2025",Yeşilyurt - Malatya - Türkiye,₺312,TRY,60,Toys & Games,Budget
382,Mengi Sakarya, mengi.sakarya382@example.com ,+90 543 397 18 95,2023-09-12,2025-03-31,"Türkiye, Ankara, Yenimahalle",$229.13,USD,55,Home & Garden,Budget
361,Behrem Yılmaz,behrem.yilmaz361@example.com,+905499164122,14/11/2025,17/01/2026,Ortahisar - Trabzon - Türkiye,"127,00",,thirty,Sports & Outdoors,Budget
336,Muvaffak Kanak Tarhan Korutürk,muvaffak.kanak.tarhan.koruturk336@hotnail.com,+90 548 969 08 35,"May 10, 2023",2026-06-17,Yeşilyurt - Malatya - Türkiye,160 TL,TRY,27,Books,Budget
266,Dr. Selime İnönü Yorulmaz, dr.selime.inonu.yorulmaz266@example.com ,+90 582 357 84 52,20/08/2021,2025-02-18,"Türkiye, Adana, Çukurova",₺350,TRY,73,Home & Garden,Budget
363,Çev. Alkor Yaman, cev.alkor.yaman363@example.com ,+90501227707,09-01-2022,2025-05-05,"Türkiye, Şanlıurfa, Eyyübiye",₺171,TRY,33,Electronics,Budget
57,Yrd. Doç. Duruk Abdülahat Erdoğan,yrd.doc.duruk.abdulahat.erdogan57@example.com,0552 904 22 84,"December 20, 2024",21/02/2025,"Türkiye, Mersin",₺155,TRY, 25 ,Books,Regular
113,Prof. Ürfettin Akçay,prof.urfettin.akcay113@yaho.com,+90  542   939 68  56 ,"September 17, 2021",2025-09-01,"Türkiye, Trabzon, Ortahisar",₺390,TRY,65,Groceries,Budget
418,Yrd. Doç. Rana Rümeysa Arslan, yrd.doc.rana.rumeysa.arslan418@example.com ,+90501364971,2022-10-04,13/02/2025,"Türkiye, Mersin, Toroslar",$154.23,USD,28,Groceries,Budget
32,Nevsale Bilgin Yaman,nevsale.bilgin.yaman32@example.com,+905067145726,17/12/2024,"July 30, 2025",Kocasinan - Kayseri - Türkiye,$385.79,USD, 64 ,Toys & Games,Regular
88,Sevginur Misra İhsanoğlu,sevginur.misra.ihsanoglu88@example.com,+90559526949,2023-02-08,"January 01, 2026","Türkiye, Eskişehir, Tepebaşı","394,10",,71,Sports & Outdoors,Regular
114,Bayan Gül Müsemma Çetin,bayan.gul.musemma.cetin114@example.com,+90550163199,2022-08-11,30/01/2026,Karşıyaka - İzmir - Türkiye,292 TL,TRY,43,Electronics,New
30,Erdibay Korutürk,erdibay.koruturk30@hotnail.com,+90 510 033 09 23,03-29-2025,04-05-2026,Samsun - Türkiye,317 TL,TRY,48,Beauty & Personal Care,Regular
27,Dirlik Çamurcuoğlu,dirlik.camurcuoglu27@gmial.com,+90572743487,08/06/2022,2025-05-29,Kepez - Antalya - Türkiye,$172.25,USD,33,Books,Budget
230,Koçak Soylu,kocak.soylu230@hotnail.com,0547 807 74 06,22/04/2024,12/02/2025,Kepez - Antalya - Türkiye,₺300,TRY,56,Clothing,Budget
311,Zöhrehan Ferhan Erdoğan,zohrehan.ferhan.erdogan311@yaho.com,+905562656304,06/01/2024,2026-05-25,Diyarbakır - Türkiye,$215.40,USD,40,Toys & Games,Budget
391,Tanbay İhsanoğlu, tanbay.ihsanoglu391@example.com ,+90 506 056 64 18,05-02-2023,07-01-2025,"Türkiye, Bursa, Osmangazi",$298.23,USD,49,Books,Regular
438,Tanyolaç Tevetoğlu,tanyolac.tevetoglu438@example.com,+90553995668,2023-07-02,2025-07-06,"Türkiye, Şanlıurfa, Eyyübiye",344 TL,TRY,69,Beauty & Personal Care,Budget
425,Ruhsat Oymak Akar Akçay,ruhsat.oymak.akar.akcay425@example.com,0508 576 66 56,03-16-2023,2026-03-05,"Türkiye, Konya, Selçuklu","209,04",,37,Clothing,Regular
55,Dr. Hoşkadem Hadrey Erdoğan Şama, dr.hoskadem.hadrey.erdogan.sama55@example.com ,0512 004 71 13,08/12/2022,"July 07, 2025","Türkiye, Kayseri, Kocasinan","174,45",,26,Electronics,Regular
76,Çev. Safinaz Çisem Ülker Demirel,cev.safinaz.cisem.ulker.demirel76@hotnail.com,+90  516   169 28  45 ,2025-05-16,06-05-2025,Yeşilyurt - Malatya - Türkiye,₺115,TRY,23,Groceries,Budget
306,Uz. Cannur Çorlu,uz.cannur.corlu306@gmial.com,+90 556 955 79 88,2023-06-15,"May 15, 2026","Türkiye, Şanlıurfa, Eyyübiye",258 TL,TRY,47,Home & Garden,Budget
138,Melihcan Çetin,melihcan.cetin138@example.com,+90 541 418 32 85,10-04-2023,"May 22, 2025",Yakutiye - Erzurum - Türkiye,345 TL,TRY,55,Sports & Outdoors,Regular
499,Bayan Nürice Arsoy Eraslan,bayan.nurice.arsoy.eraslan499@hotnail.com,+90505384446,2022-03-05,2025-05-28,Denizli - Türkiye,163 TL,TRY,33,Clothing,Budget
2,Uz. Zamir Açıkel Tarhan,uz.zamir.acikel.tarhan2@gmial.com,+90  516   184 95  93 ,12-31-2021,05-31-2025,Şahinbey - Gaziantep,102 TL,TRY,twenty-two,Books,Budget
253,Aydinç Bilgin,aydinc.bilgin253@outlok.com,+90 552 056 64 74,2025-02-04,2025-03-20,Nilüfer - Bursa - Türkiye,"331,70",,67,Groceries,Budget
322,Tekecan Sakarya, tekecan.sakarya322@example.com ,+90  552   893 89  11 ,15/09/2022,05-09-2025,"Türkiye, Mersin, Toroslar",₺321,TRY,66,Electronics,Budget
447,Nurbanu Limon Kısakürek Seven, nurbanu.limon.kisakurek.seven447@example.com ,+90  543   298 39  54 ,2025-03-24,2026-01-12,"Türkiye, Erzurum, Yakutiye","357,34",,64,Clothing,Regular
373,Nurser Tevetoğlu, nurser.tevetoglu373@example.com ,+90  548   926 73  89 ,2022-06-25,07/03/2025,"Türkiye, Samsun, İlkadım",₺367,TRY,59,Clothing,Regular
485,Çerçi Demirel,cerci.demirel485@example.com,+90  546   835 65  21 ,2024-02-03,12-18-2025,"Türkiye, Van, İpekyolu","421,41",,44,Electronics,Premium
26,Rabbiye Aslan,rabbiye.aslan26@hotnail.com,+90516328708,"July 20, 2024",17/01/2025,Eyyübiye - Şanlıurfa - Türkiye,"406,50",,72,Books,Budget
238,Teber Bilir,teber.bilir238@example.com,+90  558   556 65  93 ,16/10/2022,2025-02-12,"Türkiye, Mersin, Yenişehir",280 TL,TRY,52,Beauty & Personal Care,Budget
423,Nalân Güverçin Şama,naln.guvercin.sama423@example.com,+905067149828,2021-11-15,2025-05-25,"Diyarbakır, Kayapınar",157 TL,TRY,29,Electronics,Budget
66,Altınkaya Koşukhan Gül Şama,altinkaya.kosukhan.gul.sama66@yaho.com,+905127799699,2024-02-20,2026-01-21,"Türkiye, Samsun, Atakum",₺464,TRY,,Books,New
17,Prof. Ferzi Asım Akdeniz, prof.ferzi.asim.akdeniz17@example.com ,+905411854493,"December 04, 2021",2025-04-12,Nilüfer - Bursa - Türkiye,172 TL,TRY,39,Home & Garden,Budget
140,Dr. Gülşeref Umuşan Güçlü Çetin,dr.gulseref.umusan.guclu.cetin140@example.com,+90564814917,31/01/2023,"April 18, 2025",Üsküdar - İstanbul - Türkiye,"214,16",, 41 ,Beauty & Personal Care,Budget
106,Uğurkan Akçay, ugurkan.akcay106@example.com ,+90  558   771 75  35 ,12/03/2024,"November 29, 2025",Kayseri - Türkiye,$247.68,USD,44,Beauty & Personal Care,Budget
434,Kâzime İslime Yorulmaz,kzime.islime.yorulmaz434@gmial.com,+905091803579,2022-02-06,05/11/2025,"Türkiye, Trabzon",₺527,TRY, 60 ,Home & Garden,Premium
483,Eşim Yaman,esim.yaman483@outlok.com,+90  534   111 59  50 ,08-09-2024,2026-01-31,Yakutiye - Erzurum - Türkiye,$195.87,USD, 36 ,Groceries,Budget
44,Karaer İnönü,karaer.inonu44@gmial.com,+90  512   748 46  77 ,31/07/2024,27/02/2026,"Bursa, Osmangazi",₺241,TRY,47,Toys & Games,Regular
161,Zeride Çorlu,zeride.corlu161@gmial.com,0516 089 89 92,"April 10, 2025",03-20-2026,"Türkiye, Erzurum, Yakutiye",₺388,TRY,66,Books,Regular
451,Şefiye Bilge,sefiye.bilge451@gmial.com,+906408222694,26/08/2025,05/11/2025,"Türkiye, Şanlıurfa, Eyyübiye","399,65",, 64 ,Beauty & Personal Care,Regular
397,Aydinç Korutürk, aydinc.koruturk397@example.com ,+90  538   806 53  33 ,2025-07-25,22/11/2025,Şehzadeler - Manisa - Türkiye,$184.65,USD, 39 ,Groceries,Budget
111,Dr. Ağakişi Hükümdar Öcalan,dr.agakisi.hukumdar.ocalan111@example.com,+90  501   666 87  00 ,01-03-2022,03-08-2025,İzmir - Türkiye,$108.78,USD,28,Toys & Games,Budget
178,Nurmelek Hayrioğlu,nurmelek.hayrioglu178@outlok.com,0532 603 32 30,2022-08-23,2025-04-25,Eyyübiye - Şanlıurfa - Türkiye,$271.59,USD,50,Groceries,Budget
218,Çev. Meryeme Hüda Bilgin Demir,cev.meryeme.huda.bilgin.demir218@yaho.com,+90541633565,11/12/2022,2025-02-27,"Kayseri, Kocasinan",$268.79,USD,18,Clothing,Premium
491,Dr. Dilcan Ticen Tevetoğlu Duran, dr.dilcan.ticen.tevetoglu.duran491@example.com ,0546 296 13 67,03-13-2022,06-12-2026,Antalya,$105.96,USD, 23 ,Sports & Outdoors,Budget
87,Emal Ülker Şensoy,emal.ulker.sensoy87@outlok.com,+901168784991,24/03/2025,2026-05-19,"Türkiye, Samsun, Atakum",$175.18,USD,24,Beauty & Personal Care,Regular
49,Atilhan Gül, atilhan.gul49@example.com ,+90574217594,2022-05-14,2026-06-11,"Türkiye, Malatya","248,79",,45,Clothing,Regular
104,Feyha Korutürk,feyha.koruturk104@yaho.com,+90 539 837 35 40,2024-10-05,27/02/2025,Çankaya - Ankara - Türkiye,₺212,TRY,30,Toys & Games,New
24,Dr. Günkurt Şanlı Öcalan, dr.gunkurt.sanli.ocalan24@example.com ,+905936995777,02-28-2022,2025-11-02,Üsküdar - İstanbul - Türkiye,₺217,TRY,31,Electronics,Regular
56,Soykut Durmuş,soykut.durmus56@gmial.com,+90  553   773 51  58 ,"May 02, 2022",02/10/2025,Atakum - Samsun - Türkiye,$196.05,USD,40,Sports & Outdoors,Budget
492,Temirhan Zorlu,temirhan.zorlu492@gmial.com,+905096056750,10-05-2024,07-29-2025,"Türkiye, Diyarbakır, Kayapınar",₺375,TRY,73,Beauty & Personal Care,Budget
54,Piran Nurda Dumanlı,piran.nurda.dumanli54@outlok.com,+905370980931,2022-05-21,2025-04-18,Üsküdar - İstanbul,423 TL,TRY,seventy,Toys & Games,Regular
203,Musaffa Akdeniz, musaffa.akdeniz203@example.com ,+90541080996,08-20-2021,2025-06-04,Kocasinan - Kayseri - Türkiye,277 TL,TRY,55,Books,Budget
8,Çerçi Sezgin, cerci.sezgin8@example.com ,+905824896583,13/12/2021,"April 21, 2025",Antalya - Türkiye,$238.97,USD,37,Electronics,Regular
466,Doç. Metinkaya Türk,doc.metinkaya.turk466@yaho.com,+90  502   368 48  55 ,2023-06-08,2026-03-30,Kayapınar - Diyarbakır - Türkiye,₺465,TRY,58,Home & Garden,Premium
149,Turabi Sezer,turabi.sezer149@example.com,+90  524   472 09  99 ,"July 27, 2024",2025-02-19,Meram - Konya - Türkiye,₺281,TRY,59,Electronics,Budget
286,Hasgül Akdeniz Öcalan,hasgul.akdeniz.ocalan286@yaho.com,+90512447746,25/01/2022,12-14-2025,Ortahisar - Trabzon - Türkiye,₺453,TRY,75,Electronics,Regular
240,Uz. Savni Arıel Aksu,uz.savni.ariel.aksu240@yaho.com,0543 350 48 88,2022-10-01,"February 01, 2025","Türkiye, Kayseri, Melikgazi",264 TL,TRY,54,Books,Budget
12,Canseven Ergül Akdeniz,canseven.ergul.akdeniz12@hotnail.com,+90531710801,21/09/2021,04-24-2025,Mersin - Türkiye,$352.08,USD,72,Home & Garden,Budget
328,Yurtseven Tule Çamurcuoğlu Aslan,yurtseven.tule.camurcuoglu.aslan328@example.com,+90  532   010 17  02 ,2023-10-21,"April 13, 2026",Eyyübiye - Şanlıurfa,₺310,TRY,56,Toys & Games,Regular
250,Rahiye Kumral Zorlu,rahiye.kumral.zorlu250@yaho.com,+90 532 562 16 89,10/06/2022,2025-04-17,"Türkiye, İstanbul, Üsküdar",$298.98,USD,61,Books,Budget
483,Eşim Yaman,esim.yaman483@example.com,+90534111550,09/08/2024,2026-03-11,Yakutiye - Erzurum - Türkiye,209 TL,TRY,36,Clothing,Budget
359,Bedri Duran,bedri.duran359@gmial.com,+90  559   779 45  23 ,11-28-2024,06-03-2025,"Türkiye, Antalya, Kepez",$285.61,USD,23,Books,Premium
159,Çev. Meşhur Asalet Demirel, cev.meshur.asalet.demirel159@example.com ,+90  541   714 67  74 ,09/06/2025,2025-10-09,Nilüfer - Bursa - Türkiye,351 TL,TRY,59,Books,Regular
317,İnançlı Ülker,inancli.ulker317@example.com,+90 572 520 45 65,09-04-2025,02/04/2026,"Türkiye, Antalya, Kepez","211,10",,36,Home & Garden,Budget
322,Tekecan Sakarya,tekecan.sakarya322@example.com,+905528938711,2022-09-15,2026-03-30,Toroslar - Mersin - Türkiye,358 TL,TRY,66,Groceries,Budget
33,Dr. Aysuna Bilge Demir,dr.aysuna.bilge.demir33@outlok.com,+905379963075,2024-12-05,2025-08-27,Toroslar - Mersin - Türkiye,₺288,TRY,49,Electronics,Budget
432,Fatinur Dumanlı,fatinur.dumanli432@example.com,+90 510 040 90 13,2023-01-08,2025-04-01,"Türkiye, Şanlıurfa, Eyyübiye","348,03",,68,Home & Garden,Budget
100,Tülin Soylu,tulin.soylu100@example.com,+90567383028,2024-04-29,2026-05-31,Çankaya - Ankara - Türkiye,"332,72",,thirty-two,Beauty & Personal Care,Premium
487,Adlan Eraslan, adlan.eraslan487@example.com ,+905024827175,"December 30, 2024",08/05/2025,Eyyübiye - Şanlıurfa - Türkiye,"187,61",, 36 ,Electronics,Budget
309,Sevim Eraslan, sevim.eraslan309@example.com ,+90  557   828 41  06 ,02-24-2023,02-02-2026,"Türkiye, Samsun, İlkadım",$342.41,USD,67,Clothing,Budget
308,Ekmel Ertaş,ekmel.ertas308@yaho.com,+90559275238,25/12/2021,13/02/2026,Şehzadeler - Manisa - Türkiye,149 TL,TRY,20,Books,Regular
165,Zeyno Ertaş,zeyno.ertas165@yaho.com,+905082140628,2022-10-05,"November 28, 2025",Kocasinan - Kayseri - Türkiye,86 TL,TRY,19,Toys & Games,Budget
473,Ayülker Şensoy,ayulker.sensoy473@yaho.com,+90501002312,06-07-2022,11-08-2025,"Türkiye, Gaziantep, Şehitkamil",$285.67,USD,56,Sports & Outdoors,Budget
