row_index,customer_id,name_true,email_true,phone_true_e164,signup_date_true,order_date_true,city_true,district_true,country_true,order_amount_true,customer_age_true
0,374,Servinaz Tülin Tevetoğlu,servinaz.tulin.tevetoglu374@example.com,+905527636556,2024-05-19,2025-06-16,Manisa,Şehzadeler,Türkiye,225.95,46
1,260,Boztaş Gürelcem Seven Sezer,boztas.gurelcem.seven.sezer260@example.com,+905059325250,2025-10-29,2026-01-09,İstanbul,Şişli,Türkiye,186.05,27
2,199,Av. Tangül Deha Şafak,av.tangul.deha.safak199@example.com,+905839826224,2024-04-05,2025-10-18,Trabzon,Ortahisar,Türkiye,191.61,35
3,392,Asiman Akçay,asiman.akcay392@example.com,+905051204618,2023-04-25,2026-01-26,Samsun,Atakum,Türkiye,157.99,29
4,289,Okyalaz Türk,okyalaz.turk289@example.com,+905466609935,2021-11-16,2026-04-22,Şanlıurfa,Eyyübiye,Türkiye,350.02,63
5,83,Öğr. Baydu Serda Yüksel,ogr.baydu.serda.yuksel83@example.com,+905328588424,2023-04-01,2025-06-26,Denizli,Pamukkale,Türkiye,364.71,69
6,360,Gökperi Demir,gokperi.demir360@example.com,+905589026012,2023-04-22,2026-03-27,Malatya,Yeşilyurt,Türkiye,345.44,56
7,45,Arş. Gör. Özakan İhsanoğlu,ars.gor.ozakan.ihsanoglu45@example.com,+905699016272,2025-09-01,2026-05-12,Antalya,Muratpaşa,Türkiye,241.24,34
8,274,Oliver İhsanoğlu,oliver.ihsanoglu274@example.com,+905989921722,2024-10-05,2025-12-02,Ankara,Yenimahalle,Türkiye,354.32,69
9,365,Prof. Nevsale Uğur Zengin Sakarya,prof.nevsale.ugur.zengin.sakarya365@example.com,+905904268181,2023-02-16,2026-03-14,Diyarbakır,Kayapınar,Türkiye,208.97,36
10,297,Miyesser Şener Demirel,miyesser.sener.demirel297@example.com,+905104478985,2023-07-08,2025-04-18,Kayseri,Melikgazi,Türkiye,429.58,74
11,474,Av. Nura Durmuş İhsanoğlu,av.nura.durmus.ihsanoglu474@example.com,+905818913718,2022-09-12,2025-12-06,Mersin,Toroslar,Türkiye,221.24,37
12,367,Sevican Asu Yorulmaz,sevican.asu.yorulmaz367@example.com,+905714163356,2023-12-20,2025-12-02,Van,İpekyolu,Türkiye,283.93,51
13,375,Dr. Dilşat Âlemşah Gül,dr.dilsat.lemsah.gul375@example.com,+905143866322,2023-04-19,2025-11-30,Antalya,Muratpaşa,Türkiye,371.56,69
14,218,Çev. Meryeme Hüda Bilgin Demir,cev.meryeme.huda.bilgin.demir218@example.com,+905881914858,2021-09-15,2025-07-24,Diyarbakır,Kayapınar,Türkiye,303.63,20
15,240,Uz. Savni Arıel Aksu,uz.savni.ariel.aksu240@example.com,+905380003075,2023-10-20,2025-09-01,Van,İpekyolu,Türkiye,119.87,27
16,333,Av. Ulutay Yilmaz Tarhan,av.ulutay.yilmaz.tarhan333@example.com,+905061809190,2022-01-07,2025-02-18,Denizli,Pamukkale,Türkiye,387.32,72
17,138,Melihcan Çetin,melihcan.cetin138@example.com,+905831323705,2022-11-04,2025-10-29,Adana,Çukurova,Türkiye,296.67,54
18,445,Bay Erdogan Demirel,bay.erdogan.demirel445@example.com,+905299787729,2024-08-23,2026-02-18,Manisa,Şehzadeler,Türkiye,333.4,63
19,197,Orgün Şensoy,orgun.sensoy197@example.com,+905047541212,2023-07-14,2025-08-03,Bursa,Nilüfer,Türkiye,249.42,46
20,480,Okt. Arziye Ruhide Yorulmaz Gülen,okt.arziye.ruhide.yorulmaz.gulen480@example.com,+905410276747,2021-10-06,2026-01-08,Ankara,Yenimahalle,Türkiye,426.66,66
21,352,Gülev Demir,gulev.demir352@example.com,+905929842579,2022-08-21,2026-06-12,Denizli,Pamukkale,Türkiye,79.24,22
22,395,Av. Beyda Durdu,av.beyda.durdu395@example.com,+905313650249,2025-04-11,2025-10-04,Samsun,İlkadım,Türkiye,430.0,43
23,491,Dr. Dilcan Ticen Tevetoğlu Duran,dr.dilcan.ticen.tevetoglu.duran491@example.com,+905460158517,2021-09-07,2026-06-17,Samsun,Atakum,Türkiye,356.82,67
24,235,Serfinaz Çamurcuoğlu Dumanlı,serfinaz.camurcuoglu.dumanli235@example.com,+905661889241,2024-03-18,2025-10-22,Malatya,Yeşilyurt,Türkiye,151.39,23
25,151,Özakan Mazlum Bilgin Akçay,ozakan.mazlum.bilgin.akcay151@example.com,+905239868000,2025-03-07,2026-06-19,Eskişehir,Tepebaşı,Türkiye,338.37,63
26,447,Nurbanu Limon Kısakürek Seven,nurbanu.limon.kisakurek.seven447@example.com,+905344144885,2021-08-25,2026-02-03,Konya,Selçuklu,Türkiye,50.75,18
27,342,Aktemür Göken Soylu,aktemur.goken.soylu342@example.com,+905930848872,2023-11-24,2025-11-28,İstanbul,Şişli,Türkiye,217.64,43
28,457,Tonguç Ülker,tonguc.ulker457@example.com,+905249321495,2022-12-01,2026-01-19,Eskişehir,Tepebaşı,Türkiye,247.19,46
29,34,Tekbay Aksu,tekbay.aksu34@example.com,+905561595148,2024-03-19,2025-07-16,Erzurum,Yakutiye,Türkiye,344.39,60
30,406,Hazrat Melihcan Demir Arslan,hazrat.melihcan.demir.arslan406@example.com,+905195761228,2023-09-12,2025-03-17,Adana,Çukurova,Türkiye,265.84,50
31,460,Öğr. Hafıza Yaman Manço,ogr.hafiza.yaman.manco460@example.com,+905733294562,2022-01-10,2025-05-07,Kayseri,Kocasinan,Türkiye,338.4,60
32,446,Öğr. Yazgül Yasemen Mansız Aksu,ogr.yazgul.yasemen.mansiz.aksu446@example.com,+905107139660,2024-01-29,2025-10-18,Konya,Selçuklu,Türkiye,254.32,40
33,57,Yrd. Doç. Duruk Abdülahat Erdoğan,yrd.doc.duruk.abdulahat.erdogan57@example.com,+905435240824,2025-09-10,2026-03-15,Bursa,Nilüfer,Türkiye,149.38,21
34,97,Lezize Tevetoğlu,lezize.tevetoglu97@example.com,+905809885165,2022-03-21,2026-03-02,Samsun,İlkadım,Türkiye,403.21,66
35,299,Elöve Şener,elove.sener299@example.com,+905150648909,2025-09-05,2025-09-22,Malatya,Yeşilyurt,Türkiye,323.35,60
36,376,Melihcan Dumanlı,melihcan.dumanli376@example.com,+905288574489,2025-09-06,2026-04-10,Denizli,Pamukkale,Türkiye,247.12,43
37,278,Arifcan Aslan,arifcan.aslan278@example.com,+905246299606,2024-02-03,2026-05-17,Şanlıurfa,Eyyübiye,Türkiye,323.44,62
38,115,Prof. Huban Kerime Aksu,prof.huban.kerime.aksu115@example.com,+905492519254,2022-04-09,2025-09-01,Trabzon,Ortahisar,Türkiye,370.15,62
39,67,Erdursun Dalkılıç Akar Duran,erdursun.dalkilic.akar.duran67@example.com,+905567468071,2024-03-08,2025-04-09,Bursa,Nilüfer,Türkiye,194.31,34
40,14,Arş. Gör. Edaviye Nuriyet Çorlu Durmuş,ars.gor.edaviye.nuriyet.corlu.durmus14@example.com,+905657871331,2024-01-20,2025-03-04,Konya,Meram,Türkiye,156.85,19
41,314,Gülmisal Nurveren Akdeniz,gulmisal.nurveren.akdeniz314@example.com,+905571130554,2022-11-17,2025-02-01,Manisa,Şehzadeler,Türkiye,314.93,51
42,173,Firdevis Karadeniz Ertaş,firdevis.karadeniz.ertas173@example.com,+905704622656,2023-06-08,2025-01-31,Ankara,Çankaya,Türkiye,471.9,73
43,3,Suat Şafak,suat.safak3@example.com,+905423511615,2024-01-08,2025-06-29,Denizli,Pamukkale,Türkiye,273.74,56
44,388,Öğr. Deryanur Ergül Akdeniz,ogr.deryanur.ergul.akdeniz388@example.com,+905686632663,2024-06-22,2025-07-24,Samsun,İlkadım,Türkiye,139.53,23
45,461,Galip Akdeniz,galip.akdeniz461@example.com,+905701715772,2024-05-13,2025-11-26,Eskişehir,Tepebaşı,Türkiye,357.62,67
46,201,Şöhret Sezgin,sohret.sezgin201@example.com,+905712406596,2024-02-07,2026-02-03,Manisa,Şehzadeler,Türkiye,243.69,46
47,60,Çev. Tüzeer Nurullah Bilir,cev.tuzeer.nurullah.bilir60@example.com,+905999386774,2022-08-25,2025-02-05,Bursa,Osmangazi,Türkiye,234.05,45
48,66,Altınkaya Koşukhan Gül Şama,altinkaya.kosukhan.gul.sama66@example.com,+905874296717,2023-12-31,2025-10-17,Adana,Çukurova,Türkiye,245.78,44
49,217,Doç. Zümre Münezzer Ergül,doc.zumre.munezzer.ergul217@example.com,+905219034043,2022-12-07,2025-03-20,Diyarbakır,Kayapınar,Türkiye,168.52,36
50,472,Uz. Gülnaziye Şehza Yaman,uz.gulnaziye.sehza.yaman472@example.com,+905326909738,2024-06-09,2025-07-03,Trabzon,Ortahisar,Türkiye,292.5,44
51,187,Dr. Dilşat Durdu Akça,dr.dilsat.durdu.akca187@example.com,+905801006231,2021-12-25,2025-06-05,Adana,Seyhan,Türkiye,154.7,27
52,374,Servinaz Tülin Tevetoğlu,servinaz.tulin.tevetoglu374@example.com,+905527636556,2024-05-19,2026-02-10,Manisa,Şehzadeler,Türkiye,201.34,46
53,175,Koldan Zengin,koldan.zengin175@example.com,+905478686337,2024-01-04,2025-12-19,İstanbul,Kadıköy,Türkiye,132.4,27
54,178,Nurmelek Hayrioğlu,nurmelek.hayrioglu178@example.com,+905995342836,2024-04-06,2025-04-10,Van,İpekyolu,Türkiye,198.01,35
55,38,Us Sadittin İnönü Aslan,us.sadittin.inonu.aslan38@example.com,+905769367632,2022-04-09,2025-09-04,Şanlıurfa,Eyyübiye,Türkiye,306.87,62
56,17,Prof. Ferzi Asım Akdeniz,prof.ferzi.asim.akdeniz17@example.com,+905010651333,2022-12-10,2025-05-08,Denizli,Pamukkale,Türkiye,190.23,46
57,153,Mücellib Bektaşi Sezgin Ertaş,mucellib.bektasi.sezgin.ertas153@example.com,+905888794705,2024-02-03,2025-05-01,Van,İpekyolu,Türkiye,334.58,61
58,115,Prof. Huban Kerime Aksu,prof.huban.kerime.aksu115@example.com,+905492519254,2022-04-09,2025-08-23,Trabzon,Ortahisar,Türkiye,355.47,62
59,10,Ferahdiba Bilir,ferahdiba.bilir10@example.com,+905801845146,2025-01-23,2026-04-19,Malatya,Yeşilyurt,Türkiye,235.17,47
60,309,Sevim Eraslan,sevim.eraslan309@example.com,+905588916375,2022-03-24,2025-08-08,İstanbul,Beşiktaş,Türkiye,363.74,61
61,265,Öğr. Ayşenur Gülenay Fırat Arsoy,ogr.aysenur.gulenay.firat.arsoy265@example.com,+905410067626,2023-03-09,2025-07-04,İzmir,Bornova,Türkiye,427.88,74
62,60,Çev. Tüzeer Nurullah Bilir,cev.tuzeer.nurullah.bilir60@example.com,+905999386774,2022-08-25,2026-06-22,Bursa,Osmangazi,Türkiye,199.72,45
63,428,Yrd. Doç. Birgit İnönü,yrd.doc.birgit.inonu428@example.com,+905474231220,2021-09-03,2025-10-07,Denizli,Pamukkale,Türkiye,342.34,57
64,314,Gülmisal Nurveren Akdeniz,gulmisal.nurveren.akdeniz314@example.com,+905571130554,2022-11-17,2025-01-18,Manisa,Şehzadeler,Türkiye,300.44,51
65,37,Uraltay Gül,uraltay.gul37@example.com,+905489513433,2025-02-14,2025-05-28,Adana,Seyhan,Türkiye,88.88,19
66,409,Giz Akça,giz.akca409@example.com,+905433504888,2022-10-01,2025-06-05,Kayseri,Melikgazi,Türkiye,298.45,54
67,24,Dr. Günkurt Şanlı Öcalan,dr.gunkurt.sanli.ocalan24@example.com,+905183842513,2023-11-17,2026-04-28,Manisa,Şehzadeler,Türkiye,162.1,36
68,390,Av. Övün Şilan Tarhan,av.ovun.silan.tarhan390@example.com,+905973502080,2024-11-27,2025-08-25,Diyarbakır,Kayapınar,Türkiye,103.87,24
69,397,Aydinç Korutürk,aydinc.koruturk397@example.com,+905528127358,2022-05-02,2025-08-01,Ankara,Çankaya,Türkiye,321.12,66
70,445,Bay Erdogan Demirel,bay.erdogan.demirel445@example.com,+905299787729,2024-08-23,2025-02-16,Manisa,Şehzadeler,Türkiye,336.84,63
71,302,Mishat Buyrukhan Sezer Hançer,mishat.buyrukhan.sezer.hancer302@example.com,+905173934835,2022-01-02,2025-03-31,Kayseri,Melikgazi,Türkiye,247.26,44
72,156,Doç. Nerim Dumanlı,doc.nerim.dumanli156@example.com,+905897028385,2022-03-27,2026-05-02,Konya,Meram,Türkiye,290.65,48
73,60,Çev. Tüzeer Nurullah Bilir,cev.tuzeer.nurullah.bilir60@example.com,+905999386774,2022-08-25,2025-06-09,Bursa,Osmangazi,Türkiye,206.1,45
74,30,Erdibay Korutürk,erdibay.koruturk30@example.com,+905342160733,2023-05-15,2025-02-02,Eskişehir,Tepebaşı,Türkiye,191.08,40
75,151,Özakan Mazlum Bilgin Akçay,ozakan.mazlum.bilgin.akcay151@example.com,+905239868000,2025-03-07,2025-11-13,Eskişehir,Tepebaşı,Türkiye,344.31,63
76,78,Sezal Zahid Duran,sezal.zahid.duran78@example.com,+905922219693,2023-02-27,2025-03-04,Malatya,Yeşilyurt,Türkiye,282.59,55
77,148,Taçnur Gülen Yüksel,tacnur.gulen.yuksel148@example.com,+905339500479,2022-04-13,2026-04-16,Trabzon,Ortahisar,Türkiye,380.39,61
78,102,Av. Kısmet Aynımah Yılmaz,av.kismet.aynimah.yilmaz102@example.com,+905022901476,2023-03-24,2026-01-25,Van,İpekyolu,Türkiye,346.78,56
79,414,Arş. Gör. Sebattin İvecen Ülker,ars.gor.sebattin.ivecen.ulker414@example.com,+905998136462,2025-03-17,2025-06-29,Trabzon,Ortahisar,Türkiye,235.38,39
80,491,Dr. Dilcan Ticen Tevetoğlu Duran,dr.dilcan.ticen.tevetoglu.duran491@example.com,+905460158517,2021-09-07,2025-10-29,Samsun,Atakum,Türkiye,306.63,67
81,238,Teber Bilir,teber.bilir238@example.com,+905252410564,2023-01-05,2025-10-31,Malatya,Yeşilyurt,Türkiye,145.18,22
82,187,Dr. Dilşat Durdu Akça,dr.dilsat.durdu.akca187@example.com,+905801006231,2021-12-25,2025-10-12,Adana,Seyhan,Türkiye,154.77,27
83,453,Hiçsönmez Hançer,hicsonmez.hancer453@example.com,+905357845218,2022-02-26,2025-12-10,Şanlıurfa,Eyyübiye,Türkiye,124.87,26
84,321,Gürcüye Gülev Mansız Eraslan,gurcuye.gulev.mansiz.eraslan321@example.com,+905620034244,2025-02-16,2026-05-01,Bursa,Nilüfer,Türkiye,386.69,71
85,500,Hüsmen Çetin,husmen.cetin500@example.com,+905946723248,2023-06-04,2026-05-16,İzmir,Karşıyaka,Türkiye,210.23,44
86,476,Fenni Atatöre İnönü Aksu,fenni.atatore.inonu.aksu476@example.com,+905940792904,2021-10-24,2026-03-30,Manisa,Şehzadeler,Türkiye,308.02,57
87,407,Arş. Gör. Meveddet Türk Bilgin,ars.gor.meveddet.turk.bilgin407@example.com,+905558556659,2024-08-07,2025-07-20,Adana,Çukurova,Türkiye,324.45,54
88,187,Dr. Dilşat Durdu Akça,dr.dilsat.durdu.akca187@example.com,+905801006231,2021-12-25,2026-04-22,Adana,Seyhan,Türkiye,131.35,27
89,446,Öğr. Yazgül Yasemen Mansız Aksu,ogr.yazgul.yasemen.mansiz.aksu446@example.com,+905107139660,2024-01-29,2025-02-26,Konya,Selçuklu,Türkiye,252.69,40
90,304,Filit Idık Arsoy,filit.idik.arsoy304@example.com,+905114374470,2025-05-22,2025-09-17,İzmir,Karşıyaka,Türkiye,367.19,70
91,82,Dr. Sökmen Erdoğan,dr.sokmen.erdogan82@example.com,+905210470952,2025-06-11,2025-06-21,Konya,Meram,Türkiye,149.99,36
92,491,Dr. Dilcan Ticen Tevetoğlu Duran,dr.dilcan.ticen.tevetoglu.duran491@example.com,+905460158517,2021-09-07,2026-01-19,Samsun,Atakum,Türkiye,384.7,67
93,383,Elvan Çisem Yorulmaz Zengin,elvan.cisem.yorulmaz.zengin383@example.com,+905492164334,2023-06-19,2026-06-02,İzmir,Konak,Türkiye,295.45,58
94,120,Belgizar Öcalan,belgizar.ocalan120@example.com,+905746886239,2025-03-04,2026-02-25,Samsun,Atakum,Türkiye,426.43,73
95,87,Emal Ülker Şensoy,emal.ulker.sensoy87@example.com,+905675869261,2023-03-16,2025-08-08,Erzurum,Yakutiye,Türkiye,333.82,57
96,258,Dr. Sirap Ergül Seven,dr.sirap.ergul.seven258@example.com,+905965223955,2022-08-19,2025-01-07,Ankara,Çankaya,Türkiye,296.52,19
97,179,Muvaffak Hayrioğlu,muvaffak.hayrioglu179@example.com,+905687056856,2023-08-29,2025-05-11,Van,İpekyolu,Türkiye,132.39,27
98,380,Nurdeniz Manço,nurdeniz.manco380@example.com,+905125355449,2022-05-02,2025-08-30,Trabzon,Ortahisar,Türkiye,205.13,43
99,393,Mevlüdiye Çamurcuoğlu,mevludiye.camurcuoglu393@example.com,+905013673037,2021-10-29,2025-06-29,Mersin,Toroslar,Türkiye,342.9,67
100,227,Dr. Akyıldız Durdu Arslan,dr.akyildiz.durdu.arslan227@example.com,+905436110371,2025-03-16,2025-08-14,Ankara,Keçiören,Türkiye,279.0,55
101,114,Bayan Gül Müsemma Çetin,bayan.gul.musemma.cetin114@example.com,+905554665905,2025-07-31,2026-02-12,Malatya,Yeşilyurt,Türkiye,234.49,39
102,373,Nurser Tevetoğlu,nurser.tevetoglu373@example.com,+905915594284,2024-08-14,2025-08-12,Konya,Meram,Türkiye,211.94,35
103,247,Arpağ Yorulmaz,arpag.yorulmaz247@example.com,+905445655743,2025-07-13,2026-04-24,Antalya,Muratpaşa,Türkiye,143.5,30
104,27,Dirlik Çamurcuoğlu,dirlik.camurcuoglu27@example.com,+905052427868,2025-11-23,2026-05-11,Mersin,Yenişehir,Türkiye,110.84,25
105,284,Sevdinar İhsanoğlu Hayrioğlu,sevdinar.ihsanoglu.hayrioglu284@example.com,+905406029333,2022-02-24,2026-05-20,Mersin,Yenişehir,Türkiye,149.3,31
106,298,Av. Zevlüde Türk Mansız,av.zevlude.turk.mansiz298@example.com,+905753260332,2024-10-06,2025-07-25,Antalya,Kepez,Türkiye,341.16,64
107,123,Barışcan Akgündüz,bariscan.akgunduz123@example.com,+905152204727,2023-06-08,2025-07-14,İstanbul,Üsküdar,Türkiye,299.88,57
108,169,Meleknur Orçin Akdeniz Akçay,meleknur.orcin.akdeniz.akcay169@example.com,+905878339187,2022-12-27,2025-06-21,Samsun,Atakum,Türkiye,381.39,63
109,384,Dürrüşehvar Seven,durrusehvar.seven384@example.com,+905005577848,2023-06-15,2026-04-24,Malatya,Yeşilyurt,Türkiye,161.94,26
110,209,Narhanim Aslan,narhanim.aslan209@example.com,+905571775140,2021-12-18,2025-05-18,Konya,Meram,Türkiye,113.39,25
111,443,Ürfettin Şabettin Şama Demirel,urfettin.sabettin.sama.demirel443@example.com,+905472145868,2024-10-09,2025-07-03,Erzurum,Yakutiye,Türkiye,310.26,62
112,26,Rabbiye Aslan,rabbiye.aslan26@example.com,+905935348740,2025-06-06,2025-06-21,Mersin,Toroslar,Türkiye,391.69,58
113,268,Ferihan Dumanlı,ferihan.dumanli268@example.com,+905296201533,2023-08-27,2026-04-06,İstanbul,Şişli,Türkiye,384.98,62
114,84,Tayaydın Atalay Seven,tayaydin.atalay.seven84@example.com,+905712368516,2025-11-14,2026-01-11,Eskişehir,Odunpazarı,Türkiye,237.91,34
115,66,Altınkaya Koşukhan Gül Şama,altinkaya.kosukhan.gul.sama66@example.com,+905874296717,2023-12-31,2025-02-21,Adana,Çukurova,Türkiye,244.95,44
116,405,Günebakan İnönü,gunebakan.inonu405@example.com,+905381138633,2022-12-31,2025-02-25,Kayseri,Melikgazi,Türkiye,303.53,60
117,439,Seyhan Zengin Durmuş,seyhan.zengin.durmus439@example.com,+905780973397,2023-05-28,2025-02-18,Diyarbakır,Kayapınar,Türkiye,287.53,44
118,118,Haliye Habibe Yıldırım,haliye.habibe.yildirim118@example.com,+905592962229,2025-01-07,2025-11-30,Malatya,Yeşilyurt,Türkiye,354.51,64
119,363,Çev. Alkor Yaman,cev.alkor.yaman363@example.com,+905053021465,2022-03-12,2025-12-14,Manisa,Şehzadeler,Türkiye,288.17,43
120,321,Gürcüye Gülev Mansız Eraslan,gurcuye.gulev.mansiz.eraslan321@example.com,+905620034244,2025-02-16,2025-11-02,Bursa,Nilüfer,Türkiye,383.19,71
121,112,Yrd. Doç. Fehmiye Havali Bilge,yrd.doc.fehmiye.havali.bilge112@example.com,+905986798079,2022-04-18,2025-01-23,İzmir,Karşıyaka,Türkiye,183.31,30
122,9,Doç. Maksur Şama,doc.maksur.sama9@example.com,+905101226916,2023-10-23,2025-06-06,Antalya,Kepez,Türkiye,357.73,56
123,23,Öğr. Kasim Aslan,ogr.kasim.aslan23@example.com,+905353462475,2021-09-25,2025-01-10,Eskişehir,Tepebaşı,Türkiye,142.0,22
124,332,Berran İnönü,berran.inonu332@example.com,+905024819346,2023-10-10,2026-04-16,İzmir,Konak,Türkiye,288.04,46
125,34,Tekbay Aksu,tekbay.aksu34@example.com,+905561595148,2024-03-19,2026-03-25,Erzurum,Yakutiye,Türkiye,365.63,60
126,186,Enes Yaman,enes.yaman186@example.com,+905854777252,2025-03-01,2026-01-12,Gaziantep,Şehitkamil,Türkiye,395.01,64
127,39,Dilfeza Arslan,dilfeza.arslan39@example.com,+905328708317,2025-03-14,2026-06-20,Bursa,Osmangazi,Türkiye,406.15,69
128,223,Okt. Cebesoy Gökay Yılmaz,okt.cebesoy.gokay.yilmaz223@example.com,+905168457759,2025-12-07,2026-04-17,İzmir,Karşıyaka,Türkiye,595.38,73
129,240,Uz. Savni Arıel Aksu,uz.savni.ariel.aksu240@example.com,+905380003075,2023-10-20,2026-06-16,Van,İpekyolu,Türkiye,150.18,27
130,242,Çev. Atiyye Bilgin Arslan,cev.atiyye.bilgin.arslan242@example.com,+905380617445,2025-06-19,2026-03-14,Ankara,Çankaya,Türkiye,322.26,53
131,254,Çoğay Tarhan,cogay.tarhan254@example.com,+905720999347,2023-08-22,2026-02-20,Mersin,Toroslar,Türkiye,392.84,74
132,4,Akdora Aygutalp Bilir,akdora.aygutalp.bilir4@example.com,+905781618495,2022-09-17,2025-02-20,Ankara,Yenimahalle,Türkiye,374.23,30
133,375,Dr. Dilşat Âlemşah Gül,dr.dilsat.lemsah.gul375@example.com,+905143866322,2023-04-19,2025-10-03,Antalya,Muratpaşa,Türkiye,362.45,69
134,120,Belgizar Öcalan,belgizar.ocalan120@example.com,+905746886239,2025-03-04,2025-11-29,Samsun,Atakum,Türkiye,378.27,73
135,142,Büşranur Alemdar,busranur.alemdar142@example.com,+905249818299,2025-01-31,2026-02-15,Konya,Meram,Türkiye,209.2,28
136,145,Ercihan Nerim Mansız,ercihan.nerim.mansiz145@example.com,+905925556258,2022-10-19,2025-09-17,Konya,Meram,Türkiye,148.57,24
137,291,Cemiyle Bilge,cemiyle.bilge291@example.com,+905513534655,2024-06-27,2025-06-22,Erzurum,Yakutiye,Türkiye,277.37,55
138,440,Muktedir Ünübol Durdu,muktedir.unubol.durdu440@example.com,+905384983022,2025-08-22,2025-10-12,Manisa,Şehzadeler,Türkiye,311.02,59
139,38,Us Sadittin İnönü Aslan,us.sadittin.inonu.aslan38@example.com,+905769367632,2022-04-09,2026-05-29,Şanlıurfa,Eyyübiye,Türkiye,326.69,62
140,172,Bayan Oluş Şama Ülker,bayan.olus.sama.ulker172@example.com,+905640391065,2022-01-08,2025-06-17,Kayseri,Melikgazi,Türkiye,160.01,22
141,398,Karataş Seven,karatas.seven398@example.com,+905065240778,2024-04-18,2025-03-11,Diyarbakır,Kayapınar,Türkiye,320.47,52
142,260,Boztaş Gürelcem Seven Sezer,boztas.gurelcem.seven.sezer260@example.com,+905059325250,2025-10-29,2026-02-05,İstanbul,Şişli,Türkiye,222.83,27
143,20,Tınal Aslan,tinal.aslan20@example.com,+905872343098,2025-08-10,2025-10-16,Kayseri,Kocasinan,Türkiye,337.99,65
144,335,Alaz Eraslan Duran,alaz.eraslan.duran335@example.com,+905842450882,2025-04-04,2025-05-17,Antalya,Kepez,Türkiye,66.69,20
145,129,Jankat Şafak,jankat.safak129@example.com,+905430305486,2022-11-26,2025-04-28,Diyarbakır,Kayapınar,Türkiye,253.35,48
146,247,Arpağ Yorulmaz,arpag.yorulmaz247@example.com,+905445655743,2025-07-13,2025-11-18,Antalya,Muratpaşa,Türkiye,130.5,30
147,54,Piran Nurda Dumanlı,piran.nurda.dumanli54@example.com,+905837770143,2023-09-06,2026-03-30,Denizli,Pamukkale,Türkiye,302.07,62
148,89,Abdülhadi Ertaş,abdulhadi.ertas89@example.com,+905171390053,2025-03-30,2026-05-27,Mersin,Yenişehir,Türkiye,393.97,68
149,388,Öğr. Deryanur Ergül Akdeniz,ogr.deryanur.ergul.akdeniz388@example.com,+905686632663,2024-06-22,2025-09-24,Samsun,İlkadım,Türkiye,163.16,23
150,355,Argu Karadeniz,argu.karadeniz355@example.com,+905508637659,2021-10-16,2025-11-07,Malatya,Yeşilyurt,Türkiye,568.14,66
151,150,Çapkan Bilge,capkan.bilge150@example.com,+905168784991,2025-03-24,2025-11-24,Samsun,Atakum,Türkiye,147.86,24
152,443,Ürfettin Şabettin Şama Demirel,urfettin.sabettin.sama.demirel443@example.com,+905472145868,2024-10-09,2025-06-05,Erzurum,Yakutiye,Türkiye,345.08,62
153,8,Çerçi Sezgin,cerci.sezgin8@example.com,+905423884969,2023-09-17,2026-06-22,Diyarbakır,Kayapınar,Türkiye,201.06,41
154,180,Nurmelek Aslan,nurmelek.aslan180@example.com,+905334270866,2022-10-28,2025-01-24,Adana,Çukurova,Türkiye,278.01,51
155,53,Öğr. Zerafet Gülper Demirel,ogr.zerafet.gulper.demirel53@example.com,+905545494808,2024-11-16,2025-07-31,Şanlıurfa,Eyyübiye,Türkiye,93.08,23
156,30,Erdibay Korutürk,erdibay.koruturk30@example.com,+905342160733,2023-05-15,2025-11-21,Eskişehir,Tepebaşı,Türkiye,193.48,40
157,122,Zehranur Şama Akça,zehranur.sama.akca122@example.com,+905750606853,2023-10-14,2025-05-05,İzmir,Konak,Türkiye,175.06,23
158,123,Barışcan Akgündüz,bariscan.akgunduz123@example.com,+905152204727,2023-06-08,2025-12-05,İstanbul,Üsküdar,Türkiye,307.38,57
159,162,Binbaşar Bilgin,binbasar.bilgin162@example.com,+905345401938,2021-10-22,2025-06-11,Şanlıurfa,Eyyübiye,Türkiye,531.54,64
160,397,Aydinç Korutürk,aydinc.koruturk397@example.com,+905528127358,2022-05-02,2026-02-10,Ankara,Çankaya,Türkiye,307.6,66
161,389,Dilşat Laze Durdu Bilgin,dilsat.laze.durdu.bilgin389@example.com,+905484631224,2025-04-30,2025-12-26,Gaziantep,Şehitkamil,Türkiye,328.92,58
162,46,Sümeyye Hayrioğlu,sumeyye.hayrioglu46@example.com,+905556464170,2021-09-30,2025-09-03,Konya,Meram,Türkiye,322.06,52
163,112,Yrd. Doç. Fehmiye Havali Bilge,yrd.doc.fehmiye.havali.bilge112@example.com,+905986798079,2022-04-18,2026-05-18,İzmir,Karşıyaka,Türkiye,165.36,30
164,367,Sevican Asu Yorulmaz,sevican.asu.yorulmaz367@example.com,+905714163356,2023-12-20,2026-04-13,Van,İpekyolu,Türkiye,301.38,51
165,429,Cantez Akça,cantez.akca429@example.com,+905933051728,2022-07-23,2026-01-18,Manisa,Şehzadeler,Türkiye,447.49,48
166,150,Çapkan Bilge,capkan.bilge150@example.com,+905168784991,2025-03-24,2025-06-04,Samsun,Atakum,Türkiye,165.38,24
167,350,Av. Işıman Ayvas Tarhan,av.isiman.ayvas.tarhan350@example.com,+905299228092,2025-08-20,2026-05-31,Gaziantep,Şahinbey,Türkiye,113.78,28
168,273,Mürit Baturay Şensoy Karadeniz,murit.baturay.sensoy.karadeniz273@example.com,+905806868793,2023-04-12,2026-06-05,Denizli,Pamukkale,Türkiye,181.82,37
169,325,Aybora Çamurcuoğlu,aybora.camurcuoglu325@example.com,+905606484229,2024-07-08,2026-01-31,Adana,Seyhan,Türkiye,91.25,18
170,34,Tekbay Aksu,tekbay.aksu34@example.com,+905561595148,2024-03-19,2026-05-07,Erzurum,Yakutiye,Türkiye,352.15,60
171,399,Okt. Ferhan Nirgül Hançer Gül,okt.ferhan.nirgul.hancer.gul399@example.com,+905855749821,2022-12-21,2025-08-21,Konya,Selçuklu,Türkiye,200.54,27
172,240,Uz. Savni Arıel Aksu,uz.savni.ariel.aksu240@example.com,+905380003075,2023-10-20,2026-06-01,Van,İpekyolu,Türkiye,146.27,27
173,374,Servinaz Tülin Tevetoğlu,servinaz.tulin.tevetoglu374@example.com,+905527636556,2024-05-19,2025-02-03,Manisa,Şehzadeler,Türkiye,218.34,46
174,209,Narhanim Aslan,narhanim.aslan209@example.com,+905571775140,2021-12-18,2025-02-21,Konya,Meram,Türkiye,84.81,25
175,483,Eşim Yaman,esim.yaman483@example.com,+905393852580,2022-03-06,2025-05-26,Trabzon,Ortahisar,Türkiye,277.71,18
176,292,Dr. Yekbun Sevgen Yılmaz Gül,dr.yekbun.sevgen.yilmaz.gul292@example.com,+905099917381,2022-02-17,2025-08-07,Bursa,Osmangazi,Türkiye,279.42,42
177,92,Behiza Hezniye Arsoy Arslan,behiza.hezniye.arsoy.arslan92@example.com,+905177589178,2024-09-15,2026-03-01,Denizli,Pamukkale,Türkiye,304.76,57
178,120,Belgizar Öcalan,belgizar.ocalan120@example.com,+905746886239,2025-03-04,2025-06-23,Samsun,Atakum,Türkiye,396.24,73
179,1,Akar Ziyaettin Aslan Yüksel,akar.ziyaettin.aslan.yuksel1@example.com,+905433218196,2025-10-08,2026-06-07,Bursa,Nilüfer,Türkiye,96.15,19
180,113,Prof. Ürfettin Akçay,prof.urfettin.akcay113@example.com,+905071518203,2021-12-24,2026-05-17,Şanlıurfa,Eyyübiye,Türkiye,295.83,46
181,170,Arş. Gör. Zöhrehan Şefiye Akçay,ars.gor.zohrehan.sefiye.akcay170@example.com,+905088398225,2023-01-12,2025-01-10,Van,İpekyolu,Türkiye,242.06,46
182,149,Turabi Sezer,turabi.sezer149@example.com,+905162456506,2025-08-30,2025-10-23,Erzurum,Yakutiye,Türkiye,331.56,54
183,234,Yrd. Doç. Şahdiye Hafıza Öcalan,yrd.doc.sahdiye.hafiza.ocalan234@example.com,+905091043006,2023-02-09,2025-04-28,Şanlıurfa,Eyyübiye,Türkiye,243.43,36
184,260,Boztaş Gürelcem Seven Sezer,boztas.gurelcem.seven.sezer260@example.com,+905059325250,2025-10-29,2026-02-13,İstanbul,Şişli,Türkiye,188.36,27
185,278,Arifcan Aslan,arifcan.aslan278@example.com,+905246299606,2024-02-03,2025-01-18,Şanlıurfa,Eyyübiye,Türkiye,320.91,62
186,67,Erdursun Dalkılıç Akar Duran,erdursun.dalkilic.akar.duran67@example.com,+905567468071,2024-03-08,2025-04-17,Bursa,Nilüfer,Türkiye,195.8,34
187,327,Bekbay Çetin,bekbay.cetin327@example.com,+905281826886,2025-06-07,2026-01-05,Eskişehir,Odunpazarı,Türkiye,180.2,40
188,454,Elifnur Tevetoğlu Demirel,elifnur.tevetoglu.demirel454@example.com,+905681040915,2023-05-01,2026-04-13,Ankara,Keçiören,Türkiye,386.7,74
189,459,Gülay Günar Şama,gulay.gunar.sama459@example.com,+905453817921,2022-01-12,2025-11-26,Diyarbakır,Kayapınar,Türkiye,262.42,47
190,462,Ortak Ömür Duran Karadeniz,ortak.omur.duran.karadeniz462@example.com,+905816158148,2023-05-13,2026-01-16,Van,İpekyolu,Türkiye,279.46,43
191,261,Çev. Rabbiye Alemdar İnönü,cev.rabbiye.alemdar.inonu261@example.com,+905851569154,2024-02-21,2025-04-19,Antalya,Muratpaşa,Türkiye,188.93,26
192,58,Eflâtun Arcan Akçay,efltun.arcan.akcay58@example.com,+905109477752,2025-08-29,2025-10-11,Antalya,Kepez,Türkiye,211.0,34
193,120,Belgizar Öcalan,belgizar.ocalan120@example.com,+905746886239,2025-03-04,2025-05-13,Samsun,Atakum,Türkiye,389.34,73
194,165,Zeyno Ertaş,zeyno.ertas165@example.com,+905205493296,2023-07-21,2025-12-22,Diyarbakır,Kayapınar,Türkiye,275.27,50
195,380,Nurdeniz Manço,nurdeniz.manco380@example.com,+905125355449,2022-05-02,2026-03-29,Trabzon,Ortahisar,Türkiye,213.25,43
196,337,İlklima Kısakürek,ilklima.kisakurek337@example.com,+905312908781,2024-04-26,2026-01-04,Manisa,Şehzadeler,Türkiye,311.22,60
197,170,Arş. Gör. Zöhrehan Şefiye Akçay,ars.gor.zohrehan.sefiye.akcay170@example.com,+905088398225,2023-01-12,2026-04-26,Van,İpekyolu,Türkiye,232.89,46
198,398,Karataş Seven,karatas.seven398@example.com,+905065240778,2024-04-18,2025-08-30,Diyarbakır,Kayapınar,Türkiye,303.33,52
199,400,Özpetek Tevetoğlu,ozpetek.tevetoglu400@example.com,+905708620959,2024-08-10,2025-10-27,Mersin,Toroslar,Türkiye,414.2,38
200,86,Hayel Eraslan,hayel.eraslan86@example.com,+905746120047,2025-04-19,2025-05-25,Gaziantep,Şahinbey,Türkiye,113.35,24
201,166,Bayan Gülsü Sabır Kısakürek,bayan.gulsu.sabir.kisakurek166@example.com,+905227530463,2023-06-12,2025-06-25,Trabzon,Ortahisar,Türkiye,358.88,66
202,386,Nefaret Cuheyna Durdu,nefaret.cuheyna.durdu386@example.com,+905456424008,2021-09-12,2026-02-05,İzmir,Bornova,Türkiye,387.6,72
203,52,Arş. Gör. Firdevis Eraslan Fırat,ars.gor.firdevis.eraslan.firat52@example.com,+905473799650,2023-03-06,2026-04-16,Gaziantep,Şahinbey,Türkiye,370.42,72
204,159,Çev. Meşhur Asalet Demirel,cev.meshur.asalet.demirel159@example.com,+905524041574,2021-10-04,2025-02-20,Trabzon,Ortahisar,Türkiye,264.0,48
205,189,Nili Aksu,nili.aksu189@example.com,+905840862118,2025-02-11,2025-12-12,Malatya,Yeşilyurt,Türkiye,189.88,33
206,145,Ercihan Nerim Mansız,ercihan.nerim.mansiz145@example.com,+905925556258,2022-10-19,2025-06-30,Konya,Meram,Türkiye,129.74,24
207,216,Sonnur Çağlar Fırat Ergül,sonnur.caglar.firat.ergul216@example.com,+905507236887,2023-08-28,2025-11-26,Diyarbakır,Kayapınar,Türkiye,353.27,61
208,273,Mürit Baturay Şensoy Karadeniz,murit.baturay.sensoy.karadeniz273@example.com,+905806868793,2023-04-12,2026-01-20,Denizli,Pamukkale,Türkiye,186.85,37
209,199,Av. Tangül Deha Şafak,av.tangul.deha.safak199@example.com,+905839826224,2024-04-05,2025-12-19,Trabzon,Ortahisar,Türkiye,215.63,35
210,51,Başok Ülker,basok.ulker51@example.com,+905628498776,2021-11-06,2025-04-01,Diyarbakır,Kayapınar,Türkiye,283.07,55
211,451,Şefiye Bilge,sefiye.bilge451@example.com,+905291450461,2023-03-01,2026-06-21,Adana,Çukurova,Türkiye,399.08,74
212,431,Dr. Özge Musaffa Bilge Şener,dr.ozge.musaffa.bilge.sener431@example.com,+905331279757,2024-07-25,2026-01-18,Denizli,Pamukkale,Türkiye,266.35,45
213,252,Doç. Musaffa Şehreban Eraslan,doc.musaffa.sehreban.eraslan252@example.com,+905941013721,2024-02-02,2026-01-07,İzmir,Karşıyaka,Türkiye,134.3,25
214,312,Okt. İmrihan Melikkan Şener Şafak,okt.imrihan.melikkan.sener.safak312@example.com,+905170166088,2025-12-12,2026-03-11,Diyarbakır,Kayapınar,Türkiye,383.17,70
215,389,Dilşat Laze Durdu Bilgin,dilsat.laze.durdu.bilgin389@example.com,+905484631224,2025-04-30,2026-05-01,Gaziantep,Şehitkamil,Türkiye,344.54,58
216,299,Elöve Şener,elove.sener299@example.com,+905150648909,2025-09-05,2026-06-28,Malatya,Yeşilyurt,Türkiye,327.46,60
217,75,Kaver İhsanoğlu Çetin,kaver.ihsanoglu.cetin75@example.com,+905621745961,2024-02-09,2026-03-24,İstanbul,Beşiktaş,Türkiye,421.91,72
218,68,Uz. Sadiye Gülbiye Aslan Ertaş,uz.sadiye.gulbiye.aslan.ertas68@example.com,+905876038597,2022-06-11,2025-05-03,Trabzon,Ortahisar,Türkiye,451.68,46
219,139,Seçgül Dumanlı,secgul.dumanli139@example.com,+905911467866,2022-09-22,2025-04-09,Erzurum,Yakutiye,Türkiye,117.13,22
220,380,Nurdeniz Manço,nurdeniz.manco380@example.com,+905125355449,2022-05-02,2025-02-12,Trabzon,Ortahisar,Türkiye,201.43,43
221,43,Türknur Şennur Akar,turknur.sennur.akar43@example.com,+905967054668,2021-10-04,2025-02-25,Trabzon,Ortahisar,Türkiye,422.58,65
222,349,Günsel Selvi Dumanlı Akça,gunsel.selvi.dumanli.akca349@example.com,+905651777392,2022-04-27,2025-07-24,Bursa,Nilüfer,Türkiye,391.3,71
223,441,Gündüzalp Tevetoğlu,gunduzalp.tevetoglu441@example.com,+905994510162,2025-01-16,2025-09-20,Antalya,Muratpaşa,Türkiye,315.33,61
224,164,Kıvılcım Seven,kivilcim.seven164@example.com,+905788728743,2025-04-26,2025-06-20,Eskişehir,Tepebaşı,Türkiye,206.69,39
225,28,Gülşa Şensoy,gulsa.sensoy28@example.com,+905598262045,2025-09-22,2026-03-02,Antalya,Muratpaşa,Türkiye,437.94,75
226,342,Aktemür Göken Soylu,aktemur.goken.soylu342@example.com,+905930848872,2023-11-24,2025-06-29,İstanbul,Şişli,Türkiye,214.79,43
227,392,Asiman Akçay,asiman.akcay392@example.com,+905051204618,2023-04-25,2025-06-08,Samsun,Atakum,Türkiye,159.05,29
228,243,Servinaz Belkize Tarhan,servinaz.belkize.tarhan243@example.com,+905494937597,2021-08-13,2025-12-10,Samsun,İlkadım,Türkiye,372.27,67
229,147,Yekda Sezer,yekda.sezer147@example.com,+905953278774,2023-02-28,2025-03-05,Adana,Çukurova,Türkiye,102.98,19
230,169,Meleknur Orçin Akdeniz Akçay,meleknur.orcin.akdeniz.akcay169@example.com,+905878339187,2022-12-27,2025-07-05,Samsun,Atakum,Türkiye,366.39,63
231,481,Hatin Nüdret Çorlu Arsoy,hatin.nudret.corlu.arsoy481@example.com,+905674286047,2023-10-22,2025-02-01,Gaziantep,Şehitkamil,Türkiye,300.29,61
232,428,Yrd. Doç. Birgit İnönü,yrd.doc.birgit.inonu428@example.com,+905474231220,2021-09-03,2026-01-28,Denizli,Pamukkale,Türkiye,337.05,57
233,130,Tümer Çamurcuoğlu,tumer.camurcuoglu130@example.com,+905505415667,2023-10-13,2025-06-29,Konya,Meram,Türkiye,276.38,39
234,256,Öğr. Rafih Şensoy,ogr.rafih.sensoy256@example.com,+905598564205,2022-08-08,2025-04-14,Şanlıurfa,Eyyübiye,Türkiye,136.43,32
235,10,Ferahdiba Bilir,ferahdiba.bilir10@example.com,+905801845146,2025-01-23,2025-11-11,Malatya,Yeşilyurt,Türkiye,236.27,47
236,314,Gülmisal Nurveren Akdeniz,gulmisal.nurveren.akdeniz314@example.com,+905571130554,2022-11-17,2025-06-13,Manisa,Şehzadeler,Türkiye,312.33,51
237,469,Çev. Ünsever Özdil Güçlü,cev.unsever.ozdil.guclu469@example.com,+905666683272,2024-11-22,2025-09-05,Trabzon,Ortahisar,Türkiye,344.18,53
238,306,Uz. Cannur Çorlu,uz.cannur.corlu306@example.com,+905155216674,2023-10-15,2026-01-12,Manisa,Şehzadeler,Türkiye,536.42,62
239,421,Erbil Merzuk Zengin Gülen,erbil.merzuk.zengin.gulen421@example.com,+905070164510,2024-04-22,2025-08-19,Manisa,Şehzadeler,Türkiye,556.46,73
240,3,Suat Şafak,suat.safak3@example.com,+905423511615,2024-01-08,2025-08-15,Denizli,Pamukkale,Türkiye,2589.35,56
241,215,Öğr. Uğurtan Erbil Hançer,ogr.ugurtan.erbil.hancer215@example.com,+905627828274,2025-02-28,2025-06-27,Antalya,Kepez,Türkiye,138.02,29
242,54,Piran Nurda Dumanlı,piran.nurda.dumanli54@example.com,+905837770143,2023-09-06,2025-03-09,Denizli,Pamukkale,Türkiye,312.16,62
243,217,Doç. Zümre Münezzer Ergül,doc.zumre.munezzer.ergul217@example.com,+905219034043,2022-12-07,2026-06-10,Diyarbakır,Kayapınar,Türkiye,180.87,36
244,60,Çev. Tüzeer Nurullah Bilir,cev.tuzeer.nurullah.bilir60@example.com,+905999386774,2022-08-25,2025-06-23,Bursa,Osmangazi,Türkiye,279.33,45
245,138,Melihcan Çetin,melihcan.cetin138@example.com,+905831323705,2022-11-04,2026-02-19,Adana,Çukurova,Türkiye,357.69,54
246,187,Dr. Dilşat Durdu Akça,dr.dilsat.durdu.akca187@example.com,+905801006231,2021-12-25,2026-03-23,Adana,Seyhan,Türkiye,130.16,27
247,43,Türknur Şennur Akar,turknur.sennur.akar43@example.com,+905967054668,2021-10-04,2026-04-24,Trabzon,Ortahisar,Türkiye,384.9,65
248,406,Hazrat Melihcan Demir Arslan,hazrat.melihcan.demir.arslan406@example.com,+905195761228,2023-09-12,2025-04-11,Adana,Çukurova,Türkiye,259.3,50
249,179,Muvaffak Hayrioğlu,muvaffak.hayrioglu179@example.com,+905687056856,2023-08-29,2026-02-04,Van,İpekyolu,Türkiye,119.76,27
250,499,Bayan Nürice Arsoy Eraslan,bayan.nurice.arsoy.eraslan499@example.com,+905902196207,2025-06-30,2025-06-30,Diyarbakır,Kayapınar,Türkiye,111.95,18
251,385,Safinaz Ayçan Arslan Tevetoğlu,safinaz.aycan.arslan.tevetoglu385@example.com,+905997968845,2023-04-01,2025-02-18,Erzurum,Yakutiye,Türkiye,243.43,52
252,6,Yağızkurt Şensoy,yagizkurt.sensoy6@example.com,+905928327648,2024-09-19,2026-03-18,Mersin,Yenişehir,Türkiye,312.55,61
253,363,Çev. Alkor Yaman,cev.alkor.yaman363@example.com,+905053021465,2022-03-12,2025-08-25,Manisa,Şehzadeler,Türkiye,281.97,43
254,292,Dr. Yekbun Sevgen Yılmaz Gül,dr.yekbun.sevgen.yilmaz.gul292@example.com,+905099917381,2022-02-17,2026-03-07,Bursa,Osmangazi,Türkiye,262.94,42
255,339,Şeref Bilgin,seref.bilgin339@example.com,+905594929955,2023-07-19,2025-02-26,Şanlıurfa,Eyyübiye,Türkiye,119.88,28
256,170,Arş. Gör. Zöhrehan Şefiye Akçay,ars.gor.zohrehan.sefiye.akcay170@example.com,+905088398225,2023-01-12,2025-02-08,Van,İpekyolu,Türkiye,222.16,46
257,367,Sevican Asu Yorulmaz,sevican.asu.yorulmaz367@example.com,+905714163356,2023-12-20,2026-03-02,Van,İpekyolu,Türkiye,319.92,51
258,312,Okt. İmrihan Melikkan Şener Şafak,okt.imrihan.melikkan.sener.safak312@example.com,+905170166088,2025-12-12,2026-03-23,Diyarbakır,Kayapınar,Türkiye,377.41,70
259,10,Ferahdiba Bilir,ferahdiba.bilir10@example.com,+905801845146,2025-01-23,2025-07-08,Malatya,Yeşilyurt,Türkiye,259.57,47
260,115,Prof. Huban Kerime Aksu,prof.huban.kerime.aksu115@example.com,+905492519254,2022-04-09,2025-12-20,Trabzon,Ortahisar,Türkiye,370.7,62
261,69,Av. Arıkol Mirbadin Sezgin,av.arikol.mirbadin.sezgin69@example.com,+905824771093,2021-12-20,2025-01-06,Konya,Meram,Türkiye,157.88,28
262,363,Çev. Alkor Yaman,cev.alkor.yaman363@example.com,+905053021465,2022-03-12,2026-02-27,Manisa,Şehzadeler,Türkiye,282.93,43
263,188,Nafii Sezer,nafii.sezer188@example.com,+905509977008,2022-11-09,2025-01-09,Malatya,Yeşilyurt,Türkiye,242.59,44
264,268,Ferihan Dumanlı,ferihan.dumanli268@example.com,+905296201533,2023-08-27,2025-01-18,İstanbul,Şişli,Türkiye,362.05,62
265,340,Tenvir Alemdar,tenvir.alemdar340@example.com,+905645257775,2021-08-09,2026-05-28,Gaziantep,Şahinbey,Türkiye,204.85,37
266,380,Nurdeniz Manço,nurdeniz.manco380@example.com,+905125355449,2022-05-02,2025-03-13,Trabzon,Ortahisar,Türkiye,220.63,43
267,356,Songurkan Bilir,songurkan.bilir356@example.com,+905624731498,2023-08-29,2025-01-06,Van,İpekyolu,Türkiye,176.02,34
268,393,Mevlüdiye Çamurcuoğlu,mevludiye.camurcuoglu393@example.com,+905013673037,2021-10-29,2026-06-17,Mersin,Toroslar,Türkiye,340.69,67
269,304,Filit Idık Arsoy,filit.idik.arsoy304@example.com,+905114374470,2025-05-22,2026-06-21,İzmir,Karşıyaka,Türkiye,367.17,70
270,286,Hasgül Akdeniz Öcalan,hasgul.akdeniz.ocalan286@example.com,+905657437489,2023-09-21,2025-06-03,Mersin,Toroslar,Türkiye,279.05,55
271,476,Fenni Atatöre İnönü Aksu,fenni.atatore.inonu.aksu476@example.com,+905940792904,2021-10-24,2025-04-07,Manisa,Şehzadeler,Türkiye,306.6,57
272,460,Öğr. Hafıza Yaman Manço,ogr.hafiza.yaman.manco460@example.com,+905733294562,2022-01-10,2025-10-27,Kayseri,Kocasinan,Türkiye,299.94,60
273,372,İlper Durmuş,ilper.durmus372@example.com,+905856271875,2022-01-31,2025-02-15,Erzurum,Yakutiye,Türkiye,88.48,18
274,69,Av. Arıkol Mirbadin Sezgin,av.arikol.mirbadin.sezgin69@example.com,+905824771093,2021-12-20,2025-09-19,Konya,Meram,Türkiye,130.62,28
275,459,Gülay Günar Şama,gulay.gunar.sama459@example.com,+905453817921,2022-01-12,2025-04-25,Diyarbakır,Kayapınar,Türkiye,241.23,47
276,79,Çakırca Gücal Yorulmaz,cakirca.gucal.yorulmaz79@example.com,+905740748217,2024-01-05,2026-01-18,Diyarbakır,Kayapınar,Türkiye,261.31,55
277,46,Sümeyye Hayrioğlu,sumeyye.hayrioglu46@example.com,+905556464170,2021-09-30,2026-03-22,Konya,Meram,Türkiye,282.53,52
278,164,Kıvılcım Seven,kivilcim.seven164@example.com,+905788728743,2025-04-26,2025-07-14,Eskişehir,Tepebaşı,Türkiye,196.83,39
279,52,Arş. Gör. Firdevis Eraslan Fırat,ars.gor.firdevis.eraslan.firat52@example.com,+905473799650,2023-03-06,2025-05-02,Gaziantep,Şahinbey,Türkiye,385.89,72
280,115,Prof. Huban Kerime Aksu,prof.huban.kerime.aksu115@example.com,+905492519254,2022-04-09,2025-04-30,Trabzon,Ortahisar,Türkiye,385.9,62
281,79,Çakırca Gücal Yorulmaz,cakirca.gucal.yorulmaz79@example.com,+905740748217,2024-01-05,2025-01-18,Diyarbakır,Kayapınar,Türkiye,258.71,55
282,118,Haliye Habibe Yıldırım,haliye.habibe.yildirim118@example.com,+905592962229,2025-01-07,2025-03-08,Malatya,Yeşilyurt,Türkiye,427.33,64
283,441,Gündüzalp Tevetoğlu,gunduzalp.tevetoglu441@example.com,+905994510162,2025-01-16,2026-02-03,Antalya,Muratpaşa,Türkiye,324.25,61
284,307,Hazine Soylu Çamurcuoğlu,hazine.soylu.camurcuoglu307@example.com,+905120216979,2022-02-22,2026-03-13,Denizli,Pamukkale,Türkiye,258.65,46
285,414,Arş. Gör. Sebattin İvecen Ülker,ars.gor.sebattin.ivecen.ulker414@example.com,+905998136462,2025-03-17,2025-10-14,Trabzon,Ortahisar,Türkiye,243.06,39
286,22,Arş. Gör. Yurtgüven Yüksel,ars.gor.yurtguven.yuksel22@example.com,+905193990916,2022-04-06,2025-02-19,Gaziantep,Şehitkamil,Türkiye,340.1,55
287,77,Uz. Gülev Arslan Bilir,uz.gulev.arslan.bilir77@example.com,+905724005045,2023-11-06,2025-06-23,Bursa,Nilüfer,Türkiye,221.97,45
288,234,Yrd. Doç. Şahdiye Hafıza Öcalan,yrd.doc.sahdiye.hafiza.ocalan234@example.com,+905091043006,2023-02-09,2025-06-15,Şanlıurfa,Eyyübiye,Türkiye,237.12,36
289,230,Koçak Soylu,kocak.soylu230@example.com,+905326973112,2021-09-23,2026-01-26,Diyarbakır,Kayapınar,Türkiye,160.95,25
290,298,Av. Zevlüde Türk Mansız,av.zevlude.turk.mansiz298@example.com,+905753260332,2024-10-06,2025-08-25,Antalya,Kepez,Türkiye,331.46,64
291,289,Okyalaz Türk,okyalaz.turk289@example.com,+905466609935,2021-11-16,2025-12-13,Şanlıurfa,Eyyübiye,Türkiye,319.17,63
292,103,Elvan Şener,elvan.sener103@example.com,+905815614978,2022-03-17,2025-01-18,Mersin,Yenişehir,Türkiye,191.9,37
293,233,Binay Huban Demir,binay.huban.demir233@example.com,+905805526965,2022-11-20,2026-04-03,Şanlıurfa,Eyyübiye,Türkiye,303.99,61
294,336,Muvaffak Kanak Tarhan Korutürk,muvaffak.kanak.tarhan.koruturk336@example.com,+905881435368,2025-02-24,2025-04-21,Manisa,Şehzadeler,Türkiye,154.37,28
295,432,Fatinur Dumanlı,fatinur.dumanli432@example.com,+905656999880,2023-01-11,2025-10-15,Ankara,Yenimahalle,Türkiye,160.52,24
296,459,Gülay Günar Şama,gulay.gunar.sama459@example.com,+905453817921,2022-01-12,2026-02-02,Diyarbakır,Kayapınar,Türkiye,232.41,47
297,420,Av. Nevsale Birsan Şafak Akdeniz,av.nevsale.birsan.safak.akdeniz420@example.com,+905920698042,2025-08-11,2026-05-13,Mersin,Toroslar,Türkiye,171.13,36
298,145,Ercihan Nerim Mansız,ercihan.nerim.mansiz145@example.com,+905925556258,2022-10-19,2025-01-09,Konya,Meram,Türkiye,95.31,24
299,401,Alkor Manço,alkor.manco401@example.com,+905387829456,2022-05-10,2026-01-11,Erzurum,Yakutiye,Türkiye,195.41,38
300,171,Öğr. Durmuşali Esentürk Şafak,ogr.durmusali.esenturk.safak171@example.com,+905187072867,2022-10-15,2025-07-22,Konya,Meram,Türkiye,160.83,21
301,247,Arpağ Yorulmaz,arpag.yorulmaz247@example.com,+905445655743,2025-07-13,2025-07-30,Antalya,Muratpaşa,Türkiye,138.58,30
302,342,Aktemür Göken Soylu,aktemur.goken.soylu342@example.com,+905930848872,2023-11-24,2026-01-07,İstanbul,Şişli,Türkiye,205.88,43
303,98,Yaşattin Şama,yasattin.sama98@example.com,+905945198327,2024-09-09,2025-02-13,Ankara,Keçiören,Türkiye,390.92,72
304,478,İntihap Şafak,intihap.safak478@example.com,+905927524372,2022-12-28,2025-12-17,Manisa,Şehzadeler,Türkiye,372.3,73
305,122,Zehranur Şama Akça,zehranur.sama.akca122@example.com,+905750606853,2023-10-14,2025-04-07,İzmir,Konak,Türkiye,101.87,23
306,88,Sevginur Misra İhsanoğlu,sevginur.misra.ihsanoglu88@example.com,+905537735158,2022-05-02,2026-06-01,Mersin,Yenişehir,Türkiye,194.96,40
307,374,Servinaz Tülin Tevetoğlu,servinaz.tulin.tevetoglu374@example.com,+905527636556,2024-05-19,2025-06-04,Manisa,Şehzadeler,Türkiye,241.07,46
308,416,Merzuk Adlan Ertaş,merzuk.adlan.ertas416@example.com,+905898331465,2022-02-09,2025-08-25,Trabzon,Ortahisar,Türkiye,310.39,54
309,394,Necva Yılmaz,necva.yilmaz394@example.com,+905645208814,2023-04-02,2025-12-18,Konya,Meram,Türkiye,292.87,58
310,156,Doç. Nerim Dumanlı,doc.nerim.dumanli156@example.com,+905897028385,2022-03-27,2025-01-19,Konya,Meram,Türkiye,274.79,48
311,196,Yıldız Samahat Ülker Arsoy,yildiz.samahat.ulker.arsoy196@example.com,+905943114262,2021-10-20,2026-06-14,Trabzon,Ortahisar,Türkiye,231.71,42
312,450,Sağıt Umman Kısakürek Arslan,sagit.umman.kisakurek.arslan450@example.com,+905395512405,2023-11-05,2025-05-31,Erzurum,Yakutiye,Türkiye,350.59,58
313,106,Uğurkan Akçay,ugurkan.akcay106@example.com,+905969664160,2024-02-16,2026-03-09,İzmir,Bornova,Türkiye,333.07,28
314,397,Aydinç Korutürk,aydinc.koruturk397@example.com,+905528127358,2022-05-02,2026-05-19,Ankara,Çankaya,Türkiye,342.71,66
315,491,Dr. Dilcan Ticen Tevetoğlu Duran,dr.dilcan.ticen.tevetoglu.duran491@example.com,+905460158517,2021-09-07,2025-07-12,Samsun,Atakum,Türkiye,349.65,67
316,170,Arş. Gör. Zöhrehan Şefiye Akçay,ars.gor.zohrehan.sefiye.akcay170@example.com,+905088398225,2023-01-12,2026-06-09,Van,İpekyolu,Türkiye,226.36,46
317,443,Ürfettin Şabettin Şama Demirel,urfettin.sabettin.sama.demirel443@example.com,+905472145868,2024-10-09,2025-12-05,Erzurum,Yakutiye,Türkiye,303.4,62
318,129,Jankat Şafak,jankat.safak129@example.com,+905430305486,2022-11-26,2025-03-14,Diyarbakır,Kayapınar,Türkiye,238.12,48
319,499,Bayan Nürice Arsoy Eraslan,bayan.nurice.arsoy.eraslan499@example.com,+905902196207,2025-06-30,2026-02-08,Diyarbakır,Kayapınar,Türkiye,101.97,18
320,326,Müferrih Ruhugül Akçay,muferrih.ruhugul.akcay326@example.com,+905259094798,2023-12-10,2025-10-12,Antalya,Muratpaşa,Türkiye,291.4,22
321,53,Öğr. Zerafet Gülper Demirel,ogr.zerafet.gulper.demirel53@example.com,+905545494808,2024-11-16,2025-04-05,Şanlıurfa,Eyyübiye,Türkiye,119.24,23
322,88,Sevginur Misra İhsanoğlu,sevginur.misra.ihsanoglu88@example.com,+905537735158,2022-05-02,2026-02-05,Mersin,Yenişehir,Türkiye,189.13,40
323,57,Yrd. Doç. Duruk Abdülahat Erdoğan,yrd.doc.duruk.abdulahat.erdogan57@example.com,+905435240824,2025-09-10,2026-03-14,Bursa,Nilüfer,Türkiye,118.96,21
324,399,Okt. Ferhan Nirgül Hançer Gül,okt.ferhan.nirgul.hancer.gul399@example.com,+905855749821,2022-12-21,2025-03-24,Konya,Selçuklu,Türkiye,178.58,27
325,315,Dr. Havali Kısakürek Durdu,dr.havali.kisakurek.durdu315@example.com,+905272614933,2025-04-09,2025-10-12,Bursa,Nilüfer,Türkiye,397.81,72
326,460,Öğr. Hafıza Yaman Manço,ogr.hafiza.yaman.manco460@example.com,+905733294562,2022-01-10,2026-03-20,Kayseri,Kocasinan,Türkiye,288.2,60
327,333,Av. Ulutay Yilmaz Tarhan,av.ulutay.yilmaz.tarhan333@example.com,+905061809190,2022-01-07,2025-09-26,Denizli,Pamukkale,Türkiye,409.39,72
328,48,Hayrünnisa Ağbegim Yüksel,hayrunnisa.agbegim.yuksel48@example.com,+905745299124,2025-05-05,2025-11-22,Van,İpekyolu,Türkiye,262.8,55
329,231,Seydo Şener,seydo.sener231@example.com,+905652341389,2022-08-02,2026-03-26,Trabzon,Ortahisar,Türkiye,357.3,64
330,233,Binay Huban Demir,binay.huban.demir233@example.com,+905805526965,2022-11-20,2026-02-18,Şanlıurfa,Eyyübiye,Türkiye,332.63,61
331,77,Uz. Gülev Arslan Bilir,uz.gulev.arslan.bilir77@example.com,+905724005045,2023-11-06,2025-11-20,Bursa,Nilüfer,Türkiye,226.79,45
332,481,Hatin Nüdret Çorlu Arsoy,hatin.nudret.corlu.arsoy481@example.com,+905674286047,2023-10-22,2025-06-20,Gaziantep,Şehitkamil,Türkiye,328.49,61
333,381,Dr. Buşra Karadeniz Çorlu,dr.busra.karadeniz.corlu381@example.com,+905987622023,2022-03-28,2025-06-17,Diyarbakır,Kayapınar,Türkiye,254.89,34
334,150,Çapkan Bilge,capkan.bilge150@example.com,+905168784991,2025-03-24,2025-12-10,Samsun,Atakum,Türkiye,171.09,24
335,467,Okt. Havse Selvi Mansız,okt.havse.selvi.mansiz467@example.com,+905946519098,2023-09-07,2025-12-05,Eskişehir,Tepebaşı,Türkiye,400.35,72
336,180,Nurmelek Aslan,nurmelek.aslan180@example.com,+905334270866,2022-10-28,2026-06-30,Adana,Çukurova,Türkiye,263.8,51
337,189,Nili Aksu,nili.aksu189@example.com,+905840862118,2025-02-11,2025-02-21,Malatya,Yeşilyurt,Türkiye,150.06,33
338,112,Yrd. Doç. Fehmiye Havali Bilge,yrd.doc.fehmiye.havali.bilge112@example.com,+905986798079,2022-04-18,2026-04-13,İzmir,Karşıyaka,Türkiye,123.67,30
339,135,Gökperi Mansız Durdu,gokperi.mansiz.durdu135@example.com,+905192856543,2025-04-24,2026-05-07,Samsun,Atakum,Türkiye,255.86,19
340,127,Kaşif Seydo Akar Eraslan,kasif.seydo.akar.eraslan127@example.com,+905670654051,2024-01-06,2025-09-24,Erzurum,Yakutiye,Türkiye,342.81,33
341,17,Prof. Ferzi Asım Akdeniz,prof.ferzi.asim.akdeniz17@example.com,+905010651333,2022-12-10,2026-03-28,Denizli,Pamukkale,Türkiye,223.8,46
342,82,Dr. Sökmen Erdoğan,dr.sokmen.erdogan82@example.com,+905210470952,2025-06-11,2025-09-17,Konya,Meram,Türkiye,177.61,36
343,48,Hayrünnisa Ağbegim Yüksel,hayrunnisa.agbegim.yuksel48@example.com,+905745299124,2025-05-05,2025-05-25,Van,İpekyolu,Türkiye,269.95,55
344,262,Muvaffak Avşin Hayrioğlu,muvaffak.avsin.hayrioglu262@example.com,+905528953926,2024-03-24,2025-05-17,Denizli,Pamukkale,Türkiye,379.34,64
345,190,Över İlalmış Aksu Hançer,over.ilalmis.aksu.hancer190@example.com,+905546156793,2022-01-15,2026-06-20,Malatya,Yeşilyurt,Türkiye,181.8,32
346,347,İvecen Oganer Mansız Seven,ivecen.oganer.mansiz.seven347@example.com,+905846386557,2023-03-31,2025-12-20,Van,İpekyolu,Türkiye,424.63,74
347,441,Gündüzalp Tevetoğlu,gunduzalp.tevetoglu441@example.com,+905994510162,2025-01-16,2025-06-04,Antalya,Muratpaşa,Türkiye,333.09,61
348,405,Günebakan İnönü,gunebakan.inonu405@example.com,+905381138633,2022-12-31,2025-06-11,Kayseri,Melikgazi,Türkiye,305.07,60
349,36,Arş. Gör. Hüda Çağlar Bilge Akça,ars.gor.huda.caglar.bilge.akca36@example.com,+905369957773,2023-01-31,2025-11-09,Kayseri,Kocasinan,Türkiye,452.23,48
350,405,Günebakan İnönü,gunebakan.inonu405@example.com,+905381138633,2022-12-31,2025-12-13,Kayseri,Melikgazi,Türkiye,322.94,60
351,159,Çev. Meşhur Asalet Demirel,cev.meshur.asalet.demirel159@example.com,+905524041574,2021-10-04,2025-07-17,Trabzon,Ortahisar,Türkiye,246.02,48
352,462,Ortak Ömür Duran Karadeniz,ortak.omur.duran.karadeniz462@example.com,+905816158148,2023-05-13,2025-07-02,Van,İpekyolu,Türkiye,265.55,43
353,339,Şeref Bilgin,seref.bilgin339@example.com,+905594929955,2023-07-19,2025-04-24,Şanlıurfa,Eyyübiye,Türkiye,127.17,28
354,80,Sittik Nevsal Zorlu,sittik.nevsal.zorlu80@example.com,+905743671369,2023-12-08,2025-07-30,Denizli,Pamukkale,Türkiye,287.58,54
355,246,Dr. Bilgütay Erten Alemdar,dr.bilgutay.erten.alemdar246@example.com,+905571918261,2022-08-18,2026-05-06,Malatya,Yeşilyurt,Türkiye,294.38,54
356,141,Dr. Atgun Arslan,dr.atgun.arslan141@example.com,+905824225358,2024-05-10,2026-03-10,Ankara,Çankaya,Türkiye,397.43,72
357,269,Dr. Asiman Şener Tevetoğlu,dr.asiman.sener.tevetoglu269@example.com,+905443106987,2025-02-01,2026-01-20,Erzurum,Yakutiye,Türkiye,159.24,21
358,405,Günebakan İnönü,gunebakan.inonu405@example.com,+905381138633,2022-12-31,2026-01-12,Kayseri,Melikgazi,Türkiye,326.65,60
359,201,Şöhret Sezgin,sohret.sezgin201@example.com,+905712406596,2024-02-07,2025-04-14,Manisa,Şehzadeler,Türkiye,240.05,46
360,351,Zinnure Neval Yorulmaz Gülen,zinnure.neval.yorulmaz.gulen351@example.com,+905990413797,2023-04-01,2025-06-13,Adana,Çukurova,Türkiye,146.73,28
361,17,Prof. Ferzi Asım Akdeniz,prof.ferzi.asim.akdeniz17@example.com,+905010651333,2022-12-10,2025-05-08,Denizli,Pamukkale,Türkiye,223.26,46
362,336,Muvaffak Kanak Tarhan Korutürk,muvaffak.kanak.tarhan.koruturk336@example.com,+905881435368,2025-02-24,2025-11-02,Manisa,Şehzadeler,Türkiye,179.22,28
363,207,Gülbeyan Soylu,gulbeyan.soylu207@example.com,+905888993756,2023-05-09,2025-10-10,Mersin,Yenişehir,Türkiye,415.24,67
364,444,Onursu Şensoy,onursu.sensoy444@example.com,+905981794695,2024-06-29,2025-06-04,Ankara,Çankaya,Türkiye,330.14,51
365,290,Onuker Zengin,onuker.zengin290@example.com,+905584282417,2025-03-25,2026-04-13,Erzurum,Yakutiye,Türkiye,344.55,65
366,380,Nurdeniz Manço,nurdeniz.manco380@example.com,+905125355449,2022-05-02,2026-06-19,Trabzon,Ortahisar,Türkiye,244.94,43
367,6,Yağızkurt Şensoy,yagizkurt.sensoy6@example.com,+905928327648,2024-09-19,2025-12-15,Mersin,Yenişehir,Türkiye,281.17,61
368,254,Çoğay Tarhan,cogay.tarhan254@example.com,+905720999347,2023-08-22,2025-05-28,Mersin,Toroslar,Türkiye,420.57,74
369,445,Bay Erdogan Demirel,bay.erdogan.demirel445@example.com,+905299787729,2024-08-23,2025-07-21,Manisa,Şehzadeler,Türkiye,327.83,63
370,75,Kaver İhsanoğlu Çetin,kaver.ihsanoglu.cetin75@example.com,+905621745961,2024-02-09,2026-04-28,İstanbul,Beşiktaş,Türkiye,452.87,72
371,256,Öğr. Rafih Şensoy,ogr.rafih.sensoy256@example.com,+905598564205,2022-08-08,2026-05-09,Şanlıurfa,Eyyübiye,Türkiye,149.62,32
372,387,Bişar Ülker,bisar.ulker387@example.com,+905807740649,2024-08-26,2025-07-26,Kayseri,Kocasinan,Türkiye,382.98,68
373,437,Tolonbay Bilge,tolonbay.bilge437@example.com,+905686025922,2025-02-19,2025-08-26,Malatya,Yeşilyurt,Türkiye,343.64,29
374,387,Bişar Ülker,bisar.ulker387@example.com,+905807740649,2024-08-26,2026-01-17,Kayseri,Kocasinan,Türkiye,372.13,68
375,218,Çev. Meryeme Hüda Bilgin Demir,cev.meryeme.huda.bilgin.demir218@example.com,+905881914858,2021-09-15,2026-04-17,Diyarbakır,Kayapınar,Türkiye,289.9,20
376,93,Öğr. İvecen Duran,ogr.ivecen.duran93@example.com,+905700766177,2025-07-15,2025-09-16,Malatya,Yeşilyurt,Türkiye,410.67,75
377,383,Elvan Çisem Yorulmaz Zengin,elvan.cisem.yorulmaz.zengin383@example.com,+905492164334,2023-06-19,2025-07-08,İzmir,Konak,Türkiye,307.42,58
378,178,Nurmelek Hayrioğlu,nurmelek.hayrioglu178@example.com,+905995342836,2024-04-06,2025-03-12,Van,İpekyolu,Türkiye,193.46,35
379,251,Öğr. Bezek Tevetoğlu Türk,ogr.bezek.tevetoglu.turk251@example.com,+905210032365,2022-02-06,2026-02-04,Diyarbakır,Kayapınar,Türkiye,351.97,58
380,195,Özpınar Selâtin Çetin Türk,ozpinar.seltin.cetin.turk195@example.com,+905504773586,2023-07-12,2026-04-23,Manisa,Şehzadeler,Türkiye,199.08,29
381,431,Dr. Özge Musaffa Bilge Şener,dr.ozge.musaffa.bilge.sener431@example.com,+905331279757,2024-07-25,2025-07-21,Denizli,Pamukkale,Türkiye,274.38,45
382,409,Giz Akça,giz.akca409@example.com,+905433504888,2022-10-01,2025-09-18,Kayseri,Melikgazi,Türkiye,278.79,54
383,226,Tezcan Bilge,tezcan.bilge226@example.com,+905242415415,2022-03-23,2026-06-27,Denizli,Pamukkale,Türkiye,442.74,75
384,226,Tezcan Bilge,tezcan.bilge226@example.com,+905242415415,2022-03-23,2025-11-23,Denizli,Pamukkale,Türkiye,439.68,75
385,114,Bayan Gül Müsemma Çetin,bayan.gul.musemma.cetin114@example.com,+905554665905,2025-07-31,2025-12-02,Malatya,Yeşilyurt,Türkiye,220.23,39
386,233,Binay Huban Demir,binay.huban.demir233@example.com,+905805526965,2022-11-20,2025-02-21,Şanlıurfa,Eyyübiye,Türkiye,308.45,61
387,92,Behiza Hezniye Arsoy Arslan,behiza.hezniye.arsoy.arslan92@example.com,+905177589178,2024-09-15,2025-04-23,Denizli,Pamukkale,Türkiye,298.29,57
388,112,Yrd. Doç. Fehmiye Havali Bilge,yrd.doc.fehmiye.havali.bilge112@example.com,+905986798079,2022-04-18,2025-01-09,İzmir,Karşıyaka,Türkiye,147.53,30
389,201,Şöhret Sezgin,sohret.sezgin201@example.com,+905712406596,2024-02-07,2025-04-23,Manisa,Şehzadeler,Türkiye,249.69,46
390,337,İlklima Kısakürek,ilklima.kisakurek337@example.com,+905312908781,2024-04-26,2025-11-28,Manisa,Şehzadeler,Türkiye,327.59,60
391,66,Altınkaya Koşukhan Gül Şama,altinkaya.kosukhan.gul.sama66@example.com,+905874296717,2023-12-31,2025-12-05,Adana,Çukurova,Türkiye,200.37,44
392,190,Över İlalmış Aksu Hançer,over.ilalmis.aksu.hancer190@example.com,+905546156793,2022-01-15,2025-11-13,Malatya,Yeşilyurt,Türkiye,132.96,32
393,471,Öğr. Lezize Nursim Zorlu Fırat,ogr.lezize.nursim.zorlu.firat471@example.com,+905267969278,2023-07-28,2025-12-13,Antalya,Muratpaşa,Türkiye,450.26,53
394,460,Öğr. Hafıza Yaman Manço,ogr.hafiza.yaman.manco460@example.com,+905733294562,2022-01-10,2026-06-04,Kayseri,Kocasinan,Türkiye,306.65,60
395,114,Bayan Gül Müsemma Çetin,bayan.gul.musemma.cetin114@example.com,+905554665905,2025-07-31,2025-10-12,Malatya,Yeşilyurt,Türkiye,210.91,39
396,276,Öğr. Heva Ertaş Durmuş,ogr.heva.ertas.durmus276@example.com,+905870998616,2025-02-09,2025-12-19,Eskişehir,Tepebaşı,Türkiye,188.46,27
397,278,Arifcan Aslan,arifcan.aslan278@example.com,+905246299606,2024-02-03,2025-02-03,Şanlıurfa,Eyyübiye,Türkiye,317.16,62
398,283,Okt. Müsemma Durmuş İnönü,okt.musemma.durmus.inonu283@example.com,+905357972798,2023-12-27,2025-08-06,Bursa,Nilüfer,Türkiye,206.16,40
399,211,Atilhan Yüksel,atilhan.yuksel211@example.com,+905660937966,2025-12-03,2026-03-29,Adana,Seyhan,Türkiye,306.78,63
400,254,Çoğay Tarhan,cogay.tarhan254@example.com,+905720999347,2023-08-22,2026-03-13,Mersin,Toroslar,Türkiye,443.73,74
401,122,Zehranur Şama Akça,zehranur.sama.akca122@example.com,+905750606853,2023-10-14,2026-06-11,İzmir,Konak,Türkiye,174.39,23
402,83,Öğr. Baydu Serda Yüksel,ogr.baydu.serda.yuksel83@example.com,+905328588424,2023-04-01,2025-08-17,Denizli,Pamukkale,Türkiye,368.4,69
403,158,Yahşi Soylu,yahsi.soylu158@example.com,+905437575844,2025-04-07,2026-02-17,Gaziantep,Şehitkamil,Türkiye,329.23,54
404,15,Nevsale Ürper Akar,nevsale.urper.akar15@example.com,+905010310518,2024-08-12,2026-04-05,Gaziantep,Şahinbey,Türkiye,227.42,35
405,17,Prof. Ferzi Asım Akdeniz,prof.ferzi.asim.akdeniz17@example.com,+905010651333,2022-12-10,2025-01-08,Denizli,Pamukkale,Türkiye,234.42,46
406,335,Alaz Eraslan Duran,alaz.eraslan.duran335@example.com,+905842450882,2025-04-04,2025-12-03,Antalya,Kepez,Türkiye,78.08,20
407,190,Över İlalmış Aksu Hançer,over.ilalmis.aksu.hancer190@example.com,+905546156793,2022-01-15,2026-03-02,Malatya,Yeşilyurt,Türkiye,155.64,32
408,114,Bayan Gül Müsemma Çetin,bayan.gul.musemma.cetin114@example.com,+905554665905,2025-07-31,2026-05-07,Malatya,Yeşilyurt,Türkiye,184.91,39
409,100,Tülin Soylu,tulin.soylu100@example.com,+905244550229,2022-04-06,2025-04-09,Mersin,Yenişehir,Türkiye,193.14,43
410,341,Doç. Menişan Rehime Demir Yaman,doc.menisan.rehime.demir.yaman341@example.com,+905914283411,2025-11-04,2026-05-16,Bursa,Nilüfer,Türkiye,439.37,72
411,11,Ceyhun Çorlu,ceyhun.corlu11@example.com,+905814893252,2022-12-04,2026-05-06,Mersin,Yenişehir,Türkiye,443.1,67
412,425,Ruhsat Oymak Akar Akçay,ruhsat.oymak.akar.akcay425@example.com,+905689363926,2024-03-13,2025-10-28,Antalya,Muratpaşa,Türkiye,285.06,56
413,266,Dr. Selime İnönü Yorulmaz,dr.selime.inonu.yorulmaz266@example.com,+905179327104,2025-11-01,2025-11-21,Erzurum,Yakutiye,Türkiye,228.08,38
414,79,Çakırca Gücal Yorulmaz,cakirca.gucal.yorulmaz79@example.com,+905740748217,2024-01-05,2026-03-28,Diyarbakır,Kayapınar,Türkiye,293.27,55
415,247,Arpağ Yorulmaz,arpag.yorulmaz247@example.com,+905445655743,2025-07-13,2025-11-19,Antalya,Muratpaşa,Türkiye,135.9,30
416,8,Çerçi Sezgin,cerci.sezgin8@example.com,+905423884969,2023-09-17,2026-06-23,Diyarbakır,Kayapınar,Türkiye,197.75,41
417,338,Deryanur Hasgül Güçlü Yıldırım,deryanur.hasgul.guclu.yildirim338@example.com,+905975523149,2025-07-23,2026-01-31,Bursa,Nilüfer,Türkiye,384.05,75
418,304,Filit Idık Arsoy,filit.idik.arsoy304@example.com,+905114374470,2025-05-22,2025-07-24,İzmir,Karşıyaka,Türkiye,372.73,70
419,457,Tonguç Ülker,tonguc.ulker457@example.com,+905249321495,2022-12-01,2026-05-20,Eskişehir,Tepebaşı,Türkiye,239.55,46
420,258,Dr. Sirap Ergül Seven,dr.sirap.ergul.seven258@example.com,+905965223955,2022-08-19,2025-02-02,Ankara,Çankaya,Türkiye,286.67,19
421,265,Öğr. Ayşenur Gülenay Fırat Arsoy,ogr.aysenur.gulenay.firat.arsoy265@example.com,+905410067626,2023-03-09,2026-02-15,İzmir,Bornova,Türkiye,427.42,74
422,499,Bayan Nürice Arsoy Eraslan,bayan.nurice.arsoy.eraslan499@example.com,+905902196207,2025-06-30,2026-06-30,Diyarbakır,Kayapınar,Türkiye,83.67,18
423,128,Yamin Merzuk Yılmaz,yamin.merzuk.yilmaz128@example.com,+905205852772,2025-03-11,2026-02-20,Bursa,Osmangazi,Türkiye,305.41,22
424,170,Arş. Gör. Zöhrehan Şefiye Akçay,ars.gor.zohrehan.sefiye.akcay170@example.com,+905088398225,2023-01-12,2026-03-03,Van,İpekyolu,Türkiye,239.75,46
425,292,Dr. Yekbun Sevgen Yılmaz Gül,dr.yekbun.sevgen.yilmaz.gul292@example.com,+905099917381,2022-02-17,2026-06-18,Bursa,Osmangazi,Türkiye,267.15,42
426,416,Merzuk Adlan Ertaş,merzuk.adlan.ertas416@example.com,+905898331465,2022-02-09,2025-06-17,Trabzon,Ortahisar,Türkiye,287.36,54
427,8,Çerçi Sezgin,cerci.sezgin8@example.com,+905423884969,2023-09-17,2025-12-27,Diyarbakır,Kayapınar,Türkiye,186.2,41
428,179,Muvaffak Hayrioğlu,muvaffak.hayrioglu179@example.com,+905687056856,2023-08-29,2025-09-14,Van,İpekyolu,Türkiye,137.27,27
429,178,Nurmelek Hayrioğlu,nurmelek.hayrioglu178@example.com,+905995342836,2024-04-06,2026-05-20,Van,İpekyolu,Türkiye,188.04,35
430,400,Özpetek Tevetoğlu,ozpetek.tevetoglu400@example.com,+905708620959,2024-08-10,2026-02-08,Mersin,Toroslar,Türkiye,356.61,38
431,365,Prof. Nevsale Uğur Zengin Sakarya,prof.nevsale.ugur.zengin.sakarya365@example.com,+905904268181,2023-02-16,2025-01-16,Diyarbakır,Kayapınar,Türkiye,173.36,36
432,92,Behiza Hezniye Arsoy Arslan,behiza.hezniye.arsoy.arslan92@example.com,+905177589178,2024-09-15,2025-02-20,Denizli,Pamukkale,Türkiye,309.06,57
433,360,Gökperi Demir,gokperi.demir360@example.com,+905589026012,2023-04-22,2026-05-04,Malatya,Yeşilyurt,Türkiye,326.52,56
434,404,Öğr. Şemsinisa Selime Seven,ogr.semsinisa.selime.seven404@example.com,+905058650948,2025-09-20,2025-11-02,İzmir,Bornova,Türkiye,350.35,64
435,41,Tomurcuk İnönü,tomurcuk.inonu41@example.com,+905347143455,2022-12-02,2025-11-29,Mersin,Toroslar,Türkiye,82.43,23
436,166,Bayan Gülsü Sabır Kısakürek,bayan.gulsu.sabir.kisakurek166@example.com,+905227530463,2023-06-12,2025-12-22,Trabzon,Ortahisar,Türkiye,356.54,66
437,252,Doç. Musaffa Şehreban Eraslan,doc.musaffa.sehreban.eraslan252@example.com,+905941013721,2024-02-02,2025-04-18,İzmir,Karşıyaka,Türkiye,125.0,25
438,302,Mishat Buyrukhan Sezer Hançer,mishat.buyrukhan.sezer.hancer302@example.com,+905173934835,2022-01-02,2025-01-23,Kayseri,Melikgazi,Türkiye,248.14,44
439,474,Av. Nura Durmuş İhsanoğlu,av.nura.durmus.ihsanoglu474@example.com,+905818913718,2022-09-12,2025-03-02,Mersin,Toroslar,Türkiye,204.78,37
440,227,Dr. Akyıldız Durdu Arslan,dr.akyildiz.durdu.arslan227@example.com,+905436110371,2025-03-16,2026-06-12,Ankara,Keçiören,Türkiye,277.87,55
441,460,Öğr. Hafıza Yaman Manço,ogr.hafiza.yaman.manco460@example.com,+905733294562,2022-01-10,2026-03-07,Kayseri,Kocasinan,Türkiye,297.03,60
442,324,Sezal Kader Gül,sezal.kader.gul324@example.com,+905598933472,2022-02-13,2026-01-07,Diyarbakır,Kayapınar,Türkiye,141.13,22
443,441,Gündüzalp Tevetoğlu,gunduzalp.tevetoglu441@example.com,+905994510162,2025-01-16,2025-10-13,Antalya,Muratpaşa,Türkiye,320.49,61
444,45,Arş. Gör. Özakan İhsanoğlu,ars.gor.ozakan.ihsanoglu45@example.com,+905699016272,2025-09-01,2026-03-23,Antalya,Muratpaşa,Türkiye,224.08,34
445,217,Doç. Zümre Münezzer Ergül,doc.zumre.munezzer.ergul217@example.com,+905219034043,2022-12-07,2025-02-06,Diyarbakır,Kayapınar,Türkiye,191.88,36
446,274,Oliver İhsanoğlu,oliver.ihsanoglu274@example.com,+905989921722,2024-10-05,2026-04-23,Ankara,Yenimahalle,Türkiye,375.86,69
447,416,Merzuk Adlan Ertaş,merzuk.adlan.ertas416@example.com,+905898331465,2022-02-09,2025-02-21,Trabzon,Ortahisar,Türkiye,270.18,54
448,188,Nafii Sezer,nafii.sezer188@example.com,+905509977008,2022-11-09,2025-08-04,Malatya,Yeşilyurt,Türkiye,230.7,44
449,175,Koldan Zengin,koldan.zengin175@example.com,+905478686337,2024-01-04,2026-02-10,İstanbul,Kadıköy,Türkiye,129.71,27
450,16,Alanalp Ülker,alanalp.ulker16@example.com,+905997376311,2022-04-03,2025-02-18,Konya,Selçuklu,Türkiye,285.27,45
451,433,Nayil Dumanlı,nayil.dumanli433@example.com,+905886086803,2024-04-25,2025-08-03,Ankara,Çankaya,Türkiye,282.35,46
452,72,Uz. Köker Nurullah Güçlü,uz.koker.nurullah.guclu72@example.com,+905840449972,2023-06-12,2025-01-26,Denizli,Pamukkale,Türkiye,320.35,52
453,404,Öğr. Şemsinisa Selime Seven,ogr.semsinisa.selime.seven404@example.com,+905058650948,2025-09-20,2026-05-25,İzmir,Bornova,Türkiye,358.78,64
454,476,Fenni Atatöre İnönü Aksu,fenni.atatore.inonu.aksu476@example.com,+905940792904,2021-10-24,2025-07-27,Manisa,Şehzadeler,Türkiye,321.31,57
455,351,Zinnure Neval Yorulmaz Gülen,zinnure.neval.yorulmaz.gulen351@example.com,+905990413797,2023-04-01,2025-08-26,Adana,Çukurova,Türkiye,164.6,28
456,192,Permun Akça Demirel,permun.akca.demirel192@example.com,+905918033974,2025-09-08,2026-04-16,Denizli,Pamukkale,Türkiye,156.05,22
457,67,Erdursun Dalkılıç Akar Duran,erdursun.dalkilic.akar.duran67@example.com,+905567468071,2024-03-08,2025-10-25,Bursa,Nilüfer,Türkiye,169.15,34
458,299,Elöve Şener,elove.sener299@example.com,+905150648909,2025-09-05,2026-06-27,Malatya,Yeşilyurt,Türkiye,348.58,60
459,428,Yrd. Doç. Birgit İnönü,yrd.doc.birgit.inonu428@example.com,+905474231220,2021-09-03,2026-06-24,Denizli,Pamukkale,Türkiye,334.65,57
460,416,Merzuk Adlan Ertaş,merzuk.adlan.ertas416@example.com,+905898331465,2022-02-09,2025-07-25,Trabzon,Ortahisar,Türkiye,286.86,54
461,2,Uz. Zamir Açıkel Tarhan,uz.zamir.acikel.tarhan2@example.com,+905838637940,2021-09-10,2026-04-06,Gaziantep,Şahinbey,Türkiye,370.18,69
462,86,Hayel Eraslan,hayel.eraslan86@example.com,+905746120047,2025-04-19,2025-08-25,Gaziantep,Şahinbey,Türkiye,140.34,24
463,477,Serda Akçay,serda.akcay477@example.com,+905281442944,2024-07-04,2025-12-17,Şanlıurfa,Eyyübiye,Türkiye,265.85,18
464,268,Ferihan Dumanlı,ferihan.dumanli268@example.com,+905296201533,2023-08-27,2026-02-08,İstanbul,Şişli,Türkiye,358.96,62
465,176,Atatöre Şensoy,atatore.sensoy176@example.com,+905690331190,2023-06-12,2025-12-23,Bursa,Nilüfer,Türkiye,313.29,56
466,390,Av. Övün Şilan Tarhan,av.ovun.silan.tarhan390@example.com,+905973502080,2024-11-27,2025-11-23,Diyarbakır,Kayapınar,Türkiye,86.6,24
467,215,Öğr. Uğurtan Erbil Hançer,ogr.ugurtan.erbil.hancer215@example.com,+905627828274,2025-02-28,2025-07-10,Antalya,Kepez,Türkiye,162.2,29
468,404,Öğr. Şemsinisa Selime Seven,ogr.semsinisa.selime.seven404@example.com,+905058650948,2025-09-20,2025-10-06,İzmir,Bornova,Türkiye,337.56,64
469,450,Sağıt Umman Kısakürek Arslan,sagit.umman.kisakurek.arslan450@example.com,+905395512405,2023-11-05,2025-04-12,Erzurum,Yakutiye,Türkiye,354.13,58
470,401,Alkor Manço,alkor.manco401@example.com,+905387829456,2022-05-10,2025-01-27,Erzurum,Yakutiye,Türkiye,214.52,38
471,256,Öğr. Rafih Şensoy,ogr.rafih.sensoy256@example.com,+905598564205,2022-08-08,2025-04-08,Şanlıurfa,Eyyübiye,Türkiye,173.98,32
472,356,Songurkan Bilir,songurkan.bilir356@example.com,+905624731498,2023-08-29,2026-04-19,Van,İpekyolu,Türkiye,163.32,34
473,186,Enes Yaman,enes.yaman186@example.com,+905854777252,2025-03-01,2025-04-24,Gaziantep,Şehitkamil,Türkiye,353.08,64
474,405,Günebakan İnönü,gunebakan.inonu405@example.com,+905381138633,2022-12-31,2025-03-28,Kayseri,Melikgazi,Türkiye,343.19,60
475,180,Nurmelek Aslan,nurmelek.aslan180@example.com,+905334270866,2022-10-28,2025-01-27,Adana,Çukurova,Türkiye,258.33,51
476,291,Cemiyle Bilge,cemiyle.bilge291@example.com,+905513534655,2024-06-27,2025-07-30,Erzurum,Yakutiye,Türkiye,282.21,55
477,305,Uz. Hezniye Yurtseven Seven,uz.hezniye.yurtseven.seven305@example.com,+905556110022,2024-02-08,2025-09-24,Ankara,Keçiören,Türkiye,398.38,40
478,342,Aktemür Göken Soylu,aktemur.goken.soylu342@example.com,+905930848872,2023-11-24,2025-07-19,İstanbul,Şişli,Türkiye,241.33,43
479,354,Heva Yaman,heva.yaman354@example.com,+905881172980,2021-08-09,2025-08-03,Manisa,Şehzadeler,Türkiye,379.04,61
480,79,Çakırca Gücal Yorulmaz,cakirca.gucal.yorulmaz79@example.com,+905740748217,2024-01-05,2025-05-26,Diyarbakır,Kayapınar,Türkiye,301.95,55
481,92,Behiza Hezniye Arsoy Arslan,behiza.hezniye.arsoy.arslan92@example.com,+905177589178,2024-09-15,2026-04-23,Denizli,Pamukkale,Türkiye,277.81,57
482,339,Şeref Bilgin,seref.bilgin339@example.com,+905594929955,2023-07-19,2025-03-04,Şanlıurfa,Eyyübiye,Türkiye,148.29,28
483,240,Uz. Savni Arıel Aksu,uz.savni.ariel.aksu240@example.com,+905380003075,2023-10-20,2026-05-26,Van,İpekyolu,Türkiye,108.35,27
484,488,İzgü Manço,izgu.manco488@example.com,+905286391741,2025-10-02,2025-12-04,Şanlıurfa,Eyyübiye,Türkiye,91.92,22
485,138,Melihcan Çetin,melihcan.cetin138@example.com,+905831323705,2022-11-04,2025-06-14,Adana,Çukurova,Türkiye,296.26,54
486,339,Şeref Bilgin,seref.bilgin339@example.com,+905594929955,2023-07-19,2025-09-05,Şanlıurfa,Eyyübiye,Türkiye,146.84,28
487,198,Akyıldız Akdeniz,akyildiz.akdeniz198@example.com,+905101581995,2023-10-16,2025-10-16,Malatya,Yeşilyurt,Türkiye,89.78,18
488,337,İlklima Kısakürek,ilklima.kisakurek337@example.com,+905312908781,2024-04-26,2026-06-15,Manisa,Şehzadeler,Türkiye,353.74,60
489,211,Atilhan Yüksel,atilhan.yuksel211@example.com,+905660937966,2025-12-03,2026-02-22,Adana,Seyhan,Türkiye,367.96,63
490,274,Oliver İhsanoğlu,oliver.ihsanoglu274@example.com,+905989921722,2024-10-05,2026-04-21,Ankara,Yenimahalle,Türkiye,356.61,69
491,246,Dr. Bilgütay Erten Alemdar,dr.bilgutay.erten.alemdar246@example.com,+905571918261,2022-08-18,2025-11-11,Malatya,Yeşilyurt,Türkiye,291.19,54
492,53,Öğr. Zerafet Gülper Demirel,ogr.zerafet.gulper.demirel53@example.com,+905545494808,2024-11-16,2026-02-11,Şanlıurfa,Eyyübiye,Türkiye,107.29,23
493,20,Tınal Aslan,tinal.aslan20@example.com,+905872343098,2025-08-10,2025-11-17,Kayseri,Kocasinan,Türkiye,334.69,65
494,359,Bedri Duran,bedri.duran359@example.com,+905449562137,2022-01-10,2026-05-30,Erzurum,Yakutiye,Türkiye,135.01,28
495,375,Dr. Dilşat Âlemşah Gül,dr.dilsat.lemsah.gul375@example.com,+905143866322,2023-04-19,2025-11-22,Antalya,Muratpaşa,Türkiye,383.92,69
496,206,Nades Yıldırım Soylu,nades.yildirim.soylu206@example.com,+905135290965,2023-07-15,2025-03-10,Samsun,İlkadım,Türkiye,104.82,24
497,239,Bidayet Aksu,bidayet.aksu239@example.com,+905778507925,2025-01-24,2025-04-19,Van,İpekyolu,Türkiye,355.61,34
498,198,Akyıldız Akdeniz,akyildiz.akdeniz198@example.com,+905101581995,2023-10-16,2025-01-28,Malatya,Yeşilyurt,Türkiye,102.71,18
499,359,Bedri Duran,bedri.duran359@example.com,+905449562137,2022-01-10,2025-01-07,Erzurum,Yakutiye,Türkiye,158.53,28
500,97,Lezize Tevetoğlu,lezize.tevetoglu97@example.com,+905809885165,2022-03-21,2025-05-22,Samsun,İlkadım,Türkiye,389.76,66
501,63,Aykutalp Sakarya,aykutalp.sakarya63@example.com,+905618324210,2025-01-07,2026-06-29,Van,İpekyolu,Türkiye,340.49,68
502,150,Çapkan Bilge,capkan.bilge150@example.com,+905168784991,2025-03-24,2025-04-03,Samsun,Atakum,Türkiye,174.06,24
503,490,Alcan Enes Seven Şener,alcan.enes.seven.sener490@example.com,+905661830671,2022-10-08,2025-12-24,Şanlıurfa,Eyyübiye,Türkiye,314.45,52
504,426,Necva Fadıla Yüksel Sakarya,necva.fadila.yuksel.sakarya426@example.com,+905329832482,2023-07-16,2025-02-17,Erzurum,Yakutiye,Türkiye,336.46,67
505,175,Koldan Zengin,koldan.zengin175@example.com,+905478686337,2024-01-04,2025-05-31,İstanbul,Kadıköy,Türkiye,129.43,27
506,153,Mücellib Bektaşi Sezgin Ertaş,mucellib.bektasi.sezgin.ertas153@example.com,+905888794705,2024-02-03,2025-05-16,Van,İpekyolu,Türkiye,322.35,61
507,321,Gürcüye Gülev Mansız Eraslan,gurcuye.gulev.mansiz.eraslan321@example.com,+905620034244,2025-02-16,2025-10-05,Bursa,Nilüfer,Türkiye,371.89,71
508,287,Bayan Muarra Sonnur Demirel,bayan.muarra.sonnur.demirel287@example.com,+905899441715,2024-05-25,2025-12-01,Malatya,Yeşilyurt,Türkiye,308.06,58
509,392,Asiman Akçay,asiman.akcay392@example.com,+905051204618,2023-04-25,2026-05-19,Samsun,Atakum,Türkiye,141.05,29
510,486,Öğr. Şöhret Yılmaz Akçay,ogr.sohret.yilmaz.akcay486@example.com,+905471746542,2021-07-28,2026-02-13,Adana,Çukurova,Türkiye,89.82,22
511,14,Arş. Gör. Edaviye Nuriyet Çorlu Durmuş,ars.gor.edaviye.nuriyet.corlu.durmus14@example.com,+905657871331,2024-01-20,2025-07-24,Konya,Meram,Türkiye,124.37,19
512,290,Onuker Zengin,onuker.zengin290@example.com,+905584282417,2025-03-25,2026-02-07,Erzurum,Yakutiye,Türkiye,355.27,65
513,415,Benek Permun Bilge Korutürk,benek.permun.bilge.koruturk415@example.com,+905864168622,2023-04-03,2025-06-26,Van,İpekyolu,Türkiye,278.68,53
514,293,Kürşad Bilge,kursad.bilge293@example.com,+905223569725,2021-12-08,2026-02-19,Denizli,Pamukkale,Türkiye,312.94,29
515,103,Elvan Şener,elvan.sener103@example.com,+905815614978,2022-03-17,2025-11-17,Mersin,Yenişehir,Türkiye,184.24,37
516,461,Galip Akdeniz,galip.akdeniz461@example.com,+905701715772,2024-05-13,2025-12-12,Eskişehir,Tepebaşı,Türkiye,376.54,67
517,336,Muvaffak Kanak Tarhan Korutürk,muvaffak.kanak.tarhan.koruturk336@example.com,+905881435368,2025-02-24,2025-04-23,Manisa,Şehzadeler,Türkiye,102.8,28
518,432,Fatinur Dumanlı,fatinur.dumanli432@example.com,+905656999880,2023-01-11,2025-03-10,Ankara,Yenimahalle,Türkiye,152.45,24
519,342,Aktemür Göken Soylu,aktemur.goken.soylu342@example.com,+905930848872,2023-11-24,2025-03-14,İstanbul,Şişli,Türkiye,219.24,43
520,191,Seyithan Akatay İhsanoğlu Hançer,seyithan.akatay.ihsanoglu.hancer191@example.com,+905016668700,2022-01-03,2026-04-28,İzmir,Karşıyaka,Türkiye,124.27,28
521,284,Sevdinar İhsanoğlu Hayrioğlu,sevdinar.ihsanoglu.hayrioglu284@example.com,+905406029333,2022-02-24,2025-11-09,Mersin,Yenişehir,Türkiye,124.34,31
522,22,Arş. Gör. Yurtgüven Yüksel,ars.gor.yurtguven.yuksel22@example.com,+905193990916,2022-04-06,2025-02-08,Gaziantep,Şehitkamil,Türkiye,293.87,55
523,284,Sevdinar İhsanoğlu Hayrioğlu,sevdinar.ihsanoglu.hayrioglu284@example.com,+905406029333,2022-02-24,2025-04-30,Mersin,Yenişehir,Türkiye,137.93,31
524,445,Bay Erdogan Demirel,bay.erdogan.demirel445@example.com,+905299787729,2024-08-23,2026-02-08,Manisa,Şehzadeler,Türkiye,308.34,63
525,344,Kerman Ertaş,kerman.ertas344@example.com,+905827229927,2023-12-09,2025-12-17,Manisa,Şehzadeler,Türkiye,112.8,20
526,332,Berran İnönü,berran.inonu332@example.com,+905024819346,2023-10-10,2025-08-23,İzmir,Konak,Türkiye,276.3,46
527,14,Arş. Gör. Edaviye Nuriyet Çorlu Durmuş,ars.gor.edaviye.nuriyet.corlu.durmus14@example.com,+905657871331,2024-01-20,2025-01-18,Konya,Meram,Türkiye,125.82,19
528,129,Jankat Şafak,jankat.safak129@example.com,+905430305486,2022-11-26,2026-01-22,Diyarbakır,Kayapınar,Türkiye,239.9,48
529,488,İzgü Manço,izgu.manco488@example.com,+905286391741,2025-10-02,2025-12-29,Şanlıurfa,Eyyübiye,Türkiye,105.14,22
530,458,Arş. Gör. Nevsale Alsoy Arsoy,ars.gor.nevsale.alsoy.arsoy458@example.com,+905016016629,2022-08-17,2026-05-13,İstanbul,Şişli,Türkiye,505.12,58
531,287,Bayan Muarra Sonnur Demirel,bayan.muarra.sonnur.demirel287@example.com,+905899441715,2024-05-25,2025-10-24,Malatya,Yeşilyurt,Türkiye,267.45,58
532,66,Altınkaya Koşukhan Gül Şama,altinkaya.kosukhan.gul.sama66@example.com,+905874296717,2023-12-31,2026-05-08,Adana,Çukurova,Türkiye,257.73,44
533,75,Kaver İhsanoğlu Çetin,kaver.ihsanoglu.cetin75@example.com,+905621745961,2024-02-09,2025-12-04,İstanbul,Beşiktaş,Türkiye,445.91,72
534,151,Özakan Mazlum Bilgin Akçay,ozakan.mazlum.bilgin.akcay151@example.com,+905239868000,2025-03-07,2026-06-08,Eskişehir,Tepebaşı,Türkiye,322.57,63
535,100,Tülin Soylu,tulin.soylu100@example.com,+905244550229,2022-04-06,2025-09-17,Mersin,Yenişehir,Türkiye,211.92,43
536,170,Arş. Gör. Zöhrehan Şefiye Akçay,ars.gor.zohrehan.sefiye.akcay170@example.com,+905088398225,2023-01-12,2026-03-06,Van,İpekyolu,Türkiye,274.35,46
537,33,Dr. Aysuna Bilge Demir,dr.aysuna.bilge.demir33@example.com,+905981693406,2025-12-09,2026-06-10,Eskişehir,Tepebaşı,Türkiye,313.45,51
538,129,Jankat Şafak,jankat.safak129@example.com,+905430305486,2022-11-26,2025-06-04,Diyarbakır,Kayapınar,Türkiye,247.79,48
539,362,Havse İncifir Hayrioğlu Yıldırım,havse.incifir.hayrioglu.yildirim362@example.com,+905770384309,2023-02-01,2025-12-23,Ankara,Çankaya,Türkiye,292.25,51
540,435,Türknur Beray Hançer Ertaş,turknur.beray.hancer.ertas435@example.com,+905298266570,2024-12-11,2026-06-26,Malatya,Yeşilyurt,Türkiye,277.95,47
541,449,Bağdat Şama,bagdat.sama449@example.com,+905278576084,2022-10-12,2025-10-03,Antalya,Kepez,Türkiye,380.36,64
542,307,Hazine Soylu Çamurcuoğlu,hazine.soylu.camurcuoglu307@example.com,+905120216979,2022-02-22,2025-02-15,Denizli,Pamukkale,Türkiye,226.32,46
543,226,Tezcan Bilge,tezcan.bilge226@example.com,+905242415415,2022-03-23,2025-06-01,Denizli,Pamukkale,Türkiye,462.66,75
544,401,Alkor Manço,alkor.manco401@example.com,+905387829456,2022-05-10,2025-09-14,Erzurum,Yakutiye,Türkiye,187.27,38
545,373,Nurser Tevetoğlu,nurser.tevetoglu373@example.com,+905915594284,2024-08-14,2025-07-01,Konya,Meram,Türkiye,198.61,35
546,232,Binışık Bilgütay Sezgin,binisik.bilgutay.sezgin232@example.com,+905389836403,2023-03-05,2025-12-27,İstanbul,Üsküdar,Türkiye,208.83,42
547,274,Oliver İhsanoğlu,oliver.ihsanoglu274@example.com,+905989921722,2024-10-05,2025-09-10,Ankara,Yenimahalle,Türkiye,346.68,69
548,376,Melihcan Dumanlı,melihcan.dumanli376@example.com,+905288574489,2025-09-06,2026-01-20,Denizli,Pamukkale,Türkiye,220.19,43
549,5,Arş. Gör. Sıylıhan Akbaş Durmuş,ars.gor.siylihan.akbas.durmus5@example.com,+905341316475,2025-01-13,2026-06-04,Ankara,Yenimahalle,Türkiye,281.6,41
550,164,Kıvılcım Seven,kivilcim.seven164@example.com,+905788728743,2025-04-26,2025-06-07,Eskişehir,Tepebaşı,Türkiye,185.45,39
551,318,Kâzime Yılmaz Durdu,kzime.yilmaz.durdu318@example.com,+905866934654,2023-05-30,2026-05-23,Manisa,Şehzadeler,Türkiye,352.29,69
552,481,Hatin Nüdret Çorlu Arsoy,hatin.nudret.corlu.arsoy481@example.com,+905674286047,2023-10-22,2026-01-12,Gaziantep,Şehitkamil,Türkiye,329.79,61
553,378,Ruhugül Gül Sakarya,ruhugul.gul.sakarya378@example.com,+905061593998,2024-12-20,2025-08-19,Mersin,Toroslar,Türkiye,329.37,67
554,309,Sevim Eraslan,sevim.eraslan309@example.com,+905588916375,2022-03-24,2025-10-02,İstanbul,Beşiktaş,Türkiye,379.84,61
555,191,Seyithan Akatay İhsanoğlu Hançer,seyithan.akatay.ihsanoglu.hancer191@example.com,+905016668700,2022-01-03,2025-06-21,İzmir,Karşıyaka,Türkiye,136.84,28
556,100,Tülin Soylu,tulin.soylu100@example.com,+905244550229,2022-04-06,2025-09-13,Mersin,Yenişehir,Türkiye,227.57,43
557,270,Doç. Bozbağ Görgünay Durmuş,doc.bozbag.gorgunay.durmus270@example.com,+905497310324,2025-06-28,2025-10-26,Denizli,Pamukkale,Türkiye,452.42,48
558,482,Bay Gümüştekin Ayvas Karadeniz,bay.gumustekin.ayvas.karadeniz482@example.com,+905185694544,2025-05-25,2025-11-30,Malatya,Yeşilyurt,Türkiye,190.63,34
559,54,Piran Nurda Dumanlı,piran.nurda.dumanli54@example.com,+905837770143,2023-09-06,2025-12-19,Denizli,Pamukkale,Türkiye,324.85,62
560,394,Necva Yılmaz,necva.yilmaz394@example.com,+905645208814,2023-04-02,2025-11-02,Konya,Meram,Türkiye,267.83,58
561,474,Av. Nura Durmuş İhsanoğlu,av.nura.durmus.ihsanoglu474@example.com,+905818913718,2022-09-12,2026-05-21,Mersin,Toroslar,Türkiye,224.04,37
562,2,Uz. Zamir Açıkel Tarhan,uz.zamir.acikel.tarhan2@example.com,+905838637940,2021-09-10,2026-03-27,Gaziantep,Şahinbey,Türkiye,348.05,69
563,143,Dr. Gönen Ebuakil Sezgin,dr.gonen.ebuakil.sezgin143@example.com,+905900109439,2023-08-12,2025-09-21,Manisa,Şehzadeler,Türkiye,359.01,57
564,441,Gündüzalp Tevetoğlu,gunduzalp.tevetoglu441@example.com,+905994510162,2025-01-16,2026-05-27,Antalya,Muratpaşa,Türkiye,322.62,61
565,341,Doç. Menişan Rehime Demir Yaman,doc.menisan.rehime.demir.yaman341@example.com,+905914283411,2025-11-04,2026-05-02,Bursa,Nilüfer,Türkiye,423.91,72
566,428,Yrd. Doç. Birgit İnönü,yrd.doc.birgit.inonu428@example.com,+905474231220,2021-09-03,2025-06-13,Denizli,Pamukkale,Türkiye,354.97,57
567,77,Uz. Gülev Arslan Bilir,uz.gulev.arslan.bilir77@example.com,+905724005045,2023-11-06,2026-05-05,Bursa,Nilüfer,Türkiye,221.07,45
568,200,Sevim Fayize Şafak Akçay,sevim.fayize.safak.akcay200@example.com,+905646471543,2021-11-27,2026-06-01,İzmir,Konak,Türkiye,343.17,58
569,309,Sevim Eraslan,sevim.eraslan309@example.com,+905588916375,2022-03-24,2025-02-23,İstanbul,Beşiktaş,Türkiye,312.16,61
570,372,İlper Durmuş,ilper.durmus372@example.com,+905856271875,2022-01-31,2026-03-05,Erzurum,Yakutiye,Türkiye,79.21,18
571,209,Narhanim Aslan,narhanim.aslan209@example.com,+905571775140,2021-12-18,2025-03-25,Konya,Meram,Türkiye,123.73,25
572,72,Uz. Köker Nurullah Güçlü,uz.koker.nurullah.guclu72@example.com,+905840449972,2023-06-12,2026-05-25,Denizli,Pamukkale,Türkiye,314.99,52
573,91,Emine. İhsanoğlu,emine.ihsanoglu91@example.com,+905020539502,2024-06-17,2025-10-15,Adana,Seyhan,Türkiye,100.07,21
574,98,Yaşattin Şama,yasattin.sama98@example.com,+905945198327,2024-09-09,2026-03-20,Ankara,Keçiören,Türkiye,376.38,72
575,300,Halenur Burcuhan Şafak,halenur.burcuhan.safak300@example.com,+905167618472,2024-10-18,2025-05-06,İstanbul,Kadıköy,Türkiye,355.38,62
576,189,Nili Aksu,nili.aksu189@example.com,+905840862118,2025-02-11,2026-03-07,Malatya,Yeşilyurt,Türkiye,159.02,33
577,426,Necva Fadıla Yüksel Sakarya,necva.fadila.yuksel.sakarya426@example.com,+905329832482,2023-07-16,2026-04-22,Erzurum,Yakutiye,Türkiye,360.88,67
578,438,Tanyolaç Tevetoğlu,tanyolac.tevetoglu438@example.com,+905447421230,2022-06-16,2025-12-23,Ankara,Keçiören,Türkiye,369.96,66
579,294,Arıel Güçlü,ariel.guclu294@example.com,+905250074329,2021-08-30,2025-09-17,Şanlıurfa,Eyyübiye,Türkiye,175.35,28
580,393,Mevlüdiye Çamurcuoğlu,mevludiye.camurcuoglu393@example.com,+905013673037,2021-10-29,2026-05-23,Mersin,Toroslar,Türkiye,351.88,67
581,343,Aytek Elöve Akgündüz Duran,aytek.elove.akgunduz.duran343@example.com,+905278816580,2022-03-26,2025-01-31,Van,İpekyolu,Türkiye,365.7,33
582,136,Rayla Zülbiye Karadeniz,rayla.zulbiye.karadeniz136@example.com,+905814473947,2024-10-29,2025-08-12,Şanlıurfa,Eyyübiye,Türkiye,136.8,25
583,145,Ercihan Nerim Mansız,ercihan.nerim.mansiz145@example.com,+905925556258,2022-10-19,2025-10-17,Konya,Meram,Türkiye,112.92,24
584,350,Av. Işıman Ayvas Tarhan,av.isiman.ayvas.tarhan350@example.com,+905299228092,2025-08-20,2026-04-10,Gaziantep,Şahinbey,Türkiye,146.92,28
585,476,Fenni Atatöre İnönü Aksu,fenni.atatore.inonu.aksu476@example.com,+905940792904,2021-10-24,2025-05-01,Manisa,Şehzadeler,Türkiye,290.74,57
586,157,Hoşkadem Karadeniz,hoskadem.karadeniz157@example.com,+905785854973,2024-07-26,2025-07-02,Eskişehir,Odunpazarı,Türkiye,219.38,35
587,225,Saydam Feza Sezer,saydam.feza.sezer225@example.com,+905975001701,2025-01-23,2026-04-28,Eskişehir,Odunpazarı,Türkiye,270.76,46
588,41,Tomurcuk İnönü,tomurcuk.inonu41@example.com,+905347143455,2022-12-02,2025-05-25,Mersin,Toroslar,Türkiye,90.95,23
589,261,Çev. Rabbiye Alemdar İnönü,cev.rabbiye.alemdar.inonu261@example.com,+905851569154,2024-02-21,2025-03-31,Antalya,Muratpaşa,Türkiye,156.91,26
590,299,Elöve Şener,elove.sener299@example.com,+905150648909,2025-09-05,2026-05-29,Malatya,Yeşilyurt,Türkiye,295.57,60
591,308,Ekmel Ertaş,ekmel.ertas308@example.com,+905902771670,2025-08-05,2026-05-25,Trabzon,Ortahisar,Türkiye,201.52,34
592,88,Sevginur Misra İhsanoğlu,sevginur.misra.ihsanoglu88@example.com,+905537735158,2022-05-02,2025-02-05,Mersin,Yenişehir,Türkiye,228.53,40
593,77,Uz. Gülev Arslan Bilir,uz.gulev.arslan.bilir77@example.com,+905724005045,2023-11-06,2025-12-20,Bursa,Nilüfer,Türkiye,241.98,45
594,286,Hasgül Akdeniz Öcalan,hasgul.akdeniz.ocalan286@example.com,+905657437489,2023-09-21,2026-06-18,Mersin,Toroslar,Türkiye,280.78,55
595,159,Çev. Meşhur Asalet Demirel,cev.meshur.asalet.demirel159@example.com,+905524041574,2021-10-04,2026-05-09,Trabzon,Ortahisar,Türkiye,238.47,48
596,252,Doç. Musaffa Şehreban Eraslan,doc.musaffa.sehreban.eraslan252@example.com,+905941013721,2024-02-02,2026-06-19,İzmir,Karşıyaka,Türkiye,102.54,25
597,403,Esenbay Dumanlı,esenbay.dumanli403@example.com,+905899405391,2025-11-16,2025-11-23,Trabzon,Ortahisar,Türkiye,219.83,31
598,104,Feyha Korutürk,feyha.koruturk104@example.com,+905034324451,2025-11-27,2026-04-08,Trabzon,Ortahisar,Türkiye,457.21,49
599,103,Elvan Şener,elvan.sener103@example.com,+905815614978,2022-03-17,2025-12-28,Mersin,Yenişehir,Türkiye,143.48,37
600,77,Uz. Gülev Arslan Bilir,uz.gulev.arslan.bilir77@example.com,+905724005045,2023-11-06,2025-04-03,Bursa,Nilüfer,Türkiye,215.72,45
601,3,Suat Şafak,suat.safak3@example.com,+905423511615,2024-01-08,2026-04-16,Denizli,Pamukkale,Türkiye,285.59,56
602,203,Musaffa Akdeniz,musaffa.akdeniz203@example.com,+905564651939,2022-11-21,2025-05-06,Şanlıurfa,Eyyübiye,Türkiye,174.66,29
603,139,Seçgül Dumanlı,secgul.dumanli139@example.com,+905911467866,2022-09-22,2026-01-30,Erzurum,Yakutiye,Türkiye,78.41,22
604,431,Dr. Özge Musaffa Bilge Şener,dr.ozge.musaffa.bilge.sener431@example.com,+905331279757,2024-07-25,2025-04-02,Denizli,Pamukkale,Türkiye,264.21,45
605,61,Yigit İhsanoğlu,yigit.ihsanoglu61@example.com,+905913341232,2022-11-08,2025-05-15,Manisa,Şehzadeler,Türkiye,110.87,22
606,92,Behiza Hezniye Arsoy Arslan,behiza.hezniye.arsoy.arslan92@example.com,+905177589178,2024-09-15,2026-03-03,Denizli,Pamukkale,Türkiye,305.68,57
607,292,Dr. Yekbun Sevgen Yılmaz Gül,dr.yekbun.sevgen.yilmaz.gul292@example.com,+905099917381,2022-02-17,2026-01-07,Bursa,Osmangazi,Türkiye,275.31,42
608,298,Av. Zevlüde Türk Mansız,av.zevlude.turk.mansiz298@example.com,+905753260332,2024-10-06,2025-11-20,Antalya,Kepez,Türkiye,298.84,64
609,246,Dr. Bilgütay Erten Alemdar,dr.bilgutay.erten.alemdar246@example.com,+905571918261,2022-08-18,2026-05-05,Malatya,Yeşilyurt,Türkiye,309.11,54
610,214,Aygutalp Arslan,aygutalp.arslan214@example.com,+905251341252,2023-01-31,2025-03-05,Kayseri,Melikgazi,Türkiye,219.04,42
611,145,Ercihan Nerim Mansız,ercihan.nerim.mansiz145@example.com,+905925556258,2022-10-19,2025-10-07,Konya,Meram,Türkiye,128.99,24
612,306,Uz. Cannur Çorlu,uz.cannur.corlu306@example.com,+905155216674,2023-10-15,2025-10-31,Manisa,Şehzadeler,Türkiye,502.27,62
613,146,Möhsim Seven,mohsim.seven146@example.com,+905473210469,2023-08-09,2025-10-03,Diyarbakır,Kayapınar,Türkiye,205.74,33
614,322,Tekecan Sakarya,tekecan.sakarya322@example.com,+905805719838,2023-10-08,2025-11-21,Kayseri,Melikgazi,Türkiye,232.77,33
615,374,Servinaz Tülin Tevetoğlu,servinaz.tulin.tevetoglu374@example.com,+905527636556,2024-05-19,2025-09-15,Manisa,Şehzadeler,Türkiye,247.12,46
616,291,Cemiyle Bilge,cemiyle.bilge291@example.com,+905513534655,2024-06-27,2025-11-24,Erzurum,Yakutiye,Türkiye,280.91,55
617,196,Yıldız Samahat Ülker Arsoy,yildiz.samahat.ulker.arsoy196@example.com,+905943114262,2021-10-20,2025-11-02,Trabzon,Ortahisar,Türkiye,232.16,42
618,129,Jankat Şafak,jankat.safak129@example.com,+905430305486,2022-11-26,2025-11-15,Diyarbakır,Kayapınar,Türkiye,274.95,48
619,413,Uz. Kavurt Duran,uz.kavurt.duran413@example.com,+905805892583,2025-02-02,2025-02-03,Ankara,Keçiören,Türkiye,148.5,21
620,1,Akar Ziyaettin Aslan Yüksel,akar.ziyaettin.aslan.yuksel1@example.com,+905433218196,2025-10-08,2026-04-12,Bursa,Nilüfer,Türkiye,84.81,19
621,451,Şefiye Bilge,sefiye.bilge451@example.com,+905291450461,2023-03-01,2025-06-30,Adana,Çukurova,Türkiye,389.97,74
622,325,Aybora Çamurcuoğlu,aybora.camurcuoglu325@example.com,+905606484229,2024-07-08,2025-07-17,Adana,Seyhan,Türkiye,88.47,18
623,447,Nurbanu Limon Kısakürek Seven,nurbanu.limon.kisakurek.seven447@example.com,+905344144885,2021-08-25,2026-02-22,Konya,Selçuklu,Türkiye,72.51,18
624,318,Kâzime Yılmaz Durdu,kzime.yilmaz.durdu318@example.com,+905866934654,2023-05-30,2025-11-24,Manisa,Şehzadeler,Türkiye,382.15,69
625,92,Behiza Hezniye Arsoy Arslan,behiza.hezniye.arsoy.arslan92@example.com,+905177589178,2024-09-15,2025-09-08,Denizli,Pamukkale,Türkiye,325.44,57
626,50,Av. Behiza İnönü Duran,av.behiza.inonu.duran50@example.com,+905518506716,2023-12-02,2025-06-12,Erzurum,Yakutiye,Türkiye,525.73,58
627,431,Dr. Özge Musaffa Bilge Şener,dr.ozge.musaffa.bilge.sener431@example.com,+905331279757,2024-07-25,2026-01-23,Denizli,Pamukkale,Türkiye,281.03,45
628,368,Av. Rafia Şafak Tarhan,av.rafia.safak.tarhan368@example.com,+905416518275,2023-12-19,2025-05-06,Mersin,Yenişehir,Türkiye,359.58,31
629,414,Arş. Gör. Sebattin İvecen Ülker,ars.gor.sebattin.ivecen.ulker414@example.com,+905998136462,2025-03-17,2025-04-09,Trabzon,Ortahisar,Türkiye,180.61,39
630,176,Atatöre Şensoy,atatore.sensoy176@example.com,+905690331190,2023-06-12,2025-07-09,Bursa,Nilüfer,Türkiye,349.27,56
631,481,Hatin Nüdret Çorlu Arsoy,hatin.nudret.corlu.arsoy481@example.com,+905674286047,2023-10-22,2025-01-13,Gaziantep,Şehitkamil,Türkiye,317.42,61
632,204,Av. Atnan Eşref Akgündüz,av.atnan.esref.akgunduz204@example.com,+905737416724,2024-08-04,2025-09-10,Erzurum,Yakutiye,Türkiye,212.04,34
633,286,Hasgül Akdeniz Öcalan,hasgul.akdeniz.ocalan286@example.com,+905657437489,2023-09-21,2025-11-17,Mersin,Toroslar,Türkiye,259.35,55
634,61,Yigit İhsanoğlu,yigit.ihsanoglu61@example.com,+905913341232,2022-11-08,2025-11-08,Manisa,Şehzadeler,Türkiye,89.51,22
635,404,Öğr. Şemsinisa Selime Seven,ogr.semsinisa.selime.seven404@example.com,+905058650948,2025-09-20,2025-12-08,İzmir,Bornova,Türkiye,350.43,64
636,226,Tezcan Bilge,tezcan.bilge226@example.com,+905242415415,2022-03-23,2025-12-27,Denizli,Pamukkale,Türkiye,450.0,75
637,136,Rayla Zülbiye Karadeniz,rayla.zulbiye.karadeniz136@example.com,+905814473947,2024-10-29,2025-08-24,Şanlıurfa,Eyyübiye,Türkiye,116.56,25
638,475,Yasan Şehamet Fırat Akdeniz,yasan.sehamet.firat.akdeniz475@example.com,+905778795654,2024-04-29,2025-03-05,Eskişehir,Odunpazarı,Türkiye,159.05,28
639,324,Sezal Kader Gül,sezal.kader.gul324@example.com,+905598933472,2022-02-13,2025-11-30,Diyarbakır,Kayapınar,Türkiye,107.12,22
640,416,Merzuk Adlan Ertaş,merzuk.adlan.ertas416@example.com,+905898331465,2022-02-09,2025-11-08,Trabzon,Ortahisar,Türkiye,285.69,54
641,385,Safinaz Ayçan Arslan Tevetoğlu,safinaz.aycan.arslan.tevetoglu385@example.com,+905997968845,2023-04-01,2025-08-05,Erzurum,Yakutiye,Türkiye,257.05,52
642,161,Zeride Çorlu,zeride.corlu161@example.com,+905165712082,2023-09-01,2026-04-09,Gaziantep,Şahinbey,Türkiye,358.91,59
643,415,Benek Permun Bilge Korutürk,benek.permun.bilge.koruturk415@example.com,+905864168622,2023-04-03,2025-04-11,Van,İpekyolu,Türkiye,298.46,53
644,365,Prof. Nevsale Uğur Zengin Sakarya,prof.nevsale.ugur.zengin.sakarya365@example.com,+905904268181,2023-02-16,2026-06-01,Diyarbakır,Kayapınar,Türkiye,138.38,36
645,263,Muvahhide Demir,muvahhide.demir263@example.com,+905096902959,2024-09-16,2025-03-28,Antalya,Muratpaşa,Türkiye,345.5,58
646,181,Çev. Bidayet Sirap Yıldırım,cev.bidayet.sirap.yildirim181@example.com,+905351751830,2024-06-11,2026-05-26,Gaziantep,Şehitkamil,Türkiye,239.22,42
647,304,Filit Idık Arsoy,filit.idik.arsoy304@example.com,+905114374470,2025-05-22,2025-05-27,İzmir,Karşıyaka,Türkiye,348.24,70
648,22,Arş. Gör. Yurtgüven Yüksel,ars.gor.yurtguven.yuksel22@example.com,+905193990916,2022-04-06,2025-11-10,Gaziantep,Şehitkamil,Türkiye,333.4,55
649,117,Öğr. İdiris Münif Ergül,ogr.idiris.munif.ergul117@example.com,+905573322141,2023-02-07,2025-08-18,Adana,Seyhan,Türkiye,394.17,67
650,218,Çev. Meryeme Hüda Bilgin Demir,cev.meryeme.huda.bilgin.demir218@example.com,+905881914858,2021-09-15,2025-11-26,Diyarbakır,Kayapınar,Türkiye,273.54,20
651,220,Öğr. Doğuhan Korutürk,ogr.doguhan.koruturk220@example.com,+905959629233,2025-08-13,2026-05-15,Gaziantep,Şahinbey,Türkiye,330.05,54
652,337,İlklima Kısakürek,ilklima.kisakurek337@example.com,+905312908781,2024-04-26,2026-04-20,Manisa,Şehzadeler,Türkiye,327.25,60
653,454,Elifnur Tevetoğlu Demirel,elifnur.tevetoglu.demirel454@example.com,+905681040915,2023-05-01,2026-02-09,Ankara,Keçiören,Türkiye,402.26,74
654,151,Özakan Mazlum Bilgin Akçay,ozakan.mazlum.bilgin.akcay151@example.com,+905239868000,2025-03-07,2026-01-08,Eskişehir,Tepebaşı,Türkiye,327.09,63
655,290,Onuker Zengin,onuker.zengin290@example.com,+905584282417,2025-03-25,2026-02-20,Erzurum,Yakutiye,Türkiye,333.43,65
656,360,Gökperi Demir,gokperi.demir360@example.com,+905589026012,2023-04-22,2026-01-23,Malatya,Yeşilyurt,Türkiye,334.65,56
657,191,Seyithan Akatay İhsanoğlu Hançer,seyithan.akatay.ihsanoglu.hancer191@example.com,+905016668700,2022-01-03,2025-05-11,İzmir,Karşıyaka,Türkiye,125.58,28
658,303,Alattin Hayrioğlu,alattin.hayrioglu303@example.com,+905737530011,2022-09-24,2025-11-09,Ankara,Yenimahalle,Türkiye,347.48,60
659,478,İntihap Şafak,intihap.safak478@example.com,+905927524372,2022-12-28,2025-12-30,Manisa,Şehzadeler,Türkiye,390.05,73
660,469,Çev. Ünsever Özdil Güçlü,cev.unsever.ozdil.guclu469@example.com,+905666683272,2024-11-22,2025-08-02,Trabzon,Ortahisar,Türkiye,308.62,53
661,111,Dr. Ağakişi Hükümdar Öcalan,dr.agakisi.hukumdar.ocalan111@example.com,+905581477005,2024-05-04,2025-08-10,Van,İpekyolu,Türkiye,135.51,22
662,159,Çev. Meşhur Asalet Demirel,cev.meshur.asalet.demirel159@example.com,+905524041574,2021-10-04,2025-04-27,Trabzon,Ortahisar,Türkiye,239.56,48
663,63,Aykutalp Sakarya,aykutalp.sakarya63@example.com,+905618324210,2025-01-07,2026-04-20,Van,İpekyolu,Türkiye,358.25,68
664,166,Bayan Gülsü Sabır Kısakürek,bayan.gulsu.sabir.kisakurek166@example.com,+905227530463,2023-06-12,2025-08-17,Trabzon,Ortahisar,Türkiye,328.16,66
665,277,Kayrabay Akar,kayrabay.akar277@example.com,+905191485646,2022-04-11,2025-08-09,Van,İpekyolu,Türkiye,320.64,49
666,299,Elöve Şener,elove.sener299@example.com,+905150648909,2025-09-05,2026-03-21,Malatya,Yeşilyurt,Türkiye,328.76,60
667,82,Dr. Sökmen Erdoğan,dr.sokmen.erdogan82@example.com,+905210470952,2025-06-11,2025-08-16,Konya,Meram,Türkiye,208.25,36
668,365,Prof. Nevsale Uğur Zengin Sakarya,prof.nevsale.ugur.zengin.sakarya365@example.com,+905904268181,2023-02-16,2025-12-31,Diyarbakır,Kayapınar,Türkiye,182.26,36
669,485,Çerçi Demirel,cerci.demirel485@example.com,+905391119269,2024-11-29,2025-04-20,Ankara,Yenimahalle,Türkiye,424.31,75
670,338,Deryanur Hasgül Güçlü Yıldırım,deryanur.hasgul.guclu.yildirim338@example.com,+905975523149,2025-07-23,2026-03-10,Bursa,Nilüfer,Türkiye,398.49,75
671,205,Öğr. Sezen Üge Mansız Ülker,ogr.sezen.uge.mansiz.ulker205@example.com,+905179796886,2022-11-25,2026-05-03,Denizli,Pamukkale,Türkiye,293.64,20
672,291,Cemiyle Bilge,cemiyle.bilge291@example.com,+905513534655,2024-06-27,2025-03-17,Erzurum,Yakutiye,Türkiye,265.45,55
673,40,Uz. Servinaz Adila Gül,uz.servinaz.adila.gul40@example.com,+905798687277,2024-06-30,2025-11-10,Malatya,Yeşilyurt,Türkiye,375.87,66
674,196,Yıldız Samahat Ülker Arsoy,yildiz.samahat.ulker.arsoy196@example.com,+905943114262,2021-10-20,2025-07-30,Trabzon,Ortahisar,Türkiye,225.46,42
675,345,Zeride Sabihe Zengin Korutürk,zeride.sabihe.zengin.koruturk345@example.com,+905145303856,2023-04-26,2026-03-21,Şanlıurfa,Eyyübiye,Türkiye,420.54,47
676,335,Alaz Eraslan Duran,alaz.eraslan.duran335@example.com,+905842450882,2025-04-04,2026-02-17,Antalya,Kepez,Türkiye,65.75,20
677,131,Minibe Ülker,minibe.ulker131@example.com,+905584161692,2022-11-21,2026-03-10,Şanlıurfa,Eyyübiye,Türkiye,204.51,36
678,97,Lezize Tevetoğlu,lezize.tevetoglu97@example.com,+905809885165,2022-03-21,2025-10-18,Samsun,İlkadım,Türkiye,429.05,66
679,438,Tanyolaç Tevetoğlu,tanyolac.tevetoglu438@example.com,+905447421230,2022-06-16,2026-03-10,Ankara,Keçiören,Türkiye,383.1,66
680,375,Dr. Dilşat Âlemşah Gül,dr.dilsat.lemsah.gul375@example.com,+905143866322,2023-04-19,2025-09-20,Antalya,Muratpaşa,Türkiye,398.1,69
681,274,Oliver İhsanoğlu,oliver.ihsanoglu274@example.com,+905989921722,2024-10-05,2026-04-19,Ankara,Yenimahalle,Türkiye,362.26,69
682,234,Yrd. Doç. Şahdiye Hafıza Öcalan,yrd.doc.sahdiye.hafiza.ocalan234@example.com,+905091043006,2023-02-09,2026-06-21,Şanlıurfa,Eyyübiye,Türkiye,220.25,36
683,216,Sonnur Çağlar Fırat Ergül,sonnur.caglar.firat.ergul216@example.com,+905507236887,2023-08-28,2025-08-02,Diyarbakır,Kayapınar,Türkiye,334.92,61
684,109,Aköz Hançer,akoz.hancer109@example.com,+905124329212,2021-08-13,2026-02-28,Antalya,Muratpaşa,Türkiye,387.75,58
685,304,Filit Idık Arsoy,filit.idik.arsoy304@example.com,+905114374470,2025-05-22,2026-06-17,İzmir,Karşıyaka,Türkiye,385.91,70
686,415,Benek Permun Bilge Korutürk,benek.permun.bilge.koruturk415@example.com,+905864168622,2023-04-03,2026-02-28,Van,İpekyolu,Türkiye,302.3,53
687,200,Sevim Fayize Şafak Akçay,sevim.fayize.safak.akcay200@example.com,+905646471543,2021-11-27,2025-02-21,İzmir,Konak,Türkiye,355.34,58
688,426,Necva Fadıla Yüksel Sakarya,necva.fadila.yuksel.sakarya426@example.com,+905329832482,2023-07-16,2026-05-02,Erzurum,Yakutiye,Türkiye,342.38,67
689,286,Hasgül Akdeniz Öcalan,hasgul.akdeniz.ocalan286@example.com,+905657437489,2023-09-21,2025-11-12,Mersin,Toroslar,Türkiye,301.43,55
690,66,Altınkaya Koşukhan Gül Şama,altinkaya.kosukhan.gul.sama66@example.com,+905874296717,2023-12-31,2025-03-01,Adana,Çukurova,Türkiye,220.75,44
691,230,Koçak Soylu,kocak.soylu230@example.com,+905326973112,2021-09-23,2025-06-10,Diyarbakır,Kayapınar,Türkiye,154.97,25
692,243,Servinaz Belkize Tarhan,servinaz.belkize.tarhan243@example.com,+905494937597,2021-08-13,2025-11-03,Samsun,İlkadım,Türkiye,362.42,67
693,168,Sunay Yılmaz Akça,sunay.yilmaz.akca168@example.com,+905145933272,2023-05-26,2026-03-05,Malatya,Yeşilyurt,Türkiye,382.35,65
694,478,İntihap Şafak,intihap.safak478@example.com,+905927524372,2022-12-28,2025-07-23,Manisa,Şehzadeler,Türkiye,411.44,73
695,453,Hiçsönmez Hançer,hicsonmez.hancer453@example.com,+905357845218,2022-02-26,2025-09-03,Şanlıurfa,Eyyübiye,Türkiye,150.24,26
696,7,Öğr. Seniha İnsaf Aslan,ogr.seniha.insaf.aslan7@example.com,+905056413953,2022-04-10,2026-05-02,Ankara,Çankaya,Türkiye,283.03,49
697,82,Dr. Sökmen Erdoğan,dr.sokmen.erdogan82@example.com,+905210470952,2025-06-11,2025-06-22,Konya,Meram,Türkiye,204.8,36
698,199,Av. Tangül Deha Şafak,av.tangul.deha.safak199@example.com,+905839826224,2024-04-05,2025-12-28,Trabzon,Ortahisar,Türkiye,234.07,35
699,294,Arıel Güçlü,ariel.guclu294@example.com,+905250074329,2021-08-30,2025-06-14,Şanlıurfa,Eyyübiye,Türkiye,180.28,28
700,250,Rahiye Kumral Zorlu,rahiye.kumral.zorlu250@example.com,+905804420678,2021-10-02,2025-04-10,Samsun,Atakum,Türkiye,295.84,53
701,406,Hazrat Melihcan Demir Arslan,hazrat.melihcan.demir.arslan406@example.com,+905195761228,2023-09-12,2025-12-14,Adana,Çukurova,Türkiye,275.96,50
702,336,Muvaffak Kanak Tarhan Korutürk,muvaffak.kanak.tarhan.koruturk336@example.com,+905881435368,2025-02-24,2026-02-17,Manisa,Şehzadeler,Türkiye,124.66,28
703,475,Yasan Şehamet Fırat Akdeniz,yasan.sehamet.firat.akdeniz475@example.com,+905778795654,2024-04-29,2025-04-11,Eskişehir,Odunpazarı,Türkiye,143.67,28
704,352,Gülev Demir,gulev.demir352@example.com,+905929842579,2022-08-21,2025-06-11,Denizli,Pamukkale,Türkiye,113.95,22
705,159,Çev. Meşhur Asalet Demirel,cev.meshur.asalet.demirel159@example.com,+905524041574,2021-10-04,2025-11-18,Trabzon,Ortahisar,Türkiye,253.43,48
706,273,Mürit Baturay Şensoy Karadeniz,murit.baturay.sensoy.karadeniz273@example.com,+905806868793,2023-04-12,2025-08-24,Denizli,Pamukkale,Türkiye,168.41,37
707,233,Binay Huban Demir,binay.huban.demir233@example.com,+905805526965,2022-11-20,2025-06-25,Şanlıurfa,Eyyübiye,Türkiye,324.61,61
708,155,Av. Zülbiye Semat Akçay,av.zulbiye.semat.akcay155@example.com,+905230913075,2023-08-08,2025-08-09,Manisa,Şehzadeler,Türkiye,187.7,27
709,387,Bişar Ülker,bisar.ulker387@example.com,+905807740649,2024-08-26,2026-04-10,Kayseri,Kocasinan,Türkiye,346.31,68
710,144,Bilender Yıldırım,bilender.yildirim144@example.com,+905473647102,2023-06-26,2026-03-30,Şanlıurfa,Eyyübiye,Türkiye,255.46,44
711,120,Belgizar Öcalan,belgizar.ocalan120@example.com,+905746886239,2025-03-04,2025-08-04,Samsun,Atakum,Türkiye,409.15,73
712,311,Zöhrehan Ferhan Erdoğan,zohrehan.ferhan.erdogan311@example.com,+905386631779,2023-06-09,2025-04-08,Ankara,Yenimahalle,Türkiye,320.56,23
713,247,Arpağ Yorulmaz,arpag.yorulmaz247@example.com,+905445655743,2025-07-13,2026-04-25,Antalya,Muratpaşa,Türkiye,137.63,30
714,489,Dr. Mahter Havse Hançer,dr.mahter.havse.hancer489@example.com,+905072006425,2023-10-03,2026-02-14,Mersin,Toroslar,Türkiye,265.28,54
715,118,Haliye Habibe Yıldırım,haliye.habibe.yildirim118@example.com,+905592962229,2025-01-07,2025-10-14,Malatya,Yeşilyurt,Türkiye,381.59,64
716,124,Gözem Zengin,gozem.zengin124@example.com,+905432898614,2024-08-13,2025-09-17,İzmir,Konak,Türkiye,230.15,37
717,193,Arıkol Zengin,arikol.zengin193@example.com,+905250392614,2025-01-14,2025-04-06,Mersin,Yenişehir,Türkiye,281.69,54
718,117,Öğr. İdiris Münif Ergül,ogr.idiris.munif.ergul117@example.com,+905573322141,2023-02-07,2025-06-03,Adana,Seyhan,Türkiye,393.73,67
719,340,Tenvir Alemdar,tenvir.alemdar340@example.com,+905645257775,2021-08-09,2026-05-08,Gaziantep,Şahinbey,Türkiye,249.96,37
720,60,Çev. Tüzeer Nurullah Bilir,cev.tuzeer.nurullah.bilir60@example.com,+905999386774,2022-08-25,2026-04-07,Bursa,Osmangazi,Türkiye,251.66,45
721,294,Arıel Güçlü,ariel.guclu294@example.com,+905250074329,2021-08-30,2026-05-02,Şanlıurfa,Eyyübiye,Türkiye,214.05,28
722,14,Arş. Gör. Edaviye Nuriyet Çorlu Durmuş,ars.gor.edaviye.nuriyet.corlu.durmus14@example.com,+905657871331,2024-01-20,2026-02-05,Konya,Meram,Türkiye,115.92,19
723,198,Akyıldız Akdeniz,akyildiz.akdeniz198@example.com,+905101581995,2023-10-16,2025-09-09,Malatya,Yeşilyurt,Türkiye,107.11,18
724,164,Kıvılcım Seven,kivilcim.seven164@example.com,+905788728743,2025-04-26,2026-03-09,Eskişehir,Tepebaşı,Türkiye,198.74,39
725,499,Bayan Nürice Arsoy Eraslan,bayan.nurice.arsoy.eraslan499@example.com,+905902196207,2025-06-30,2025-11-17,Diyarbakır,Kayapınar,Türkiye,131.16,18
726,441,Gündüzalp Tevetoğlu,gunduzalp.tevetoglu441@example.com,+905994510162,2025-01-16,2026-06-19,Antalya,Muratpaşa,Türkiye,344.22,61
727,75,Kaver İhsanoğlu Çetin,kaver.ihsanoglu.cetin75@example.com,+905621745961,2024-02-09,2025-08-27,İstanbul,Beşiktaş,Türkiye,449.34,72
728,434,Kâzime İslime Yorulmaz,kzime.islime.yorulmaz434@example.com,+905726490827,2022-04-29,2025-12-07,Kayseri,Kocasinan,Türkiye,275.83,46
729,172,Bayan Oluş Şama Ülker,bayan.olus.sama.ulker172@example.com,+905640391065,2022-01-08,2025-04-11,Kayseri,Melikgazi,Türkiye,147.15,22
730,86,Hayel Eraslan,hayel.eraslan86@example.com,+905746120047,2025-04-19,2026-05-05,Gaziantep,Şahinbey,Türkiye,125.93,24
731,103,Elvan Şener,elvan.sener103@example.com,+905815614978,2022-03-17,2025-09-16,Mersin,Yenişehir,Türkiye,185.01,37
732,411,Maksüde Hayrioğlu,maksude.hayrioglu411@example.com,+905157279194,2025-09-27,2026-05-17,Van,İpekyolu,Türkiye,527.79,64
733,365,Prof. Nevsale Uğur Zengin Sakarya,prof.nevsale.ugur.zengin.sakarya365@example.com,+905904268181,2023-02-16,2026-02-02,Diyarbakır,Kayapınar,Türkiye,203.38,36
734,434,Kâzime İslime Yorulmaz,kzime.islime.yorulmaz434@example.com,+905726490827,2022-04-29,2026-04-16,Kayseri,Kocasinan,Türkiye,230.66,46
735,66,Altınkaya Koşukhan Gül Şama,altinkaya.kosukhan.gul.sama66@example.com,+905874296717,2023-12-31,2025-07-09,Adana,Çukurova,Türkiye,255.96,44
736,461,Galip Akdeniz,galip.akdeniz461@example.com,+905701715772,2024-05-13,2026-02-02,Eskişehir,Tepebaşı,Türkiye,374.8,67
737,158,Yahşi Soylu,yahsi.soylu158@example.com,+905437575844,2025-04-07,2025-07-24,Gaziantep,Şehitkamil,Türkiye,325.71,54
738,166,Bayan Gülsü Sabır Kısakürek,bayan.gulsu.sabir.kisakurek166@example.com,+905227530463,2023-06-12,2025-04-15,Trabzon,Ortahisar,Türkiye,328.8,66
739,380,Nurdeniz Manço,nurdeniz.manco380@example.com,+905125355449,2022-05-02,2025-09-17,Trabzon,Ortahisar,Türkiye,238.37,43
740,178,Nurmelek Hayrioğlu,nurmelek.hayrioglu178@example.com,+905995342836,2024-04-06,2025-11-03,Van,İpekyolu,Türkiye,176.86,35
741,366,Arş. Gör. Güverçin Şirivan Türk Gül,ars.gor.guvercin.sirivan.turk.gul366@example.com,+905894769735,2021-08-07,2025-03-31,Bursa,Osmangazi,Türkiye,292.05,47
742,30,Erdibay Korutürk,erdibay.koruturk30@example.com,+905342160733,2023-05-15,2026-01-06,Eskişehir,Tepebaşı,Türkiye,217.98,40
743,128,Yamin Merzuk Yılmaz,yamin.merzuk.yilmaz128@example.com,+905205852772,2025-03-11,2026-03-21,Bursa,Osmangazi,Türkiye,299.46,22
744,124,Gözem Zengin,gozem.zengin124@example.com,+905432898614,2024-08-13,2025-06-20,İzmir,Konak,Türkiye,156.02,37
745,34,Tekbay Aksu,tekbay.aksu34@example.com,+905561595148,2024-03-19,2025-07-09,Erzurum,Yakutiye,Türkiye,344.94,60
746,352,Gülev Demir,gulev.demir352@example.com,+905929842579,2022-08-21,2026-02-15,Denizli,Pamukkale,Türkiye,133.11,22
747,302,Mishat Buyrukhan Sezer Hançer,mishat.buyrukhan.sezer.hancer302@example.com,+905173934835,2022-01-02,2026-02-20,Kayseri,Melikgazi,Türkiye,215.7,44
748,63,Aykutalp Sakarya,aykutalp.sakarya63@example.com,+905618324210,2025-01-07,2026-06-01,Van,İpekyolu,Türkiye,386.5,68
749,478,İntihap Şafak,intihap.safak478@example.com,+905927524372,2022-12-28,2025-10-26,Manisa,Şehzadeler,Türkiye,410.28,73
750,447,Nurbanu Limon Kısakürek Seven,nurbanu.limon.kisakurek.seven447@example.com,+905344144885,2021-08-25,2025-04-10,Konya,Selçuklu,Türkiye,78.73,18
751,420,Av. Nevsale Birsan Şafak Akdeniz,av.nevsale.birsan.safak.akdeniz420@example.com,+905920698042,2025-08-11,2025-12-07,Mersin,Toroslar,Türkiye,186.69,36
752,72,Uz. Köker Nurullah Güçlü,uz.koker.nurullah.guclu72@example.com,+905840449972,2023-06-12,2026-01-07,Denizli,Pamukkale,Türkiye,336.96,52
753,339,Şeref Bilgin,seref.bilgin339@example.com,+905594929955,2023-07-19,2025-09-01,Şanlıurfa,Eyyübiye,Türkiye,139.77,28
754,159,Çev. Meşhur Asalet Demirel,cev.meshur.asalet.demirel159@example.com,+905524041574,2021-10-04,2025-01-17,Trabzon,Ortahisar,Türkiye,247.29,48
755,435,Türknur Beray Hançer Ertaş,turknur.beray.hancer.ertas435@example.com,+905298266570,2024-12-11,2025-09-13,Malatya,Yeşilyurt,Türkiye,275.62,47
756,481,Hatin Nüdret Çorlu Arsoy,hatin.nudret.corlu.arsoy481@example.com,+905674286047,2023-10-22,2025-10-25,Gaziantep,Şehitkamil,Türkiye,320.52,61
757,386,Nefaret Cuheyna Durdu,nefaret.cuheyna.durdu386@example.com,+905456424008,2021-09-12,2026-04-25,İzmir,Bornova,Türkiye,375.95,72
758,395,Av. Beyda Durdu,av.beyda.durdu395@example.com,+905313650249,2025-04-11,2026-04-09,Samsun,İlkadım,Türkiye,434.52,43
759,246,Dr. Bilgütay Erten Alemdar,dr.bilgutay.erten.alemdar246@example.com,+905571918261,2022-08-18,2025-10-17,Malatya,Yeşilyurt,Türkiye,294.35,54
760,24,Dr. Günkurt Şanlı Öcalan,dr.gunkurt.sanli.ocalan24@example.com,+905183842513,2023-11-17,2025-01-19,Manisa,Şehzadeler,Türkiye,176.57,36
761,83,Öğr. Baydu Serda Yüksel,ogr.baydu.serda.yuksel83@example.com,+905328588424,2023-04-01,2026-05-31,Denizli,Pamukkale,Türkiye,376.76,69
762,484,Feremez İnançlı Güçlü,feremez.inancli.guclu484@example.com,+905181753443,2025-10-04,2025-11-03,İstanbul,Şişli,Türkiye,134.82,19
763,150,Çapkan Bilge,capkan.bilge150@example.com,+905168784991,2025-03-24,2025-12-27,Samsun,Atakum,Türkiye,158.16,24
764,463,Tuğtaş Halidun Akgündüz,tugtas.halidun.akgunduz463@example.com,+905827615396,2023-07-05,2025-06-01,Gaziantep,Şahinbey,Türkiye,459.41,54
765,248,Prof. Gökten Tevetoğlu,prof.gokten.tevetoglu248@example.com,+905212775618,2023-12-10,2026-01-16,Van,İpekyolu,Türkiye,346.93,67
766,457,Tonguç Ülker,tonguc.ulker457@example.com,+905249321495,2022-12-01,2025-06-23,Eskişehir,Tepebaşı,Türkiye,261.86,46
767,243,Servinaz Belkize Tarhan,servinaz.belkize.tarhan243@example.com,+905494937597,2021-08-13,2025-06-08,Samsun,İlkadım,Türkiye,354.65,67
768,159,Çev. Meşhur Asalet Demirel,cev.meshur.asalet.demirel159@example.com,+905524041574,2021-10-04,2025-03-02,Trabzon,Ortahisar,Türkiye,241.84,48
769,454,Elifnur Tevetoğlu Demirel,elifnur.tevetoglu.demirel454@example.com,+905681040915,2023-05-01,2025-06-26,Ankara,Keçiören,Türkiye,401.05,74
770,369,Okanay Yavuz Çamurcuoğlu Dumanlı,okanay.yavuz.camurcuoglu.dumanli369@example.com,+905373334333,2024-07-19,2025-07-28,Mersin,Yenişehir,Türkiye,432.69,71
771,213,Dr. Tanses Dumanlı Çetin,dr.tanses.dumanli.cetin213@example.com,+905969691557,2022-06-27,2025-10-01,Malatya,Yeşilyurt,Türkiye,340.25,29
772,194,Dr. Vedat Önel Hançer,dr.vedat.onel.hancer194@example.com,+905621850163,2025-07-10,2025-12-09,Trabzon,Ortahisar,Türkiye,239.4,39
773,348,Atiyye Sezer,atiyye.sezer348@example.com,+905723184322,2025-01-24,2025-06-19,Malatya,Yeşilyurt,Türkiye,259.12,41
774,432,Fatinur Dumanlı,fatinur.dumanli432@example.com,+905656999880,2023-01-11,2025-10-30,Ankara,Yenimahalle,Türkiye,174.91,24
775,412,Abdülahat Oldağ Korutürk Şafak,abdulahat.oldag.koruturk.safak412@example.com,+905055661390,2022-05-24,2026-06-11,Trabzon,Ortahisar,Türkiye,433.53,67
776,266,Dr. Selime İnönü Yorulmaz,dr.selime.inonu.yorulmaz266@example.com,+905179327104,2025-11-01,2025-11-10,Erzurum,Yakutiye,Türkiye,198.04,38
777,379,Salimet Hayrioğlu,salimet.hayrioglu379@example.com,+905716947225,2023-08-02,2025-12-22,Eskişehir,Tepebaşı,Türkiye,363.23,58
778,317,İnançlı Ülker,inancli.ulker317@example.com,+905869782922,2025-05-14,2026-02-24,İstanbul,Kadıköy,Türkiye,255.22,42
779,153,Mücellib Bektaşi Sezgin Ertaş,mucellib.bektasi.sezgin.ertas153@example.com,+905888794705,2024-02-03,2026-05-25,Van,İpekyolu,Türkiye,313.67,61
780,203,Musaffa Akdeniz,musaffa.akdeniz203@example.com,+905564651939,2022-11-21,2025-03-27,Şanlıurfa,Eyyübiye,Türkiye,192.56,29
781,485,Çerçi Demirel,cerci.demirel485@example.com,+905391119269,2024-11-29,2025-03-09,Ankara,Yenimahalle,Türkiye,416.0,75
782,288,Nüdret Ülker Çetin,nudret.ulker.cetin288@example.com,+905432830965,2022-02-17,2025-09-14,Mersin,Toroslar,Türkiye,295.6,26
783,317,İnançlı Ülker,inancli.ulker317@example.com,+905869782922,2025-05-14,2025-09-07,İstanbul,Kadıköy,Türkiye,259.13,42
784,27,Dirlik Çamurcuoğlu,dirlik.camurcuoglu27@example.com,+905052427868,2025-11-23,2026-06-06,Mersin,Yenişehir,Türkiye,159.51,25
785,327,Bekbay Çetin,bekbay.cetin327@example.com,+905281826886,2025-06-07,2025-07-11,Eskişehir,Odunpazarı,Türkiye,194.4,40
786,248,Prof. Gökten Tevetoğlu,prof.gokten.tevetoglu248@example.com,+905212775618,2023-12-10,2025-12-12,Van,İpekyolu,Türkiye,362.27,67
787,23,Öğr. Kasim Aslan,ogr.kasim.aslan23@example.com,+905353462475,2021-09-25,2026-01-04,Eskişehir,Tepebaşı,Türkiye,98.39,22
788,445,Bay Erdogan Demirel,bay.erdogan.demirel445@example.com,+905299787729,2024-08-23,2025-08-23,Manisa,Şehzadeler,Türkiye,322.13,63
789,28,Gülşa Şensoy,gulsa.sensoy28@example.com,+905598262045,2025-09-22,2025-12-21,Antalya,Muratpaşa,Türkiye,444.22,75
790,247,Arpağ Yorulmaz,arpag.yorulmaz247@example.com,+905445655743,2025-07-13,2026-03-11,Antalya,Muratpaşa,Türkiye,143.96,30
791,1,Akar Ziyaettin Aslan Yüksel,akar.ziyaettin.aslan.yuksel1@example.com,+905433218196,2025-10-08,2026-01-22,Bursa,Nilüfer,Türkiye,95.13,19
792,229,Erginel Nezihi Demir,erginel.nezihi.demir229@example.com,+905542622189,2025-11-25,2026-05-31,Bursa,Osmangazi,Türkiye,300.8,57
793,376,Melihcan Dumanlı,melihcan.dumanli376@example.com,+905288574489,2025-09-06,2025-11-10,Denizli,Pamukkale,Türkiye,235.43,43
794,96,Bahaddin Zoral Durmuş Manço,bahaddin.zoral.durmus.manco96@example.com,+905654527111,2025-06-05,2026-04-21,Bursa,Osmangazi,Türkiye,217.94,45
795,24,Dr. Günkurt Şanlı Öcalan,dr.gunkurt.sanli.ocalan24@example.com,+905183842513,2023-11-17,2025-11-21,Manisa,Şehzadeler,Türkiye,185.78,36
796,136,Rayla Zülbiye Karadeniz,rayla.zulbiye.karadeniz136@example.com,+905814473947,2024-10-29,2025-07-15,Şanlıurfa,Eyyübiye,Türkiye,132.91,25
797,444,Onursu Şensoy,onursu.sensoy444@example.com,+905981794695,2024-06-29,2025-08-15,Ankara,Çankaya,Türkiye,280.69,51
798,201,Şöhret Sezgin,sohret.sezgin201@example.com,+905712406596,2024-02-07,2025-11-30,Manisa,Şehzadeler,Türkiye,232.45,46
799,151,Özakan Mazlum Bilgin Akçay,ozakan.mazlum.bilgin.akcay151@example.com,+905239868000,2025-03-07,2025-04-15,Eskişehir,Tepebaşı,Türkiye,361.53,63
800,385,Safinaz Ayçan Arslan Tevetoğlu,safinaz.aycan.arslan.tevetoglu385@example.com,+905997968845,2023-04-01,2026-03-04,Erzurum,Yakutiye,Türkiye,258.62,52
801,376,Melihcan Dumanlı,melihcan.dumanli376@example.com,+905288574489,2025-09-06,2025-10-03,Denizli,Pamukkale,Türkiye,236.97,43
802,60,Çev. Tüzeer Nurullah Bilir,cev.tuzeer.nurullah.bilir60@example.com,+905999386774,2022-08-25,2025-12-24,Bursa,Osmangazi,Türkiye,250.48,45
803,159,Çev. Meşhur Asalet Demirel,cev.meshur.asalet.demirel159@example.com,+905524041574,2021-10-04,2025-03-26,Trabzon,Ortahisar,Türkiye,260.25,48
804,6,Yağızkurt Şensoy,yagizkurt.sensoy6@example.com,+905928327648,2024-09-19,2025-09-07,Mersin,Yenişehir,Türkiye,303.06,61
805,283,Okt. Müsemma Durmuş İnönü,okt.musemma.durmus.inonu283@example.com,+905357972798,2023-12-27,2025-10-17,Bursa,Nilüfer,Türkiye,211.17,40
806,322,Tekecan Sakarya,tekecan.sakarya322@example.com,+905805719838,2023-10-08,2026-02-08,Kayseri,Melikgazi,Türkiye,236.62,33
807,382,Mengi Sakarya,mengi.sakarya382@example.com,+905261117800,2021-08-17,2025-07-05,İzmir,Konak,Türkiye,225.48,43
808,478,İntihap Şafak,intihap.safak478@example.com,+905927524372,2022-12-28,2025-12-25,Manisa,Şehzadeler,Türkiye,390.85,73
809,474,Av. Nura Durmuş İhsanoğlu,av.nura.durmus.ihsanoglu474@example.com,+905818913718,2022-09-12,2026-01-14,Mersin,Toroslar,Türkiye,229.73,37
810,351,Zinnure Neval Yorulmaz Gülen,zinnure.neval.yorulmaz.gulen351@example.com,+905990413797,2023-04-01,2025-06-22,Adana,Çukurova,Türkiye,145.44,28
811,362,Havse İncifir Hayrioğlu Yıldırım,havse.incifir.hayrioglu.yildirim362@example.com,+905770384309,2023-02-01,2025-06-18,Ankara,Çankaya,Türkiye,297.45,51
812,164,Kıvılcım Seven,kivilcim.seven164@example.com,+905788728743,2025-04-26,2026-05-24,Eskişehir,Tepebaşı,Türkiye,204.52,39
813,410,Çıvgın Yaman,civgin.yaman410@example.com,+905522459334,2024-04-06,2026-06-26,Ankara,Keçiören,Türkiye,158.99,23
814,188,Nafii Sezer,nafii.sezer188@example.com,+905509977008,2022-11-09,2025-08-25,Malatya,Yeşilyurt,Türkiye,220.53,44
815,289,Okyalaz Türk,okyalaz.turk289@example.com,+905466609935,2021-11-16,2026-05-19,Şanlıurfa,Eyyübiye,Türkiye,316.69,63
816,93,Öğr. İvecen Duran,ogr.ivecen.duran93@example.com,+905700766177,2025-07-15,2026-03-13,Malatya,Yeşilyurt,Türkiye,378.69,75
817,79,Çakırca Gücal Yorulmaz,cakirca.gucal.yorulmaz79@example.com,+905740748217,2024-01-05,2025-07-15,Diyarbakır,Kayapınar,Türkiye,290.42,55
818,41,Tomurcuk İnönü,tomurcuk.inonu41@example.com,+905347143455,2022-12-02,2025-04-29,Mersin,Toroslar,Türkiye,111.57,23
819,392,Asiman Akçay,asiman.akcay392@example.com,+905051204618,2023-04-25,2026-02-15,Samsun,Atakum,Türkiye,115.49,29
820,81,Bay Oruç Çorlu,bay.oruc.corlu81@example.com,+905640909743,2022-07-18,2026-01-07,Kayseri,Melikgazi,Türkiye,400.11,69
821,492,Temirhan Zorlu,temirhan.zorlu492@example.com,+905806346157,2025-06-22,2025-06-27,Konya,Selçuklu,Türkiye,434.01,74
822,153,Mücellib Bektaşi Sezgin Ertaş,mucellib.bektasi.sezgin.ertas153@example.com,+905888794705,2024-02-03,2026-05-27,Van,İpekyolu,Türkiye,303.82,61
823,385,Safinaz Ayçan Arslan Tevetoğlu,safinaz.aycan.arslan.tevetoglu385@example.com,+905997968845,2023-04-01,2026-01-27,Erzurum,Yakutiye,Türkiye,291.01,52
824,342,Aktemür Göken Soylu,aktemur.goken.soylu342@example.com,+905930848872,2023-11-24,2026-05-26,İstanbul,Şişli,Türkiye,226.7,43
825,453,Hiçsönmez Hançer,hicsonmez.hancer453@example.com,+905357845218,2022-02-26,2026-06-14,Şanlıurfa,Eyyübiye,Türkiye,117.0,26
826,193,Arıkol Zengin,arikol.zengin193@example.com,+905250392614,2025-01-14,2026-02-13,Mersin,Yenişehir,Türkiye,284.83,54
827,425,Ruhsat Oymak Akar Akçay,ruhsat.oymak.akar.akcay425@example.com,+905689363926,2024-03-13,2025-05-03,Antalya,Muratpaşa,Türkiye,291.86,56
828,189,Nili Aksu,nili.aksu189@example.com,+905840862118,2025-02-11,2025-10-10,Malatya,Yeşilyurt,Türkiye,169.74,33
829,59,Gürsal Arkut Zorlu,gursal.arkut.zorlu59@example.com,+905167190229,2024-03-30,2025-12-03,Şanlıurfa,Eyyübiye,Türkiye,168.02,23
830,223,Okt. Cebesoy Gökay Yılmaz,okt.cebesoy.gokay.yilmaz223@example.com,+905168457759,2025-12-07,2025-12-25,İzmir,Karşıyaka,Türkiye,578.08,73
831,451,Şefiye Bilge,sefiye.bilge451@example.com,+905291450461,2023-03-01,2026-03-30,Adana,Çukurova,Türkiye,371.17,74
832,476,Fenni Atatöre İnönü Aksu,fenni.atatore.inonu.aksu476@example.com,+905940792904,2021-10-24,2026-06-01,Manisa,Şehzadeler,Türkiye,291.59,57
833,448,Şahnuray Yorulmaz,sahnuray.yorulmaz448@example.com,+905699023557,2023-04-16,2025-12-25,Eskişehir,Tepebaşı,Türkiye,380.07,69
834,131,Minibe Ülker,minibe.ulker131@example.com,+905584161692,2022-11-21,2025-03-05,Şanlıurfa,Eyyübiye,Türkiye,179.33,36
835,67,Erdursun Dalkılıç Akar Duran,erdursun.dalkilic.akar.duran67@example.com,+905567468071,2024-03-08,2025-04-02,Bursa,Nilüfer,Türkiye,200.14,34
836,420,Av. Nevsale Birsan Şafak Akdeniz,av.nevsale.birsan.safak.akdeniz420@example.com,+905920698042,2025-08-11,2025-12-12,Mersin,Toroslar,Türkiye,158.44,36
837,454,Elifnur Tevetoğlu Demirel,elifnur.tevetoglu.demirel454@example.com,+905681040915,2023-05-01,2026-01-10,Ankara,Keçiören,Türkiye,374.18,74
838,403,Esenbay Dumanlı,esenbay.dumanli403@example.com,+905899405391,2025-11-16,2026-04-23,Trabzon,Ortahisar,Türkiye,211.2,31
839,112,Yrd. Doç. Fehmiye Havali Bilge,yrd.doc.fehmiye.havali.bilge112@example.com,+905986798079,2022-04-18,2025-12-10,İzmir,Karşıyaka,Türkiye,186.39,30
840,371,Apaydın Yaman,apaydin.yaman371@example.com,+905728463920,2023-01-01,2026-05-29,Van,İpekyolu,Türkiye,414.75,69
841,456,Mükrüme Alemdar Yaman,mukrume.alemdar.yaman456@example.com,+905224109881,2024-10-15,2026-02-10,Bursa,Osmangazi,Türkiye,323.9,52
842,409,Giz Akça,giz.akca409@example.com,+905433504888,2022-10-01,2025-07-17,Kayseri,Melikgazi,Türkiye,238.15,54
843,327,Bekbay Çetin,bekbay.cetin327@example.com,+905281826886,2025-06-07,2026-06-20,Eskişehir,Odunpazarı,Türkiye,202.49,40
844,52,Arş. Gör. Firdevis Eraslan Fırat,ars.gor.firdevis.eraslan.firat52@example.com,+905473799650,2023-03-06,2025-12-17,Gaziantep,Şahinbey,Türkiye,366.91,72
845,158,Yahşi Soylu,yahsi.soylu158@example.com,+905437575844,2025-04-07,2026-01-24,Gaziantep,Şehitkamil,Türkiye,322.23,54
846,6,Yağızkurt Şensoy,yagizkurt.sensoy6@example.com,+905928327648,2024-09-19,2026-04-25,Mersin,Yenişehir,Türkiye,333.41,61
847,478,İntihap Şafak,intihap.safak478@example.com,+905927524372,2022-12-28,2025-01-07,Manisa,Şehzadeler,Türkiye,380.88,73
848,341,Doç. Menişan Rehime Demir Yaman,doc.menisan.rehime.demir.yaman341@example.com,+905914283411,2025-11-04,2026-04-04,Bursa,Nilüfer,Türkiye,447.79,72
849,131,Minibe Ülker,minibe.ulker131@example.com,+905584161692,2022-11-21,2025-04-05,Şanlıurfa,Eyyübiye,Türkiye,170.02,36
850,426,Necva Fadıla Yüksel Sakarya,necva.fadila.yuksel.sakarya426@example.com,+905329832482,2023-07-16,2025-09-30,Erzurum,Yakutiye,Türkiye,352.71,67
851,230,Koçak Soylu,kocak.soylu230@example.com,+905326973112,2021-09-23,2025-07-19,Diyarbakır,Kayapınar,Türkiye,191.51,25
852,375,Dr. Dilşat Âlemşah Gül,dr.dilsat.lemsah.gul375@example.com,+905143866322,2023-04-19,2025-07-02,Antalya,Muratpaşa,Türkiye,341.81,69
853,181,Çev. Bidayet Sirap Yıldırım,cev.bidayet.sirap.yildirim181@example.com,+905351751830,2024-06-11,2025-03-28,Gaziantep,Şehitkamil,Türkiye,276.13,42
854,183,Özaslan Şensoy,ozaslan.sensoy183@example.com,+905393638546,2023-05-03,2025-01-11,Bursa,Osmangazi,Türkiye,283.51,52
855,435,Türknur Beray Hançer Ertaş,turknur.beray.hancer.ertas435@example.com,+905298266570,2024-12-11,2025-12-04,Malatya,Yeşilyurt,Türkiye,295.04,47
856,318,Kâzime Yılmaz Durdu,kzime.yilmaz.durdu318@example.com,+905866934654,2023-05-30,2026-02-15,Manisa,Şehzadeler,Türkiye,323.22,69
857,142,Büşranur Alemdar,busranur.alemdar142@example.com,+905249818299,2025-01-31,2025-05-19,Konya,Meram,Türkiye,180.11,28
858,428,Yrd. Doç. Birgit İnönü,yrd.doc.birgit.inonu428@example.com,+905474231220,2021-09-03,2025-09-11,Denizli,Pamukkale,Türkiye,349.3,57
859,20,Tınal Aslan,tinal.aslan20@example.com,+905872343098,2025-08-10,2026-04-12,Kayseri,Kocasinan,Türkiye,336.05,65
860,206,Nades Yıldırım Soylu,nades.yildirim.soylu206@example.com,+905135290965,2023-07-15,2025-08-03,Samsun,İlkadım,Türkiye,140.6,24
861,221,Çev. İnsaf İnönü Fırat,cev.insaf.inonu.firat221@example.com,+905544948126,2025-08-13,2026-01-06,Mersin,Yenişehir,Türkiye,369.6,35
862,318,Kâzime Yılmaz Durdu,kzime.yilmaz.durdu318@example.com,+905866934654,2023-05-30,2025-09-21,Manisa,Şehzadeler,Türkiye,375.96,69
863,491,Dr. Dilcan Ticen Tevetoğlu Duran,dr.dilcan.ticen.tevetoglu.duran491@example.com,+905460158517,2021-09-07,2025-06-17,Samsun,Atakum,Türkiye,356.71,67
864,187,Dr. Dilşat Durdu Akça,dr.dilsat.durdu.akca187@example.com,+905801006231,2021-12-25,2025-10-04,Adana,Seyhan,Türkiye,140.26,27
865,32,Nevsale Bilgin Yaman,nevsale.bilgin.yaman32@example.com,+905014294019,2023-07-07,2025-06-25,Erzurum,Yakutiye,Türkiye,387.41,40
866,19,Dr. Nezize Feyzin Arsoy Ergül,dr.nezize.feyzin.arsoy.ergul19@example.com,+905773602606,2024-06-17,2025-10-29,Adana,Çukurova,Türkiye,512.49,68
867,414,Arş. Gör. Sebattin İvecen Ülker,ars.gor.sebattin.ivecen.ulker414@example.com,+905998136462,2025-03-17,2025-05-08,Trabzon,Ortahisar,Türkiye,203.73,39
868,457,Tonguç Ülker,tonguc.ulker457@example.com,+905249321495,2022-12-01,2026-02-05,Eskişehir,Tepebaşı,Türkiye,253.75,46
869,82,Dr. Sökmen Erdoğan,dr.sokmen.erdogan82@example.com,+905210470952,2025-06-11,2025-07-03,Konya,Meram,Türkiye,187.62,36
870,17,Prof. Ferzi Asım Akdeniz,prof.ferzi.asim.akdeniz17@example.com,+905010651333,2022-12-10,2026-05-04,Denizli,Pamukkale,Türkiye,282.85,46
871,100,Tülin Soylu,tulin.soylu100@example.com,+905244550229,2022-04-06,2026-01-09,Mersin,Yenişehir,Türkiye,205.81,43
872,374,Servinaz Tülin Tevetoğlu,servinaz.tulin.tevetoglu374@example.com,+905527636556,2024-05-19,2025-08-24,Manisa,Şehzadeler,Türkiye,223.59,46
873,238,Teber Bilir,teber.bilir238@example.com,+905252410564,2023-01-05,2025-12-03,Malatya,Yeşilyurt,Türkiye,102.09,22
874,178,Nurmelek Hayrioğlu,nurmelek.hayrioglu178@example.com,+905995342836,2024-04-06,2026-02-02,Van,İpekyolu,Türkiye,182.72,35
875,384,Dürrüşehvar Seven,durrusehvar.seven384@example.com,+905005577848,2023-06-15,2026-04-16,Malatya,Yeşilyurt,Türkiye,180.96,26
876,184,Çağlasın Akdurmuş Akça,caglasin.akdurmus.akca184@example.com,+905587717535,2024-03-12,2025-05-11,Kayseri,Kocasinan,Türkiye,203.62,44
877,426,Necva Fadıla Yüksel Sakarya,necva.fadila.yuksel.sakarya426@example.com,+905329832482,2023-07-16,2025-01-23,Erzurum,Yakutiye,Türkiye,357.98,67
878,123,Barışcan Akgündüz,bariscan.akgunduz123@example.com,+905152204727,2023-06-08,2026-05-21,İstanbul,Üsküdar,Türkiye,295.18,57
879,124,Gözem Zengin,gozem.zengin124@example.com,+905432898614,2024-08-13,2025-02-10,İzmir,Konak,Türkiye,175.05,37
880,448,Şahnuray Yorulmaz,sahnuray.yorulmaz448@example.com,+905699023557,2023-04-16,2026-06-15,Eskişehir,Tepebaşı,Türkiye,378.69,69
881,471,Öğr. Lezize Nursim Zorlu Fırat,ogr.lezize.nursim.zorlu.firat471@example.com,+905267969278,2023-07-28,2025-09-30,Antalya,Muratpaşa,Türkiye,513.1,53
882,48,Hayrünnisa Ağbegim Yüksel,hayrunnisa.agbegim.yuksel48@example.com,+905745299124,2025-05-05,2026-01-29,Van,İpekyolu,Türkiye,263.42,55
883,238,Teber Bilir,teber.bilir238@example.com,+905252410564,2023-01-05,2025-10-24,Malatya,Yeşilyurt,Türkiye,63.99,22
884,46,Sümeyye Hayrioğlu,sumeyye.hayrioglu46@example.com,+905556464170,2021-09-30,2025-10-03,Konya,Meram,Türkiye,262.93,52
885,160,Hasret Kumral Şama,hasret.kumral.sama160@example.com,+905842199330,2022-03-12,2026-06-05,Erzurum,Yakutiye,Türkiye,434.71,75
886,142,Büşranur Alemdar,busranur.alemdar142@example.com,+905249818299,2025-01-31,2025-11-09,Konya,Meram,Türkiye,177.36,28
887,66,Altınkaya Koşukhan Gül Şama,altinkaya.kosukhan.gul.sama66@example.com,+905874296717,2023-12-31,2025-11-18,Adana,Çukurova,Türkiye,205.95,44
888,315,Dr. Havali Kısakürek Durdu,dr.havali.kisakurek.durdu315@example.com,+905272614933,2025-04-09,2026-01-31,Bursa,Nilüfer,Türkiye,444.29,72
889,485,Çerçi Demirel,cerci.demirel485@example.com,+905391119269,2024-11-29,2026-03-15,Ankara,Yenimahalle,Türkiye,376.63,75
890,61,Yigit İhsanoğlu,yigit.ihsanoglu61@example.com,+905913341232,2022-11-08,2025-11-13,Manisa,Şehzadeler,Türkiye,114.68,22
891,187,Dr. Dilşat Durdu Akça,dr.dilsat.durdu.akca187@example.com,+905801006231,2021-12-25,2025-03-01,Adana,Seyhan,Türkiye,133.2,27
892,248,Prof. Gökten Tevetoğlu,prof.gokten.tevetoglu248@example.com,+905212775618,2023-12-10,2025-07-06,Van,İpekyolu,Türkiye,334.96,67
893,452,Güçyeter Çorlu,gucyeter.corlu452@example.com,+905384215031,2023-06-18,2026-04-09,Diyarbakır,Kayapınar,Türkiye,252.9,50
894,145,Ercihan Nerim Mansız,ercihan.nerim.mansiz145@example.com,+905925556258,2022-10-19,2025-01-15,Konya,Meram,Türkiye,106.48,24
895,54,Piran Nurda Dumanlı,piran.nurda.dumanli54@example.com,+905837770143,2023-09-06,2025-03-12,Denizli,Pamukkale,Türkiye,333.38,62
896,150,Çapkan Bilge,capkan.bilge150@example.com,+905168784991,2025-03-24,2026-06-23,Samsun,Atakum,Türkiye,168.17,24
897,139,Seçgül Dumanlı,secgul.dumanli139@example.com,+905911467866,2022-09-22,2025-02-14,Erzurum,Yakutiye,Türkiye,115.51,22
898,410,Çıvgın Yaman,civgin.yaman410@example.com,+905522459334,2024-04-06,2025-10-27,Ankara,Keçiören,Türkiye,164.84,23
899,179,Muvaffak Hayrioğlu,muvaffak.hayrioglu179@example.com,+905687056856,2023-08-29,2025-07-15,Van,İpekyolu,Türkiye,147.87,27
900,147,Yekda Sezer,yekda.sezer147@example.com,+905953278774,2023-02-28,2025-08-19,Adana,Çukurova,Türkiye,86.7,19
901,119,Korugan Şama,korugan.sama119@example.com,+905379473834,2023-04-27,2025-07-08,Denizli,Pamukkale,Türkiye,586.87,75
902,256,Öğr. Rafih Şensoy,ogr.rafih.sensoy256@example.com,+905598564205,2022-08-08,2026-05-04,Şanlıurfa,Eyyübiye,Türkiye,174.78,32
903,102,Av. Kısmet Aynımah Yılmaz,av.kismet.aynimah.yilmaz102@example.com,+905022901476,2023-03-24,2025-06-11,Van,İpekyolu,Türkiye,337.08,56
904,203,Musaffa Akdeniz,musaffa.akdeniz203@example.com,+905564651939,2022-11-21,2025-12-23,Şanlıurfa,Eyyübiye,Türkiye,175.24,29
905,46,Sümeyye Hayrioğlu,sumeyye.hayrioglu46@example.com,+905556464170,2021-09-30,2025-05-21,Konya,Meram,Türkiye,261.92,52
906,54,Piran Nurda Dumanlı,piran.nurda.dumanli54@example.com,+905837770143,2023-09-06,2026-03-09,Denizli,Pamukkale,Türkiye,344.65,62
907,452,Güçyeter Çorlu,gucyeter.corlu452@example.com,+905384215031,2023-06-18,2025-01-21,Diyarbakır,Kayapınar,Türkiye,236.18,50
908,140,Dr. Gülşeref Umuşan Güçlü Çetin,dr.gulseref.umusan.guclu.cetin140@example.com,+905778528922,2023-07-10,2025-12-03,Eskişehir,Odunpazarı,Türkiye,302.59,50
909,172,Bayan Oluş Şama Ülker,bayan.olus.sama.ulker172@example.com,+905640391065,2022-01-08,2025-05-07,Kayseri,Melikgazi,Türkiye,141.94,22
910,287,Bayan Muarra Sonnur Demirel,bayan.muarra.sonnur.demirel287@example.com,+905899441715,2024-05-25,2025-09-11,Malatya,Yeşilyurt,Türkiye,297.29,58
911,315,Dr. Havali Kısakürek Durdu,dr.havali.kisakurek.durdu315@example.com,+905272614933,2025-04-09,2025-11-15,Bursa,Nilüfer,Türkiye,398.97,72
912,425,Ruhsat Oymak Akar Akçay,ruhsat.oymak.akar.akcay425@example.com,+905689363926,2024-03-13,2025-10-27,Antalya,Muratpaşa,Türkiye,262.53,56
913,385,Safinaz Ayçan Arslan Tevetoğlu,safinaz.aycan.arslan.tevetoglu385@example.com,+905997968845,2023-04-01,2026-02-23,Erzurum,Yakutiye,Türkiye,312.91,52
914,455,Gönen Durmuş,gonen.durmus455@example.com,+905094353344,2022-12-18,2026-02-13,Malatya,Yeşilyurt,Türkiye,381.78,38
915,443,Ürfettin Şabettin Şama Demirel,urfettin.sabettin.sama.demirel443@example.com,+905472145868,2024-10-09,2026-02-17,Erzurum,Yakutiye,Türkiye,307.95,62
916,169,Meleknur Orçin Akdeniz Akçay,meleknur.orcin.akdeniz.akcay169@example.com,+905878339187,2022-12-27,2026-01-31,Samsun,Atakum,Türkiye,391.97,63
917,450,Sağıt Umman Kısakürek Arslan,sagit.umman.kisakurek.arslan450@example.com,+905395512405,2023-11-05,2025-05-30,Erzurum,Yakutiye,Türkiye,347.54,58
918,129,Jankat Şafak,jankat.safak129@example.com,+905430305486,2022-11-26,2025-12-13,Diyarbakır,Kayapınar,Türkiye,235.82,48
919,416,Merzuk Adlan Ertaş,merzuk.adlan.ertas416@example.com,+905898331465,2022-02-09,2025-08-03,Trabzon,Ortahisar,Türkiye,287.69,54
920,318,Kâzime Yılmaz Durdu,kzime.yilmaz.durdu318@example.com,+905866934654,2023-05-30,2025-12-10,Manisa,Şehzadeler,Türkiye,358.06,69
921,157,Hoşkadem Karadeniz,hoskadem.karadeniz157@example.com,+905785854973,2024-07-26,2025-06-14,Eskişehir,Odunpazarı,Türkiye,225.88,35
922,276,Öğr. Heva Ertaş Durmuş,ogr.heva.ertas.durmus276@example.com,+905870998616,2025-02-09,2026-02-13,Eskişehir,Tepebaşı,Türkiye,160.92,27
923,465,Buhari Akçay,buhari.akcay465@example.com,+905619196570,2025-06-10,2025-12-03,Adana,Çukurova,Türkiye,320.42,31
924,246,Dr. Bilgütay Erten Alemdar,dr.bilgutay.erten.alemdar246@example.com,+905571918261,2022-08-18,2025-11-21,Malatya,Yeşilyurt,Türkiye,245.38,54
925,290,Onuker Zengin,onuker.zengin290@example.com,+905584282417,2025-03-25,2026-01-08,Erzurum,Yakutiye,Türkiye,373.44,65
926,440,Muktedir Ünübol Durdu,muktedir.unubol.durdu440@example.com,+905384983022,2025-08-22,2026-06-10,Manisa,Şehzadeler,Türkiye,308.85,59
927,284,Sevdinar İhsanoğlu Hayrioğlu,sevdinar.ihsanoglu.hayrioglu284@example.com,+905406029333,2022-02-24,2025-11-28,Mersin,Yenişehir,Türkiye,144.21,31
928,453,Hiçsönmez Hançer,hicsonmez.hancer453@example.com,+905357845218,2022-02-26,2025-06-17,Şanlıurfa,Eyyübiye,Türkiye,131.89,26
929,382,Mengi Sakarya,mengi.sakarya382@example.com,+905261117800,2021-08-17,2025-04-10,İzmir,Konak,Türkiye,272.29,43
930,264,Vacibe Alemdar Yılmaz,vacibe.alemdar.yilmaz264@example.com,+905513552157,2025-11-19,2026-04-30,Şanlıurfa,Eyyübiye,Türkiye,158.05,34
931,16,Alanalp Ülker,alanalp.ulker16@example.com,+905997376311,2022-04-03,2026-03-06,Konya,Selçuklu,Türkiye,287.25,45
932,127,Kaşif Seydo Akar Eraslan,kasif.seydo.akar.eraslan127@example.com,+905670654051,2024-01-06,2025-10-17,Erzurum,Yakutiye,Türkiye,359.03,33
933,388,Öğr. Deryanur Ergül Akdeniz,ogr.deryanur.ergul.akdeniz388@example.com,+905686632663,2024-06-22,2025-02-13,Samsun,İlkadım,Türkiye,156.52,23
934,90,Aru Safet Bilir Zorlu,aru.safet.bilir.zorlu90@example.com,+905393352904,2025-02-19,2025-05-10,İzmir,Karşıyaka,Türkiye,185.9,26
935,486,Öğr. Şöhret Yılmaz Akçay,ogr.sohret.yilmaz.akcay486@example.com,+905471746542,2021-07-28,2025-06-15,Adana,Çukurova,Türkiye,136.31,22
936,274,Oliver İhsanoğlu,oliver.ihsanoglu274@example.com,+905989921722,2024-10-05,2026-02-26,Ankara,Yenimahalle,Türkiye,364.7,69
937,101,Ayçan Çorlu,aycan.corlu101@example.com,+905836675254,2021-11-26,2025-04-01,İstanbul,Kadıköy,Türkiye,370.05,38
938,397,Aydinç Korutürk,aydinc.koruturk397@example.com,+905528127358,2022-05-02,2025-01-13,Ankara,Çankaya,Türkiye,365.9,66
939,448,Şahnuray Yorulmaz,sahnuray.yorulmaz448@example.com,+905699023557,2023-04-16,2025-05-21,Eskişehir,Tepebaşı,Türkiye,383.27,69
940,385,Safinaz Ayçan Arslan Tevetoğlu,safinaz.aycan.arslan.tevetoglu385@example.com,+905997968845,2023-04-01,2026-01-03,Erzurum,Yakutiye,Türkiye,260.83,52
941,247,Arpağ Yorulmaz,arpag.yorulmaz247@example.com,+905445655743,2025-07-13,2025-08-30,Antalya,Muratpaşa,Türkiye,168.37,30
942,268,Ferihan Dumanlı,ferihan.dumanli268@example.com,+905296201533,2023-08-27,2026-04-24,İstanbul,Şişli,Türkiye,377.82,62
943,250,Rahiye Kumral Zorlu,rahiye.kumral.zorlu250@example.com,+905804420678,2021-10-02,2025-10-12,Samsun,Atakum,Türkiye,294.09,53
944,144,Bilender Yıldırım,bilender.yildirim144@example.com,+905473647102,2023-06-26,2025-01-28,Şanlıurfa,Eyyübiye,Türkiye,292.3,44
945,363,Çev. Alkor Yaman,cev.alkor.yaman363@example.com,+905053021465,2022-03-12,2025-04-22,Manisa,Şehzadeler,Türkiye,265.83,43
946,25,Eflâtun İlgi Türk,efltun.ilgi.turk25@example.com,+905980841241,2025-05-07,2025-11-29,Erzurum,Yakutiye,Türkiye,408.04,65
947,160,Hasret Kumral Şama,hasret.kumral.sama160@example.com,+905842199330,2022-03-12,2025-10-30,Erzurum,Yakutiye,Türkiye,454.14,75
948,460,Öğr. Hafıza Yaman Manço,ogr.hafiza.yaman.manco460@example.com,+905733294562,2022-01-10,2026-05-10,Kayseri,Kocasinan,Türkiye,294.05,60
949,115,Prof. Huban Kerime Aksu,prof.huban.kerime.aksu115@example.com,+905492519254,2022-04-09,2025-12-23,Trabzon,Ortahisar,Türkiye,396.07,62
950,7,Öğr. Seniha İnsaf Aslan,ogr.seniha.insaf.aslan7@example.com,+905056413953,2022-04-10,2025-03-14,Ankara,Çankaya,Türkiye,304.63,49
951,171,Öğr. Durmuşali Esentürk Şafak,ogr.durmusali.esenturk.safak171@example.com,+905187072867,2022-10-15,2026-03-21,Konya,Meram,Türkiye,117.0,21
952,230,Koçak Soylu,kocak.soylu230@example.com,+905326973112,2021-09-23,2025-09-14,Diyarbakır,Kayapınar,Türkiye,159.56,25
953,203,Musaffa Akdeniz,musaffa.akdeniz203@example.com,+905564651939,2022-11-21,2026-06-02,Şanlıurfa,Eyyübiye,Türkiye,200.92,29
954,34,Tekbay Aksu,tekbay.aksu34@example.com,+905561595148,2024-03-19,2025-11-11,Erzurum,Yakutiye,Türkiye,334.93,60
955,137,Göken Arslan,goken.arslan137@example.com,+905271551884,2024-04-07,2025-04-27,İzmir,Bornova,Türkiye,370.24,72
956,121,Necva Şensoy,necva.sensoy121@example.com,+905818141247,2023-01-26,2026-03-19,Şanlıurfa,Eyyübiye,Türkiye,335.73,27
957,72,Uz. Köker Nurullah Güçlü,uz.koker.nurullah.guclu72@example.com,+905840449972,2023-06-12,2025-11-12,Denizli,Pamukkale,Türkiye,329.29,52
958,350,Av. Işıman Ayvas Tarhan,av.isiman.ayvas.tarhan350@example.com,+905299228092,2025-08-20,2026-01-12,Gaziantep,Şahinbey,Türkiye,162.27,28
959,309,Sevim Eraslan,sevim.eraslan309@example.com,+905588916375,2022-03-24,2025-10-16,İstanbul,Beşiktaş,Türkiye,350.47,61
960,275,Ufukay Kutgün Seven,ufukay.kutgun.seven275@example.com,+905163294511,2023-10-10,2026-04-01,Ankara,Keçiören,Türkiye,300.42,53
961,337,İlklima Kısakürek,ilklima.kisakurek337@example.com,+905312908781,2024-04-26,2025-09-21,Manisa,Şehzadeler,Türkiye,314.11,60
962,291,Cemiyle Bilge,cemiyle.bilge291@example.com,+905513534655,2024-06-27,2025-08-22,Erzurum,Yakutiye,Türkiye,261.83,55
963,310,Ülfet Ertaş,ulfet.ertas310@example.com,+905028772175,2024-08-06,2026-06-01,Antalya,Muratpaşa,Türkiye,229.44,39
964,389,Dilşat Laze Durdu Bilgin,dilsat.laze.durdu.bilgin389@example.com,+905484631224,2025-04-30,2025-10-22,Gaziantep,Şehitkamil,Türkiye,320.23,58
965,398,Karataş Seven,karatas.seven398@example.com,+905065240778,2024-04-18,2025-09-23,Diyarbakır,Kayapınar,Türkiye,313.87,52
966,303,Alattin Hayrioğlu,alattin.hayrioglu303@example.com,+905737530011,2022-09-24,2025-03-23,Ankara,Yenimahalle,Türkiye,353.08,60
967,15,Nevsale Ürper Akar,nevsale.urper.akar15@example.com,+905010310518,2024-08-12,2025-04-05,Gaziantep,Şahinbey,Türkiye,235.28,35
968,349,Günsel Selvi Dumanlı Akça,gunsel.selvi.dumanli.akca349@example.com,+905651777392,2022-04-27,2025-05-09,Bursa,Nilüfer,Türkiye,417.45,71
969,30,Erdibay Korutürk,erdibay.koruturk30@example.com,+905342160733,2023-05-15,2026-01-16,Eskişehir,Tepebaşı,Türkiye,205.96,40
970,308,Ekmel Ertaş,ekmel.ertas308@example.com,+905902771670,2025-08-05,2025-12-12,Trabzon,Ortahisar,Türkiye,223.88,34
971,13,Şehreban Kardelen Sezgin Türk,sehreban.kardelen.sezgin.turk13@example.com,+905227824896,2024-10-05,2026-01-06,İzmir,Karşıyaka,Türkiye,486.0,52
972,480,Okt. Arziye Ruhide Yorulmaz Gülen,okt.arziye.ruhide.yorulmaz.gulen480@example.com,+905410276747,2021-10-06,2025-05-07,Ankara,Yenimahalle,Türkiye,404.99,66
973,239,Bidayet Aksu,bidayet.aksu239@example.com,+905778507925,2025-01-24,2025-12-30,Van,İpekyolu,Türkiye,368.26,34
974,357,Okt. Öngen Bilgen Çetin,okt.ongen.bilgen.cetin357@example.com,+905806356512,2023-07-24,2025-11-06,İstanbul,Kadıköy,Türkiye,380.25,59
975,141,Dr. Atgun Arslan,dr.atgun.arslan141@example.com,+905824225358,2024-05-10,2025-10-25,Ankara,Çankaya,Türkiye,376.37,72
976,252,Doç. Musaffa Şehreban Eraslan,doc.musaffa.sehreban.eraslan252@example.com,+905941013721,2024-02-02,2025-10-08,İzmir,Karşıyaka,Türkiye,102.25,25
977,434,Kâzime İslime Yorulmaz,kzime.islime.yorulmaz434@example.com,+905726490827,2022-04-29,2025-04-09,Kayseri,Kocasinan,Türkiye,230.57,46
978,84,Tayaydın Atalay Seven,tayaydin.atalay.seven84@example.com,+905712368516,2025-11-14,2025-12-18,Eskişehir,Odunpazarı,Türkiye,210.92,34
979,39,Dilfeza Arslan,dilfeza.arslan39@example.com,+905328708317,2025-03-14,2025-05-27,Bursa,Osmangazi,Türkiye,401.04,69
980,91,Emine. İhsanoğlu,emine.ihsanoglu91@example.com,+905020539502,2024-06-17,2026-02-08,Adana,Seyhan,Türkiye,114.09,21
981,49,Atilhan Gül,atilhan.gul49@example.com,+905631931491,2022-10-10,2025-12-09,Kayseri,Kocasinan,Türkiye,371.77,68
982,365,Prof. Nevsale Uğur Zengin Sakarya,prof.nevsale.ugur.zengin.sakarya365@example.com,+905904268181,2023-02-16,2026-05-10,Diyarbakır,Kayapınar,Türkiye,161.7,36
983,346,Kıvılcım Şensoy,kivilcim.sensoy346@example.com,+905518449892,2023-11-02,2025-08-08,Ankara,Yenimahalle,Türkiye,339.56,59
984,178,Nurmelek Hayrioğlu,nurmelek.hayrioglu178@example.com,+905995342836,2024-04-06,2025-05-27,Van,İpekyolu,Türkiye,185.81,35
985,246,Dr. Bilgütay Erten Alemdar,dr.bilgutay.erten.alemdar246@example.com,+905571918261,2022-08-18,2025-03-26,Malatya,Yeşilyurt,Türkiye,282.06,54
986,26,Rabbiye Aslan,rabbiye.aslan26@example.com,+905935348740,2025-06-06,2026-06-28,Mersin,Toroslar,Türkiye,332.5,58
987,199,Av. Tangül Deha Şafak,av.tangul.deha.safak199@example.com,+905839826224,2024-04-05,2025-06-10,Trabzon,Ortahisar,Türkiye,221.59,35
988,387,Bişar Ülker,bisar.ulker387@example.com,+905807740649,2024-08-26,2025-01-31,Kayseri,Kocasinan,Türkiye,347.18,68
989,158,Yahşi Soylu,yahsi.soylu158@example.com,+905437575844,2025-04-07,2026-01-15,Gaziantep,Şehitkamil,Türkiye,303.42,54
990,248,Prof. Gökten Tevetoğlu,prof.gokten.tevetoglu248@example.com,+905212775618,2023-12-10,2026-01-19,Van,İpekyolu,Türkiye,331.91,67
991,248,Prof. Gökten Tevetoğlu,prof.gokten.tevetoglu248@example.com,+905212775618,2023-12-10,2026-04-05,Van,İpekyolu,Türkiye,345.66,67
992,84,Tayaydın Atalay Seven,tayaydin.atalay.seven84@example.com,+905712368516,2025-11-14,2026-01-18,Eskişehir,Odunpazarı,Türkiye,198.73,34
993,394,Necva Yılmaz,necva.yilmaz394@example.com,+905645208814,2023-04-02,2026-03-27,Konya,Meram,Türkiye,322.57,58
994,328,Yurtseven Tule Çamurcuoğlu Aslan,yurtseven.tule.camurcuoglu.aslan328@example.com,+905554398780,2025-04-22,2026-06-22,Konya,Meram,Türkiye,327.21,60
995,177,Uz. Sevsevil Gülbeyan Yorulmaz,uz.sevsevil.gulbeyan.yorulmaz177@example.com,+905067383028,2024-04-29,2025-08-15,Ankara,Çankaya,Türkiye,365.45,32
996,88,Sevginur Misra İhsanoğlu,sevginur.misra.ihsanoglu88@example.com,+905537735158,2022-05-02,2025-11-14,Mersin,Yenişehir,Türkiye,233.06,40
997,23,Öğr. Kasim Aslan,ogr.kasim.aslan23@example.com,+905353462475,2021-09-25,2025-10-17,Eskişehir,Tepebaşı,Türkiye,124.8,22
998,453,Hiçsönmez Hançer,hicsonmez.hancer453@example.com,+905357845218,2022-02-26,2026-06-09,Şanlıurfa,Eyyübiye,Türkiye,148.72,26
999,97,Lezize Tevetoğlu,lezize.tevetoglu97@example.com,+905809885165,2022-03-21,2025-03-16,Samsun,İlkadım,Türkiye,389.33,66
1000,302,Mishat Buyrukhan Sezer Hançer,mishat.buyrukhan.sezer.hancer302@example.com,+905173934835,2022-01-02,2025-11-16,Kayseri,Melikgazi,Türkiye,179.23,44
1001,63,Aykutalp Sakarya,aykutalp.sakarya63@example.com,+905618324210,2025-01-07,2026-01-20,Van,İpekyolu,Türkiye,344.18,68
1002,360,Gökperi Demir,gokperi.demir360@example.com,+905589026012,2023-04-22,2026-01-13,Malatya,Yeşilyurt,Türkiye,321.78,56
1003,60,Çev. Tüzeer Nurullah Bilir,cev.tuzeer.nurullah.bilir60@example.com,+905999386774,2022-08-25,2026-02-24,Bursa,Osmangazi,Türkiye,238.04,45
1004,37,Uraltay Gül,uraltay.gul37@example.com,+905489513433,2025-02-14,2025-07-27,Adana,Seyhan,Türkiye,66.3,19
1005,439,Seyhan Zengin Durmuş,seyhan.zengin.durmus439@example.com,+905780973397,2023-05-28,2025-01-27,Diyarbakır,Kayapınar,Türkiye,270.06,44
1006,80,Sittik Nevsal Zorlu,sittik.nevsal.zorlu80@example.com,+905743671369,2023-12-08,2025-03-05,Denizli,Pamukkale,Türkiye,279.08,54
1007,95,Cuheyna Enfes Eraslan,cuheyna.enfes.eraslan95@example.com,+905118367365,2023-05-29,2026-01-24,Manisa,Şehzadeler,Türkiye,225.36,43
1008,91,Emine. İhsanoğlu,emine.ihsanoglu91@example.com,+905020539502,2024-06-17,2025-05-19,Adana,Seyhan,Türkiye,88.32,21
1009,446,Öğr. Yazgül Yasemen Mansız Aksu,ogr.yazgul.yasemen.mansiz.aksu446@example.com,+905107139660,2024-01-29,2025-07-06,Konya,Selçuklu,Türkiye,280.47,40
1010,312,Okt. İmrihan Melikkan Şener Şafak,okt.imrihan.melikkan.sener.safak312@example.com,+905170166088,2025-12-12,2026-02-17,Diyarbakır,Kayapınar,Türkiye,346.75,70
1011,434,Kâzime İslime Yorulmaz,kzime.islime.yorulmaz434@example.com,+905726490827,2022-04-29,2025-08-25,Kayseri,Kocasinan,Türkiye,257.37,46
1012,81,Bay Oruç Çorlu,bay.oruc.corlu81@example.com,+905640909743,2022-07-18,2026-01-25,Kayseri,Melikgazi,Türkiye,413.22,69
1013,23,Öğr. Kasim Aslan,ogr.kasim.aslan23@example.com,+905353462475,2021-09-25,2025-07-29,Eskişehir,Tepebaşı,Türkiye,74.58,22
1014,484,Feremez İnançlı Güçlü,feremez.inancli.guclu484@example.com,+905181753443,2025-10-04,2026-06-24,İstanbul,Şişli,Türkiye,138.56,19
1015,32,Nevsale Bilgin Yaman,nevsale.bilgin.yaman32@example.com,+905014294019,2023-07-07,2026-05-29,Erzurum,Yakutiye,Türkiye,414.58,40
1016,56,Soykut Durmuş,soykut.durmus56@example.com,+905518233749,2021-09-08,2025-04-29,Bursa,Nilüfer,Türkiye,315.38,51
1017,103,Elvan Şener,elvan.sener103@example.com,+905815614978,2022-03-17,2026-02-03,Mersin,Yenişehir,Türkiye,162.84,37
1018,289,Okyalaz Türk,okyalaz.turk289@example.com,+905466609935,2021-11-16,2025-05-29,Şanlıurfa,Eyyübiye,Türkiye,319.59,63
1019,274,Oliver İhsanoğlu,oliver.ihsanoglu274@example.com,+905989921722,2024-10-05,2025-06-18,Ankara,Yenimahalle,Türkiye,332.1,69
1020,375,Dr. Dilşat Âlemşah Gül,dr.dilsat.lemsah.gul375@example.com,+905143866322,2023-04-19,2025-07-21,Antalya,Muratpaşa,Türkiye,346.08,69
1021,136,Rayla Zülbiye Karadeniz,rayla.zulbiye.karadeniz136@example.com,+905814473947,2024-10-29,2026-05-28,Şanlıurfa,Eyyübiye,Türkiye,145.31,25
1022,414,Arş. Gör. Sebattin İvecen Ülker,ars.gor.sebattin.ivecen.ulker414@example.com,+905998136462,2025-03-17,2025-05-05,Trabzon,Ortahisar,Türkiye,187.79,39
1023,419,Kutay Afer Hayrioğlu Aksu,kutay.afer.hayrioglu.aksu419@example.com,+905514770538,2024-10-05,2025-01-26,Kayseri,Melikgazi,Türkiye,186.1,31
1024,439,Seyhan Zengin Durmuş,seyhan.zengin.durmus439@example.com,+905780973397,2023-05-28,2025-02-22,Diyarbakır,Kayapınar,Türkiye,264.5,44
1025,457,Tonguç Ülker,tonguc.ulker457@example.com,+905249321495,2022-12-01,2025-12-17,Eskişehir,Tepebaşı,Türkiye,256.98,46
1026,244,Çev. Özerdinç Özinal Şener,cev.ozerdinc.ozinal.sener244@example.com,+905206038505,2025-12-10,2026-02-13,Erzurum,Yakutiye,Türkiye,415.75,66
1027,352,Gülev Demir,gulev.demir352@example.com,+905929842579,2022-08-21,2025-06-23,Denizli,Pamukkale,Türkiye,97.54,22
1028,100,Tülin Soylu,tulin.soylu100@example.com,+905244550229,2022-04-06,2025-08-03,Mersin,Yenişehir,Türkiye,239.49,43
1029,314,Gülmisal Nurveren Akdeniz,gulmisal.nurveren.akdeniz314@example.com,+905571130554,2022-11-17,2025-09-12,Manisa,Şehzadeler,Türkiye,323.44,51
1030,465,Buhari Akçay,buhari.akcay465@example.com,+905619196570,2025-06-10,2026-06-12,Adana,Çukurova,Türkiye,361.08,31
1031,374,Servinaz Tülin Tevetoğlu,servinaz.tulin.tevetoglu374@example.com,+905527636556,2024-05-19,2026-02-26,Manisa,Şehzadeler,Türkiye,238.08,46
1032,436,Bayan Açılay Nili Karadeniz Arslan,bayan.acilay.nili.karadeniz.arslan436@example.com,+905145211175,2025-06-21,2026-05-04,Konya,Meram,Türkiye,450.81,51
1033,152,Bayan Çolpan Hurican Çamurcuoğlu Akdeniz,bayan.colpan.hurican.camurcuoglu.akdeniz152@example.com,+905298259526,2022-06-29,2025-01-08,Şanlıurfa,Eyyübiye,Türkiye,524.06,65
1034,264,Vacibe Alemdar Yılmaz,vacibe.alemdar.yilmaz264@example.com,+905513552157,2025-11-19,2026-02-10,Şanlıurfa,Eyyübiye,Türkiye,174.65,34
1035,23,Öğr. Kasim Aslan,ogr.kasim.aslan23@example.com,+905353462475,2021-09-25,2025-07-14,Eskişehir,Tepebaşı,Türkiye,102.04,22
1036,357,Okt. Öngen Bilgen Çetin,okt.ongen.bilgen.cetin357@example.com,+905806356512,2023-07-24,2025-02-26,İstanbul,Kadıköy,Türkiye,393.73,59
1037,386,Nefaret Cuheyna Durdu,nefaret.cuheyna.durdu386@example.com,+905456424008,2021-09-12,2026-05-09,İzmir,Bornova,Türkiye,398.07,72
1038,482,Bay Gümüştekin Ayvas Karadeniz,bay.gumustekin.ayvas.karadeniz482@example.com,+905185694544,2025-05-25,2025-10-29,Malatya,Yeşilyurt,Türkiye,244.98,34
1039,97,Lezize Tevetoğlu,lezize.tevetoglu97@example.com,+905809885165,2022-03-21,2025-04-13,Samsun,İlkadım,Türkiye,420.6,66
1040,459,Gülay Günar Şama,gulay.gunar.sama459@example.com,+905453817921,2022-01-12,2025-12-07,Diyarbakır,Kayapınar,Türkiye,248.09,47
1041,245,Mazlum Demir,mazlum.demir245@example.com,+905383670241,2025-09-14,2025-11-17,Kayseri,Melikgazi,Türkiye,341.06,32
1042,386,Nefaret Cuheyna Durdu,nefaret.cuheyna.durdu386@example.com,+905456424008,2021-09-12,2025-06-04,İzmir,Bornova,Türkiye,383.95,72
1043,238,Teber Bilir,teber.bilir238@example.com,+905252410564,2023-01-05,2025-06-10,Malatya,Yeşilyurt,Türkiye,103.17,22
1044,275,Ufukay Kutgün Seven,ufukay.kutgun.seven275@example.com,+905163294511,2023-10-10,2026-01-13,Ankara,Keçiören,Türkiye,317.01,53
1045,131,Minibe Ülker,minibe.ulker131@example.com,+905584161692,2022-11-21,2025-06-01,Şanlıurfa,Eyyübiye,Türkiye,170.06,36
1046,304,Filit Idık Arsoy,filit.idik.arsoy304@example.com,+905114374470,2025-05-22,2025-11-17,İzmir,Karşıyaka,Türkiye,376.51,70
1047,428,Yrd. Doç. Birgit İnönü,yrd.doc.birgit.inonu428@example.com,+905474231220,2021-09-03,2026-06-18,Denizli,Pamukkale,Türkiye,343.91,57
1048,315,Dr. Havali Kısakürek Durdu,dr.havali.kisakurek.durdu315@example.com,+905272614933,2025-04-09,2025-08-07,Bursa,Nilüfer,Türkiye,456.85,72
1049,117,Öğr. İdiris Münif Ergül,ogr.idiris.munif.ergul117@example.com,+905573322141,2023-02-07,2026-02-14,Adana,Seyhan,Türkiye,379.08,67
1050,344,Kerman Ertaş,kerman.ertas344@example.com,+905827229927,2023-12-09,2025-12-03,Manisa,Şehzadeler,Türkiye,87.25,20
1051,386,Nefaret Cuheyna Durdu,nefaret.cuheyna.durdu386@example.com,+905456424008,2021-09-12,2025-03-26,İzmir,Bornova,Türkiye,367.8,72
1052,456,Mükrüme Alemdar Yaman,mukrume.alemdar.yaman456@example.com,+905224109881,2024-10-15,2026-01-02,Bursa,Osmangazi,Türkiye,321.33,52
1053,175,Koldan Zengin,koldan.zengin175@example.com,+905478686337,2024-01-04,2026-01-28,İstanbul,Kadıköy,Türkiye,154.83,27
1054,278,Arifcan Aslan,arifcan.aslan278@example.com,+905246299606,2024-02-03,2025-06-06,Şanlıurfa,Eyyübiye,Türkiye,308.96,62
1055,437,Tolonbay Bilge,tolonbay.bilge437@example.com,+905686025922,2025-02-19,2026-04-08,Malatya,Yeşilyurt,Türkiye,357.2,29
1056,206,Nades Yıldırım Soylu,nades.yildirim.soylu206@example.com,+905135290965,2023-07-15,2026-05-26,Samsun,İlkadım,Türkiye,124.95,24
1057,244,Çev. Özerdinç Özinal Şener,cev.ozerdinc.ozinal.sener244@example.com,+905206038505,2025-12-10,2026-03-29,Erzurum,Yakutiye,Türkiye,372.36,66
1058,219,Gülel Demir,gulel.demir219@example.com,+905613407451,2023-06-27,2026-04-06,Diyarbakır,Kayapınar,Türkiye,437.59,73
1059,383,Elvan Çisem Yorulmaz Zengin,elvan.cisem.yorulmaz.zengin383@example.com,+905492164334,2023-06-19,2025-01-14,İzmir,Konak,Türkiye,322.87,58
1060,84,Tayaydın Atalay Seven,tayaydin.atalay.seven84@example.com,+905712368516,2025-11-14,2026-02-26,Eskişehir,Odunpazarı,Türkiye,226.05,34
1061,252,Doç. Musaffa Şehreban Eraslan,doc.musaffa.sehreban.eraslan252@example.com,+905941013721,2024-02-02,2025-12-27,İzmir,Karşıyaka,Türkiye,119.58,25
1062,95,Cuheyna Enfes Eraslan,cuheyna.enfes.eraslan95@example.com,+905118367365,2023-05-29,2025-02-28,Manisa,Şehzadeler,Türkiye,276.31,43
1063,454,Elifnur Tevetoğlu Demirel,elifnur.tevetoglu.demirel454@example.com,+905681040915,2023-05-01,2025-02-06,Ankara,Keçiören,Türkiye,370.53,74
1064,102,Av. Kısmet Aynımah Yılmaz,av.kismet.aynimah.yilmaz102@example.com,+905022901476,2023-03-24,2026-01-24,Van,İpekyolu,Türkiye,338.94,56
1065,101,Ayçan Çorlu,aycan.corlu101@example.com,+905836675254,2021-11-26,2026-05-14,İstanbul,Kadıköy,Türkiye,390.42,38
1066,175,Koldan Zengin,koldan.zengin175@example.com,+905478686337,2024-01-04,2025-01-29,İstanbul,Kadıköy,Türkiye,138.49,27
1067,380,Nurdeniz Manço,nurdeniz.manco380@example.com,+905125355449,2022-05-02,2026-03-16,Trabzon,Ortahisar,Türkiye,223.14,43
1068,5,Arş. Gör. Sıylıhan Akbaş Durmuş,ars.gor.siylihan.akbas.durmus5@example.com,+905341316475,2025-01-13,2025-05-28,Ankara,Yenimahalle,Türkiye,248.12,41
1069,446,Öğr. Yazgül Yasemen Mansız Aksu,ogr.yazgul.yasemen.mansiz.aksu446@example.com,+905107139660,2024-01-29,2026-04-15,Konya,Selçuklu,Türkiye,237.65,40
1070,266,Dr. Selime İnönü Yorulmaz,dr.selime.inonu.yorulmaz266@example.com,+905179327104,2025-11-01,2026-05-04,Erzurum,Yakutiye,Türkiye,203.96,38
1071,3,Suat Şafak,suat.safak3@example.com,+905423511615,2024-01-08,2025-10-09,Denizli,Pamukkale,Türkiye,290.64,56
1072,443,Ürfettin Şabettin Şama Demirel,urfettin.sabettin.sama.demirel443@example.com,+905472145868,2024-10-09,2026-05-05,Erzurum,Yakutiye,Türkiye,323.31,62
1073,263,Muvahhide Demir,muvahhide.demir263@example.com,+905096902959,2024-09-16,2025-01-13,Antalya,Muratpaşa,Türkiye,375.74,58
1074,145,Ercihan Nerim Mansız,ercihan.nerim.mansiz145@example.com,+905925556258,2022-10-19,2026-06-05,Konya,Meram,Türkiye,112.82,24
1075,498,Kibar Bilge,kibar.bilge498@example.com,+905925114262,2022-01-16,2026-04-05,Konya,Selçuklu,Türkiye,260.03,41
1076,499,Bayan Nürice Arsoy Eraslan,bayan.nurice.arsoy.eraslan499@example.com,+905902196207,2025-06-30,2025-08-24,Diyarbakır,Kayapınar,Türkiye,90.55,18
1077,252,Doç. Musaffa Şehreban Eraslan,doc.musaffa.sehreban.eraslan252@example.com,+905941013721,2024-02-02,2025-06-17,İzmir,Karşıyaka,Türkiye,106.38,25
1078,497,Remazan Duran,remazan.duran497@example.com,+905136565198,2025-03-06,2025-03-19,Manisa,Şehzadeler,Türkiye,374.09,38
1079,268,Ferihan Dumanlı,ferihan.dumanli268@example.com,+905296201533,2023-08-27,2025-11-27,İstanbul,Şişli,Türkiye,378.44,62
1080,321,Gürcüye Gülev Mansız Eraslan,gurcuye.gulev.mansiz.eraslan321@example.com,+905620034244,2025-02-16,2026-02-12,Bursa,Nilüfer,Türkiye,358.5,71
1081,459,Gülay Günar Şama,gulay.gunar.sama459@example.com,+905453817921,2022-01-12,2025-04-05,Diyarbakır,Kayapınar,Türkiye,245.35,47
1082,286,Hasgül Akdeniz Öcalan,hasgul.akdeniz.ocalan286@example.com,+905657437489,2023-09-21,2025-03-03,Mersin,Toroslar,Türkiye,267.77,55
1083,55,Dr. Hoşkadem Hadrey Erdoğan Şama,dr.hoskadem.hadrey.erdogan.sama55@example.com,+905788568557,2024-06-06,2025-03-12,Van,İpekyolu,Türkiye,165.88,37
1084,443,Ürfettin Şabettin Şama Demirel,urfettin.sabettin.sama.demirel443@example.com,+905472145868,2024-10-09,2025-03-03,Erzurum,Yakutiye,Türkiye,323.21,62
1085,1,Akar Ziyaettin Aslan Yüksel,akar.ziyaettin.aslan.yuksel1@example.com,+905433218196,2025-10-08,2025-12-07,Bursa,Nilüfer,Türkiye,89.88,19
1086,273,Mürit Baturay Şensoy Karadeniz,murit.baturay.sensoy.karadeniz273@example.com,+905806868793,2023-04-12,2025-07-18,Denizli,Pamukkale,Türkiye,181.29,37
1087,380,Nurdeniz Manço,nurdeniz.manco380@example.com,+905125355449,2022-05-02,2025-06-27,Trabzon,Ortahisar,Türkiye,198.14,43
1088,376,Melihcan Dumanlı,melihcan.dumanli376@example.com,+905288574489,2025-09-06,2025-11-06,Denizli,Pamukkale,Türkiye,228.65,43
1089,390,Av. Övün Şilan Tarhan,av.ovun.silan.tarhan390@example.com,+905973502080,2024-11-27,2025-09-17,Diyarbakır,Kayapınar,Türkiye,106.51,24
1090,357,Okt. Öngen Bilgen Çetin,okt.ongen.bilgen.cetin357@example.com,+905806356512,2023-07-24,2025-12-13,İstanbul,Kadıköy,Türkiye,358.67,59
1091,486,Öğr. Şöhret Yılmaz Akçay,ogr.sohret.yilmaz.akcay486@example.com,+905471746542,2021-07-28,2025-01-31,Adana,Çukurova,Türkiye,131.03,22
1092,287,Bayan Muarra Sonnur Demirel,bayan.muarra.sonnur.demirel287@example.com,+905899441715,2024-05-25,2025-12-05,Malatya,Yeşilyurt,Türkiye,326.52,58
1093,335,Alaz Eraslan Duran,alaz.eraslan.duran335@example.com,+905842450882,2025-04-04,2025-10-03,Antalya,Kepez,Türkiye,101.81,20
1094,34,Tekbay Aksu,tekbay.aksu34@example.com,+905561595148,2024-03-19,2026-06-17,Erzurum,Yakutiye,Türkiye,377.37,60
1095,43,Türknur Şennur Akar,turknur.sennur.akar43@example.com,+905967054668,2021-10-04,2025-06-29,Trabzon,Ortahisar,Türkiye,424.05,65
1096,240,Uz. Savni Arıel Aksu,uz.savni.ariel.aksu240@example.com,+905380003075,2023-10-20,2025-12-01,Van,İpekyolu,Türkiye,143.33,27
1097,416,Merzuk Adlan Ertaş,merzuk.adlan.ertas416@example.com,+905898331465,2022-02-09,2025-01-27,Trabzon,Ortahisar,Türkiye,231.54,54
1098,486,Öğr. Şöhret Yılmaz Akçay,ogr.sohret.yilmaz.akcay486@example.com,+905471746542,2021-07-28,2025-08-03,Adana,Çukurova,Türkiye,94.03,22
1099,379,Salimet Hayrioğlu,salimet.hayrioglu379@example.com,+905716947225,2023-08-02,2025-01-27,Eskişehir,Tepebaşı,Türkiye,331.19,58
1100,290,Onuker Zengin,onuker.zengin290@example.com,+905584282417,2025-03-25,2025-12-22,Erzurum,Yakutiye,Türkiye,337.45,65
1101,291,Cemiyle Bilge,cemiyle.bilge291@example.com,+905513534655,2024-06-27,2025-07-10,Erzurum,Yakutiye,Türkiye,275.4,55
1102,415,Benek Permun Bilge Korutürk,benek.permun.bilge.koruturk415@example.com,+905864168622,2023-04-03,2025-04-18,Van,İpekyolu,Türkiye,240.42,53
1103,216,Sonnur Çağlar Fırat Ergül,sonnur.caglar.firat.ergul216@example.com,+905507236887,2023-08-28,2025-04-27,Diyarbakır,Kayapınar,Türkiye,356.69,61
1104,67,Erdursun Dalkılıç Akar Duran,erdursun.dalkilic.akar.duran67@example.com,+905567468071,2024-03-08,2025-09-05,Bursa,Nilüfer,Türkiye,200.74,34
1105,164,Kıvılcım Seven,kivilcim.seven164@example.com,+905788728743,2025-04-26,2025-10-03,Eskişehir,Tepebaşı,Türkiye,197.53,39
1106,189,Nili Aksu,nili.aksu189@example.com,+905840862118,2025-02-11,2025-04-24,Malatya,Yeşilyurt,Türkiye,156.92,33
1107,142,Büşranur Alemdar,busranur.alemdar142@example.com,+905249818299,2025-01-31,2026-05-31,Konya,Meram,Türkiye,173.83,28
1108,43,Türknur Şennur Akar,turknur.sennur.akar43@example.com,+905967054668,2021-10-04,2025-08-28,Trabzon,Ortahisar,Türkiye,388.0,65
1109,352,Gülev Demir,gulev.demir352@example.com,+905929842579,2022-08-21,2025-02-16,Denizli,Pamukkale,Türkiye,95.58,22
1110,50,Av. Behiza İnönü Duran,av.behiza.inonu.duran50@example.com,+905518506716,2023-12-02,2025-11-19,Erzurum,Yakutiye,Türkiye,471.13,58
1111,445,Bay Erdogan Demirel,bay.erdogan.demirel445@example.com,+905299787729,2024-08-23,2025-02-24,Manisa,Şehzadeler,Türkiye,327.17,63
1112,474,Av. Nura Durmuş İhsanoğlu,av.nura.durmus.ihsanoglu474@example.com,+905818913718,2022-09-12,2026-06-21,Mersin,Toroslar,Türkiye,226.27,37
1113,32,Nevsale Bilgin Yaman,nevsale.bilgin.yaman32@example.com,+905014294019,2023-07-07,2025-08-13,Erzurum,Yakutiye,Türkiye,398.56,40
1114,456,Mükrüme Alemdar Yaman,mukrume.alemdar.yaman456@example.com,+905224109881,2024-10-15,2025-04-21,Bursa,Osmangazi,Türkiye,307.18,52
1115,336,Muvaffak Kanak Tarhan Korutürk,muvaffak.kanak.tarhan.koruturk336@example.com,+905881435368,2025-02-24,2026-06-04,Manisa,Şehzadeler,Türkiye,143.18,28
1116,96,Bahaddin Zoral Durmuş Manço,bahaddin.zoral.durmus.manco96@example.com,+905654527111,2025-06-05,2025-10-01,Bursa,Osmangazi,Türkiye,245.02,45
1117,68,Uz. Sadiye Gülbiye Aslan Ertaş,uz.sadiye.gulbiye.aslan.ertas68@example.com,+905876038597,2022-06-11,2025-01-25,Trabzon,Ortahisar,Türkiye,440.21,46
1118,281,İmrihan İde Ülker,imrihan.ide.ulker281@example.com,+905214862890,2024-12-22,2025-08-01,Ankara,Yenimahalle,Türkiye,335.69,30
1119,232,Binışık Bilgütay Sezgin,binisik.bilgutay.sezgin232@example.com,+905389836403,2023-03-05,2025-08-18,İstanbul,Üsküdar,Türkiye,211.94,42
1120,46,Sümeyye Hayrioğlu,sumeyye.hayrioglu46@example.com,+905556464170,2021-09-30,2025-02-28,Konya,Meram,Türkiye,281.18,52
1121,278,Arifcan Aslan,arifcan.aslan278@example.com,+905246299606,2024-02-03,2025-12-24,Şanlıurfa,Eyyübiye,Türkiye,331.57,62
1122,447,Nurbanu Limon Kısakürek Seven,nurbanu.limon.kisakurek.seven447@example.com,+905344144885,2021-08-25,2025-12-24,Konya,Selçuklu,Türkiye,62.65,18
1123,451,Şefiye Bilge,sefiye.bilge451@example.com,+905291450461,2023-03-01,2026-05-24,Adana,Çukurova,Türkiye,401.44,74
1124,286,Hasgül Akdeniz Öcalan,hasgul.akdeniz.ocalan286@example.com,+905657437489,2023-09-21,2025-11-24,Mersin,Toroslar,Türkiye,302.05,55
1125,214,Aygutalp Arslan,aygutalp.arslan214@example.com,+905251341252,2023-01-31,2026-03-26,Kayseri,Melikgazi,Türkiye,244.58,42
1126,168,Sunay Yılmaz Akça,sunay.yilmaz.akca168@example.com,+905145933272,2023-05-26,2026-03-18,Malatya,Yeşilyurt,Türkiye,429.61,65
1127,237,Tandoğdu Zeynelabidin Sakarya,tandogdu.zeynelabidin.sakarya237@example.com,+905990421020,2025-01-11,2025-10-14,Bursa,Osmangazi,Türkiye,333.41,49
1128,466,Doç. Metinkaya Türk,doc.metinkaya.turk466@example.com,+905227846997,2024-11-07,2026-06-21,Van,İpekyolu,Türkiye,194.27,31
1129,412,Abdülahat Oldağ Korutürk Şafak,abdulahat.oldag.koruturk.safak412@example.com,+905055661390,2022-05-24,2025-04-17,Trabzon,Ortahisar,Türkiye,376.98,67
1130,93,Öğr. İvecen Duran,ogr.ivecen.duran93@example.com,+905700766177,2025-07-15,2025-10-13,Malatya,Yeşilyurt,Türkiye,376.61,75
1131,419,Kutay Afer Hayrioğlu Aksu,kutay.afer.hayrioglu.aksu419@example.com,+905514770538,2024-10-05,2025-04-09,Kayseri,Melikgazi,Türkiye,216.21,31
1132,10,Ferahdiba Bilir,ferahdiba.bilir10@example.com,+905801845146,2025-01-23,2025-12-13,Malatya,Yeşilyurt,Türkiye,251.12,47
1133,149,Turabi Sezer,turabi.sezer149@example.com,+905162456506,2025-08-30,2025-09-05,Erzurum,Yakutiye,Türkiye,346.75,54
1134,491,Dr. Dilcan Ticen Tevetoğlu Duran,dr.dilcan.ticen.tevetoglu.duran491@example.com,+905460158517,2021-09-07,2026-04-07,Samsun,Atakum,Türkiye,384.05,67
1135,154,Selmin Mansız,selmin.mansiz154@example.com,+905097499309,2023-04-04,2025-08-18,Denizli,Pamukkale,Türkiye,178.75,28
1136,37,Uraltay Gül,uraltay.gul37@example.com,+905489513433,2025-02-14,2025-10-09,Adana,Seyhan,Türkiye,71.58,19
1137,288,Nüdret Ülker Çetin,nudret.ulker.cetin288@example.com,+905432830965,2022-02-17,2025-06-10,Mersin,Toroslar,Türkiye,303.13,26
1138,24,Dr. Günkurt Şanlı Öcalan,dr.gunkurt.sanli.ocalan24@example.com,+905183842513,2023-11-17,2025-04-23,Manisa,Şehzadeler,Türkiye,158.59,36
1139,188,Nafii Sezer,nafii.sezer188@example.com,+905509977008,2022-11-09,2025-09-07,Malatya,Yeşilyurt,Türkiye,224.28,44
1140,39,Dilfeza Arslan,dilfeza.arslan39@example.com,+905328708317,2025-03-14,2025-11-12,Bursa,Osmangazi,Türkiye,411.11,69
1141,198,Akyıldız Akdeniz,akyildiz.akdeniz198@example.com,+905101581995,2023-10-16,2026-03-08,Malatya,Yeşilyurt,Türkiye,92.77,18
1142,424,Dr. Oymak Şener,dr.oymak.sener424@example.com,+905840460843,2025-02-05,2026-01-02,Kayseri,Melikgazi,Türkiye,408.77,39
1143,23,Öğr. Kasim Aslan,ogr.kasim.aslan23@example.com,+905353462475,2021-09-25,2025-12-31,Eskişehir,Tepebaşı,Türkiye,135.3,22
1144,349,Günsel Selvi Dumanlı Akça,gunsel.selvi.dumanli.akca349@example.com,+905651777392,2022-04-27,2025-01-17,Bursa,Nilüfer,Türkiye,435.97,71
1145,374,Servinaz Tülin Tevetoğlu,servinaz.tulin.tevetoglu374@example.com,+905527636556,2024-05-19,2025-03-21,Manisa,Şehzadeler,Türkiye,232.83,46
1146,172,Bayan Oluş Şama Ülker,bayan.olus.sama.ulker172@example.com,+905640391065,2022-01-08,2026-03-29,Kayseri,Melikgazi,Türkiye,134.35,22
1147,445,Bay Erdogan Demirel,bay.erdogan.demirel445@example.com,+905299787729,2024-08-23,2025-03-23,Manisa,Şehzadeler,Türkiye,315.28,63
1148,67,Erdursun Dalkılıç Akar Duran,erdursun.dalkilic.akar.duran67@example.com,+905567468071,2024-03-08,2025-03-07,Bursa,Nilüfer,Türkiye,183.88,34
1149,368,Av. Rafia Şafak Tarhan,av.rafia.safak.tarhan368@example.com,+905416518275,2023-12-19,2025-10-30,Mersin,Yenişehir,Türkiye,325.93,31
1150,497,Remazan Duran,remazan.duran497@example.com,+905136565198,2025-03-06,2025-07-19,Manisa,Şehzadeler,Türkiye,398.08,38
1151,69,Av. Arıkol Mirbadin Sezgin,av.arikol.mirbadin.sezgin69@example.com,+905824771093,2021-12-20,2026-03-15,Konya,Meram,Türkiye,117.1,28
1152,415,Benek Permun Bilge Korutürk,benek.permun.bilge.koruturk415@example.com,+905864168622,2023-04-03,2025-09-25,Van,İpekyolu,Türkiye,284.47,53
1153,269,Dr. Asiman Şener Tevetoğlu,dr.asiman.sener.tevetoglu269@example.com,+905443106987,2025-02-01,2026-03-07,Erzurum,Yakutiye,Türkiye,172.5,21
1154,334,Çolpan Arsoy Çorlu,colpan.arsoy.corlu334@example.com,+905449147660,2023-04-17,2025-06-09,Malatya,Yeşilyurt,Türkiye,169.31,28
1155,217,Doç. Zümre Münezzer Ergül,doc.zumre.munezzer.ergul217@example.com,+905219034043,2022-12-07,2025-03-27,Diyarbakır,Kayapınar,Türkiye,3443.76,36
1156,92,Behiza Hezniye Arsoy Arslan,behiza.hezniye.arsoy.arslan92@example.com,+905177589178,2024-09-15,2025-12-23,Denizli,Pamukkale,Türkiye,309.66,57
1157,10,Ferahdiba Bilir,ferahdiba.bilir10@example.com,+905801845146,2025-01-23,2026-05-04,Malatya,Yeşilyurt,Türkiye,235.67,47
1158,86,Hayel Eraslan,hayel.eraslan86@example.com,+905746120047,2025-04-19,2025-05-08,Gaziantep,Şahinbey,Türkiye,103.44,24
1159,351,Zinnure Neval Yorulmaz Gülen,zinnure.neval.yorulmaz.gulen351@example.com,+905990413797,2023-04-01,2025-12-03,Adana,Çukurova,Türkiye,149.84,28
1160,52,Arş. Gör. Firdevis Eraslan Fırat,ars.gor.firdevis.eraslan.firat52@example.com,+905473799650,2023-03-06,2025-09-22,Gaziantep,Şahinbey,Türkiye,380.77,72
1161,419,Kutay Afer Hayrioğlu Aksu,kutay.afer.hayrioglu.aksu419@example.com,+905514770538,2024-10-05,2025-05-15,Kayseri,Melikgazi,Türkiye,204.05,31
1162,275,Ufukay Kutgün Seven,ufukay.kutgun.seven275@example.com,+905163294511,2023-10-10,2025-03-19,Ankara,Keçiören,Türkiye,357.5,53
1163,476,Fenni Atatöre İnönü Aksu,fenni.atatore.inonu.aksu476@example.com,+905940792904,2021-10-24,2026-02-17,Manisa,Şehzadeler,Türkiye,292.88,57
1164,373,Nurser Tevetoğlu,nurser.tevetoglu373@example.com,+905915594284,2024-08-14,2025-03-19,Konya,Meram,Türkiye,214.23,35
1165,137,Göken Arslan,goken.arslan137@example.com,+905271551884,2024-04-07,2026-02-14,İzmir,Bornova,Türkiye,375.2,72
1166,481,Hatin Nüdret Çorlu Arsoy,hatin.nudret.corlu.arsoy481@example.com,+905674286047,2023-10-22,2025-04-25,Gaziantep,Şehitkamil,Türkiye,303.43,61
1167,125,Ayduru Sakarya,ayduru.sakarya125@example.com,+905971179808,2022-09-22,2025-02-20,Gaziantep,Şehitkamil,Türkiye,371.19,33
1168,485,Çerçi Demirel,cerci.demirel485@example.com,+905391119269,2024-11-29,2026-02-28,Ankara,Yenimahalle,Türkiye,408.35,75
1169,63,Aykutalp Sakarya,aykutalp.sakarya63@example.com,+905618324210,2025-01-07,2025-03-27,Van,İpekyolu,Türkiye,345.8,68
1170,312,Okt. İmrihan Melikkan Şener Şafak,okt.imrihan.melikkan.sener.safak312@example.com,+905170166088,2025-12-12,2026-06-18,Diyarbakır,Kayapınar,Türkiye,366.0,70
1171,97,Lezize Tevetoğlu,lezize.tevetoglu97@example.com,+905809885165,2022-03-21,2025-07-04,Samsun,İlkadım,Türkiye,419.42,66
1172,105,Arş. Gör. Salimet Övün Yılmaz Demir,ars.gor.salimet.ovun.yilmaz.demir105@example.com,+905683885160,2023-07-03,2025-04-07,Adana,Seyhan,Türkiye,119.42,19
1173,184,Çağlasın Akdurmuş Akça,caglasin.akdurmus.akca184@example.com,+905587717535,2024-03-12,2025-10-03,Kayseri,Kocasinan,Türkiye,231.55,44
1174,348,Atiyye Sezer,atiyye.sezer348@example.com,+905723184322,2025-01-24,2025-08-09,Malatya,Yeşilyurt,Türkiye,262.8,41
1175,355,Argu Karadeniz,argu.karadeniz355@example.com,+905508637659,2021-10-16,2026-01-10,Malatya,Yeşilyurt,Türkiye,521.29,66
1176,409,Giz Akça,giz.akca409@example.com,+905433504888,2022-10-01,2025-10-16,Kayseri,Melikgazi,Türkiye,258.67,54
1177,445,Bay Erdogan Demirel,bay.erdogan.demirel445@example.com,+905299787729,2024-08-23,2025-01-12,Manisa,Şehzadeler,Türkiye,299.79,63
1178,70,Aliihsan Tunahan Duran Karadeniz,aliihsan.tunahan.duran.karadeniz70@example.com,+905131712748,2021-12-29,2025-12-01,İstanbul,Şişli,Türkiye,248.75,35
1179,215,Öğr. Uğurtan Erbil Hançer,ogr.ugurtan.erbil.hancer215@example.com,+905627828274,2025-02-28,2025-11-14,Antalya,Kepez,Türkiye,135.01,29
1180,144,Bilender Yıldırım,bilender.yildirim144@example.com,+905473647102,2023-06-26,2025-10-13,Şanlıurfa,Eyyübiye,Türkiye,260.91,44
1181,457,Tonguç Ülker,tonguc.ulker457@example.com,+905249321495,2022-12-01,2025-05-08,Eskişehir,Tepebaşı,Türkiye,238.74,46
1182,30,Erdibay Korutürk,erdibay.koruturk30@example.com,+905342160733,2023-05-15,2025-11-30,Eskişehir,Tepebaşı,Türkiye,210.38,40
1183,394,Necva Yılmaz,necva.yilmaz394@example.com,+905645208814,2023-04-02,2025-05-15,Konya,Meram,Türkiye,355.28,58
1184,493,Doç. Beyler Feyruz Şafak,doc.beyler.feyruz.safak493@example.com,+905030937618,2022-05-05,2025-06-16,Konya,Selçuklu,Türkiye,206.88,37
1185,390,Av. Övün Şilan Tarhan,av.ovun.silan.tarhan390@example.com,+905973502080,2024-11-27,2026-05-31,Diyarbakır,Kayapınar,Türkiye,139.85,24
1186,208,Hürdoğan Sezgin,hurdogan.sezgin208@example.com,+905507146112,2023-12-30,2026-03-22,Malatya,Yeşilyurt,Türkiye,160.88,37
1187,409,Giz Akça,giz.akca409@example.com,+905433504888,2022-10-01,2026-06-21,Kayseri,Melikgazi,Türkiye,279.5,54
1188,399,Okt. Ferhan Nirgül Hançer Gül,okt.ferhan.nirgul.hancer.gul399@example.com,+905855749821,2022-12-21,2025-09-07,Konya,Selçuklu,Türkiye,184.13,27
1189,286,Hasgül Akdeniz Öcalan,hasgul.akdeniz.ocalan286@example.com,+905657437489,2023-09-21,2025-07-21,Mersin,Toroslar,Türkiye,283.0,55
1190,14,Arş. Gör. Edaviye Nuriyet Çorlu Durmuş,ars.gor.edaviye.nuriyet.corlu.durmus14@example.com,+905657871331,2024-01-20,2026-02-17,Konya,Meram,Türkiye,130.46,19
1191,187,Dr. Dilşat Durdu Akça,dr.dilsat.durdu.akca187@example.com,+905801006231,2021-12-25,2026-04-14,Adana,Seyhan,Türkiye,153.86,27
1192,40,Uz. Servinaz Adila Gül,uz.servinaz.adila.gul40@example.com,+905798687277,2024-06-30,2026-02-12,Malatya,Yeşilyurt,Türkiye,373.46,66
1193,232,Binışık Bilgütay Sezgin,binisik.bilgutay.sezgin232@example.com,+905389836403,2023-03-05,2025-05-17,İstanbul,Üsküdar,Türkiye,235.29,42
1194,48,Hayrünnisa Ağbegim Yüksel,hayrunnisa.agbegim.yuksel48@example.com,+905745299124,2025-05-05,2025-07-30,Van,İpekyolu,Türkiye,279.13,55
1195,131,Minibe Ülker,minibe.ulker131@example.com,+905584161692,2022-11-21,2025-10-15,Şanlıurfa,Eyyübiye,Türkiye,154.58,36
1196,452,Güçyeter Çorlu,gucyeter.corlu452@example.com,+905384215031,2023-06-18,2025-12-07,Diyarbakır,Kayapınar,Türkiye,282.97,50
1197,379,Salimet Hayrioğlu,salimet.hayrioglu379@example.com,+905716947225,2023-08-02,2026-01-22,Eskişehir,Tepebaşı,Türkiye,341.97,58
1198,167,Çoğay Durdu,cogay.durdu167@example.com,+905990453017,2024-03-24,2025-12-28,Eskişehir,Tepebaşı,Türkiye,229.94,28
1199,386,Nefaret Cuheyna Durdu,nefaret.cuheyna.durdu386@example.com,+905456424008,2021-09-12,2025-06-05,İzmir,Bornova,Türkiye,391.12,72
1200,132,Yeneral Ginyas Zorlu Hançer,yeneral.ginyas.zorlu.hancer132@example.com,+905447962757,2025-09-17,2026-05-20,İzmir,Bornova,Türkiye,468.94,64
1201,81,Bay Oruç Çorlu,bay.oruc.corlu81@example.com,+905640909743,2022-07-18,2026-02-19,Kayseri,Melikgazi,Türkiye,410.46,69
1202,300,Halenur Burcuhan Şafak,halenur.burcuhan.safak300@example.com,+905167618472,2024-10-18,2026-06-16,İstanbul,Kadıköy,Türkiye,351.19,62
1203,312,Okt. İmrihan Melikkan Şener Şafak,okt.imrihan.melikkan.sener.safak312@example.com,+905170166088,2025-12-12,2026-06-23,Diyarbakır,Kayapınar,Türkiye,347.75,70
1204,426,Necva Fadıla Yüksel Sakarya,necva.fadila.yuksel.sakarya426@example.com,+905329832482,2023-07-16,2026-06-18,Erzurum,Yakutiye,Türkiye,347.63,67
1205,375,Dr. Dilşat Âlemşah Gül,dr.dilsat.lemsah.gul375@example.com,+905143866322,2023-04-19,2025-10-31,Antalya,Muratpaşa,Türkiye,373.23,69
1206,338,Deryanur Hasgül Güçlü Yıldırım,deryanur.hasgul.guclu.yildirim338@example.com,+905975523149,2025-07-23,2026-06-29,Bursa,Nilüfer,Türkiye,422.18,75
1207,405,Günebakan İnönü,gunebakan.inonu405@example.com,+905381138633,2022-12-31,2025-02-16,Kayseri,Melikgazi,Türkiye,296.62,60
1208,7,Öğr. Seniha İnsaf Aslan,ogr.seniha.insaf.aslan7@example.com,+905056413953,2022-04-10,2025-08-08,Ankara,Çankaya,Türkiye,275.79,49
1209,368,Av. Rafia Şafak Tarhan,av.rafia.safak.tarhan368@example.com,+905416518275,2023-12-19,2025-06-21,Mersin,Yenişehir,Türkiye,368.02,31
1210,49,Atilhan Gül,atilhan.gul49@example.com,+905631931491,2022-10-10,2026-02-18,Kayseri,Kocasinan,Türkiye,372.33,68
1211,481,Hatin Nüdret Çorlu Arsoy,hatin.nudret.corlu.arsoy481@example.com,+905674286047,2023-10-22,2025-03-09,Gaziantep,Şehitkamil,Türkiye,331.19,61
1212,203,Musaffa Akdeniz,musaffa.akdeniz203@example.com,+905564651939,2022-11-21,2026-01-26,Şanlıurfa,Eyyübiye,Türkiye,171.16,29
1213,162,Binbaşar Bilgin,binbasar.bilgin162@example.com,+905345401938,2021-10-22,2025-09-07,Şanlıurfa,Eyyübiye,Türkiye,556.59,64
1214,491,Dr. Dilcan Ticen Tevetoğlu Duran,dr.dilcan.ticen.tevetoglu.duran491@example.com,+905460158517,2021-09-07,2025-04-01,Samsun,Atakum,Türkiye,322.06,67
1215,63,Aykutalp Sakarya,aykutalp.sakarya63@example.com,+905618324210,2025-01-07,2026-06-16,Van,İpekyolu,Türkiye,352.22,68
1216,197,Orgün Şensoy,orgun.sensoy197@example.com,+905047541212,2023-07-14,2025-07-13,Bursa,Nilüfer,Türkiye,302.69,46
1217,210,Çisem Yılmaz,cisem.yilmaz210@example.com,+905238282586,2023-05-11,2025-08-04,Eskişehir,Odunpazarı,Türkiye,346.85,32
1218,434,Kâzime İslime Yorulmaz,kzime.islime.yorulmaz434@example.com,+905726490827,2022-04-29,2025-05-12,Kayseri,Kocasinan,Türkiye,228.6,46
1219,413,Uz. Kavurt Duran,uz.kavurt.duran413@example.com,+905805892583,2025-02-02,2025-12-12,Ankara,Keçiören,Türkiye,153.59,21
1220,196,Yıldız Samahat Ülker Arsoy,yildiz.samahat.ulker.arsoy196@example.com,+905943114262,2021-10-20,2025-03-02,Trabzon,Ortahisar,Türkiye,247.9,42
1221,194,Dr. Vedat Önel Hançer,dr.vedat.onel.hancer194@example.com,+905621850163,2025-07-10,2026-02-18,Trabzon,Ortahisar,Türkiye,270.34,39
1222,51,Başok Ülker,basok.ulker51@example.com,+905628498776,2021-11-06,2026-02-07,Diyarbakır,Kayapınar,Türkiye,285.84,55
1223,16,Alanalp Ülker,alanalp.ulker16@example.com,+905997376311,2022-04-03,2026-04-24,Konya,Selçuklu,Türkiye,288.16,45
1224,321,Gürcüye Gülev Mansız Eraslan,gurcuye.gulev.mansiz.eraslan321@example.com,+905620034244,2025-02-16,2025-05-20,Bursa,Nilüfer,Türkiye,383.54,71
1225,412,Abdülahat Oldağ Korutürk Şafak,abdulahat.oldag.koruturk.safak412@example.com,+905055661390,2022-05-24,2025-04-28,Trabzon,Ortahisar,Türkiye,394.57,67
1226,217,Doç. Zümre Münezzer Ergül,doc.zumre.munezzer.ergul217@example.com,+905219034043,2022-12-07,2025-06-08,Diyarbakır,Kayapınar,Türkiye,178.95,36
1227,342,Aktemür Göken Soylu,aktemur.goken.soylu342@example.com,+905930848872,2023-11-24,2026-06-08,İstanbul,Şişli,Türkiye,224.21,43
1228,266,Dr. Selime İnönü Yorulmaz,dr.selime.inonu.yorulmaz266@example.com,+905179327104,2025-11-01,2026-03-27,Erzurum,Yakutiye,Türkiye,218.88,38
1229,278,Arifcan Aslan,arifcan.aslan278@example.com,+905246299606,2024-02-03,2025-09-26,Şanlıurfa,Eyyübiye,Türkiye,303.73,62
1230,315,Dr. Havali Kısakürek Durdu,dr.havali.kisakurek.durdu315@example.com,+905272614933,2025-04-09,2026-01-16,Bursa,Nilüfer,Türkiye,396.23,72
1231,3,Suat Şafak,suat.safak3@example.com,+905423511615,2024-01-08,2025-06-03,Denizli,Pamukkale,Türkiye,296.76,56
1232,442,Arş. Gör. Fatinur Yorulmaz Dumanlı,ars.gor.fatinur.yorulmaz.dumanli442@example.com,+905795014556,2025-07-27,2026-05-05,Manisa,Şehzadeler,Türkiye,373.76,66
1233,324,Sezal Kader Gül,sezal.kader.gul324@example.com,+905598933472,2022-02-13,2025-05-24,Diyarbakır,Kayapınar,Türkiye,107.27,22
1234,247,Arpağ Yorulmaz,arpag.yorulmaz247@example.com,+905445655743,2025-07-13,2025-12-18,Antalya,Muratpaşa,Türkiye,149.69,30
1235,37,Uraltay Gül,uraltay.gul37@example.com,+905489513433,2025-02-14,2025-07-24,Adana,Seyhan,Türkiye,102.56,19
1236,20,Tınal Aslan,tinal.aslan20@example.com,+905872343098,2025-08-10,2025-10-19,Kayseri,Kocasinan,Türkiye,328.02,65
1237,500,Hüsmen Çetin,husmen.cetin500@example.com,+905946723248,2023-06-04,2026-02-20,İzmir,Karşıyaka,Türkiye,232.19,44
1238,137,Göken Arslan,goken.arslan137@example.com,+905271551884,2024-04-07,2025-08-25,İzmir,Bornova,Türkiye,379.9,72
1239,115,Prof. Huban Kerime Aksu,prof.huban.kerime.aksu115@example.com,+905492519254,2022-04-09,2026-05-24,Trabzon,Ortahisar,Türkiye,375.57,62
1240,396,Belgizar Manço Korutürk,belgizar.manco.koruturk396@example.com,+905979251327,2025-06-08,2026-01-31,İstanbul,Kadıköy,Türkiye,386.56,61
1241,54,Piran Nurda Dumanlı,piran.nurda.dumanli54@example.com,+905837770143,2023-09-06,2025-05-20,Denizli,Pamukkale,Türkiye,322.98,62
1242,337,İlklima Kısakürek,ilklima.kisakurek337@example.com,+905312908781,2024-04-26,2026-04-10,Manisa,Şehzadeler,Türkiye,307.49,60
1243,6,Yağızkurt Şensoy,yagizkurt.sensoy6@example.com,+905928327648,2024-09-19,2025-11-14,Mersin,Yenişehir,Türkiye,310.22,61
1244,63,Aykutalp Sakarya,aykutalp.sakarya63@example.com,+905618324210,2025-01-07,2025-06-22,Van,İpekyolu,Türkiye,338.28,68
1245,273,Mürit Baturay Şensoy Karadeniz,murit.baturay.sensoy.karadeniz273@example.com,+905806868793,2023-04-12,2026-06-04,Denizli,Pamukkale,Türkiye,169.08,37
1246,56,Soykut Durmuş,soykut.durmus56@example.com,+905518233749,2021-09-08,2026-06-17,Bursa,Nilüfer,Türkiye,299.37,51
1247,238,Teber Bilir,teber.bilir238@example.com,+905252410564,2023-01-05,2025-01-26,Malatya,Yeşilyurt,Türkiye,115.87,22
1248,460,Öğr. Hafıza Yaman Manço,ogr.hafiza.yaman.manco460@example.com,+905733294562,2022-01-10,2026-06-29,Kayseri,Kocasinan,Türkiye,340.29,60
1249,284,Sevdinar İhsanoğlu Hayrioğlu,sevdinar.ihsanoglu.hayrioglu284@example.com,+905406029333,2022-02-24,2026-03-24,Mersin,Yenişehir,Türkiye,155.8,31
1250,290,Onuker Zengin,onuker.zengin290@example.com,+905584282417,2025-03-25,2025-04-28,Erzurum,Yakutiye,Türkiye,358.38,65
1251,212,Öğr. Çilga Hazine Sezer,ogr.cilga.hazine.sezer212@example.com,+905918255371,2024-06-23,2026-02-01,Mersin,Yenişehir,Türkiye,497.95,60
1252,342,Aktemür Göken Soylu,aktemur.goken.soylu342@example.com,+905930848872,2023-11-24,2026-04-07,İstanbul,Şişli,Türkiye,248.19,43
1253,3,Suat Şafak,suat.safak3@example.com,+905423511615,2024-01-08,2025-09-15,Denizli,Pamukkale,Türkiye,294.73,56
1254,248,Prof. Gökten Tevetoğlu,prof.gokten.tevetoglu248@example.com,+905212775618,2023-12-10,2025-07-02,Van,İpekyolu,Türkiye,353.49,67
1255,2,Uz. Zamir Açıkel Tarhan,uz.zamir.acikel.tarhan2@example.com,+905838637940,2021-09-10,2025-07-29,Gaziantep,Şahinbey,Türkiye,381.52,69
1256,63,Aykutalp Sakarya,aykutalp.sakarya63@example.com,+905618324210,2025-01-07,2025-11-13,Van,İpekyolu,Türkiye,327.27,68
1257,466,Doç. Metinkaya Türk,doc.metinkaya.turk466@example.com,+905227846997,2024-11-07,2025-10-05,Van,İpekyolu,Türkiye,183.4,31
1258,151,Özakan Mazlum Bilgin Akçay,ozakan.mazlum.bilgin.akcay151@example.com,+905239868000,2025-03-07,2025-07-29,Eskişehir,Tepebaşı,Türkiye,330.76,63
1259,331,Dilşat Ertaş,dilsat.ertas331@example.com,+905361386120,2023-05-17,2026-06-20,İzmir,Konak,Türkiye,323.43,63
1260,438,Tanyolaç Tevetoğlu,tanyolac.tevetoglu438@example.com,+905447421230,2022-06-16,2025-05-28,Ankara,Keçiören,Türkiye,359.26,66
1261,216,Sonnur Çağlar Fırat Ergül,sonnur.caglar.firat.ergul216@example.com,+905507236887,2023-08-28,2025-01-22,Diyarbakır,Kayapınar,Türkiye,360.23,61
1262,47,Bayan Dilfeza İhsanoğlu Arsoy,bayan.dilfeza.ihsanoglu.arsoy47@example.com,+905100330923,2025-03-29,2025-04-16,Samsun,İlkadım,Türkiye,292.19,48
1263,196,Yıldız Samahat Ülker Arsoy,yildiz.samahat.ulker.arsoy196@example.com,+905943114262,2021-10-20,2026-06-20,Trabzon,Ortahisar,Türkiye,217.13,42
1264,333,Av. Ulutay Yilmaz Tarhan,av.ulutay.yilmaz.tarhan333@example.com,+905061809190,2022-01-07,2026-02-18,Denizli,Pamukkale,Türkiye,393.09,72
1265,52,Arş. Gör. Firdevis Eraslan Fırat,ars.gor.firdevis.eraslan.firat52@example.com,+905473799650,2023-03-06,2026-02-12,Gaziantep,Şahinbey,Türkiye,391.32,72
1266,92,Behiza Hezniye Arsoy Arslan,behiza.hezniye.arsoy.arslan92@example.com,+905177589178,2024-09-15,2025-07-12,Denizli,Pamukkale,Türkiye,264.41,57
1267,413,Uz. Kavurt Duran,uz.kavurt.duran413@example.com,+905805892583,2025-02-02,2025-05-22,Ankara,Keçiören,Türkiye,141.86,21
1268,120,Belgizar Öcalan,belgizar.ocalan120@example.com,+905746886239,2025-03-04,2025-04-22,Samsun,Atakum,Türkiye,372.32,73
1269,184,Çağlasın Akdurmuş Akça,caglasin.akdurmus.akca184@example.com,+905587717535,2024-03-12,2025-05-15,Kayseri,Kocasinan,Türkiye,246.46,44
1270,441,Gündüzalp Tevetoğlu,gunduzalp.tevetoglu441@example.com,+905994510162,2025-01-16,2026-04-24,Antalya,Muratpaşa,Türkiye,309.17,61
1271,163,Fayize Demirel Bilir,fayize.demirel.bilir163@example.com,+905620672400,2024-04-10,2026-04-22,Ankara,Çankaya,Türkiye,332.51,54
1272,403,Esenbay Dumanlı,esenbay.dumanli403@example.com,+905899405391,2025-11-16,2026-04-26,Trabzon,Ortahisar,Türkiye,205.97,31
1273,344,Kerman Ertaş,kerman.ertas344@example.com,+905827229927,2023-12-09,2025-08-27,Manisa,Şehzadeler,Türkiye,66.23,20
1274,12,Canseven Ergül Akdeniz,canseven.ergul.akdeniz12@example.com,+905701543039,2025-07-04,2026-06-21,İstanbul,Üsküdar,Türkiye,302.05,23
1275,393,Mevlüdiye Çamurcuoğlu,mevludiye.camurcuoglu393@example.com,+905013673037,2021-10-29,2025-02-15,Mersin,Toroslar,Türkiye,358.6,67
1276,318,Kâzime Yılmaz Durdu,kzime.yilmaz.durdu318@example.com,+905866934654,2023-05-30,2025-03-01,Manisa,Şehzadeler,Türkiye,338.0,69
1277,63,Aykutalp Sakarya,aykutalp.sakarya63@example.com,+905618324210,2025-01-07,2026-02-15,Van,İpekyolu,Türkiye,347.54,68
1278,318,Kâzime Yılmaz Durdu,kzime.yilmaz.durdu318@example.com,+905866934654,2023-05-30,2025-03-12,Manisa,Şehzadeler,Türkiye,390.79,69
1279,393,Mevlüdiye Çamurcuoğlu,mevludiye.camurcuoglu393@example.com,+905013673037,2021-10-29,2025-09-29,Mersin,Toroslar,Türkiye,363.25,67
1280,464,Sücaettin Kısakürek,sucaettin.kisakurek464@example.com,+905219719975,2022-11-02,2025-04-08,Erzurum,Yakutiye,Türkiye,294.01,24
1281,322,Tekecan Sakarya,tekecan.sakarya322@example.com,+905805719838,2023-10-08,2025-04-18,Kayseri,Melikgazi,Türkiye,215.16,33
1282,482,Bay Gümüştekin Ayvas Karadeniz,bay.gumustekin.ayvas.karadeniz482@example.com,+905185694544,2025-05-25,2025-09-30,Malatya,Yeşilyurt,Türkiye,180.83,34
1283,196,Yıldız Samahat Ülker Arsoy,yildiz.samahat.ulker.arsoy196@example.com,+905943114262,2021-10-20,2025-02-02,Trabzon,Ortahisar,Türkiye,224.42,42
1284,404,Öğr. Şemsinisa Selime Seven,ogr.semsinisa.selime.seven404@example.com,+905058650948,2025-09-20,2026-03-29,İzmir,Bornova,Türkiye,307.4,64
1285,423,Nalân Güverçin Şama,naln.guvercin.sama423@example.com,+905038457620,2024-01-02,2025-03-30,Erzurum,Yakutiye,Türkiye,332.84,61
1286,136,Rayla Zülbiye Karadeniz,rayla.zulbiye.karadeniz136@example.com,+905814473947,2024-10-29,2026-04-22,Şanlıurfa,Eyyübiye,Türkiye,123.19,25
1287,193,Arıkol Zengin,arikol.zengin193@example.com,+905250392614,2025-01-14,2026-04-05,Mersin,Yenişehir,Türkiye,285.3,54
1288,78,Sezal Zahid Duran,sezal.zahid.duran78@example.com,+905922219693,2023-02-27,2025-07-22,Malatya,Yeşilyurt,Türkiye,292.07,55
1289,336,Muvaffak Kanak Tarhan Korutürk,muvaffak.kanak.tarhan.koruturk336@example.com,+905881435368,2025-02-24,2026-06-15,Manisa,Şehzadeler,Türkiye,129.18,28
1290,430,Öğr. Özdeş İnönü Zengin,ogr.ozdes.inonu.zengin430@example.com,+905677223306,2021-08-30,2025-02-16,Samsun,İlkadım,Türkiye,130.79,18
1291,481,Hatin Nüdret Çorlu Arsoy,hatin.nudret.corlu.arsoy481@example.com,+905674286047,2023-10-22,2025-11-29,Gaziantep,Şehitkamil,Türkiye,330.62,61
1292,46,Sümeyye Hayrioğlu,sumeyye.hayrioglu46@example.com,+905556464170,2021-09-30,2026-01-20,Konya,Meram,Türkiye,288.06,52
1293,327,Bekbay Çetin,bekbay.cetin327@example.com,+905281826886,2025-06-07,2025-08-11,Eskişehir,Odunpazarı,Türkiye,213.02,40
1294,281,İmrihan İde Ülker,imrihan.ide.ulker281@example.com,+905214862890,2024-12-22,2025-01-18,Ankara,Yenimahalle,Türkiye,334.15,30
1295,211,Atilhan Yüksel,atilhan.yuksel211@example.com,+905660937966,2025-12-03,2026-06-01,Adana,Seyhan,Türkiye,344.37,63
1296,77,Uz. Gülev Arslan Bilir,uz.gulev.arslan.bilir77@example.com,+905724005045,2023-11-06,2026-03-31,Bursa,Nilüfer,Türkiye,215.8,45
1297,214,Aygutalp Arslan,aygutalp.arslan214@example.com,+905251341252,2023-01-31,2025-04-03,Kayseri,Melikgazi,Türkiye,218.93,42
1298,42,Arş. Gör. Baba Bilge,ars.gor.baba.bilge42@example.com,+905231665876,2025-08-07,2025-12-29,Gaziantep,Şehitkamil,Türkiye,365.37,31
1299,248,Prof. Gökten Tevetoğlu,prof.gokten.tevetoglu248@example.com,+905212775618,2023-12-10,2025-03-13,Van,İpekyolu,Türkiye,330.68,67
1300,331,Dilşat Ertaş,dilsat.ertas331@example.com,+905361386120,2023-05-17,2025-12-01,İzmir,Konak,Türkiye,324.05,63
1301,450,Sağıt Umman Kısakürek Arslan,sagit.umman.kisakurek.arslan450@example.com,+905395512405,2023-11-05,2025-12-02,Erzurum,Yakutiye,Türkiye,338.18,58
1302,400,Özpetek Tevetoğlu,ozpetek.tevetoglu400@example.com,+905708620959,2024-08-10,2025-01-22,Mersin,Toroslar,Türkiye,392.15,38
1303,157,Hoşkadem Karadeniz,hoskadem.karadeniz157@example.com,+905785854973,2024-07-26,2025-01-17,Eskişehir,Odunpazarı,Türkiye,235.99,35
1304,401,Alkor Manço,alkor.manco401@example.com,+905387829456,2022-05-10,2025-06-14,Erzurum,Yakutiye,Türkiye,194.89,38
1305,147,Yekda Sezer,yekda.sezer147@example.com,+905953278774,2023-02-28,2025-09-25,Adana,Çukurova,Türkiye,75.03,19
1306,425,Ruhsat Oymak Akar Akçay,ruhsat.oymak.akar.akcay425@example.com,+905689363926,2024-03-13,2025-11-01,Antalya,Muratpaşa,Türkiye,305.2,56
1307,166,Bayan Gülsü Sabır Kısakürek,bayan.gulsu.sabir.kisakurek166@example.com,+905227530463,2023-06-12,2026-04-12,Trabzon,Ortahisar,Türkiye,330.92,66
1308,202,Öğr. Seblâ Alemdar Gül,ogr.sebl.alemdar.gul202@example.com,+905459375265,2024-04-25,2025-07-14,Manisa,Şehzadeler,Türkiye,392.01,65
1309,404,Öğr. Şemsinisa Selime Seven,ogr.semsinisa.selime.seven404@example.com,+905058650948,2025-09-20,2026-05-20,İzmir,Bornova,Türkiye,315.48,64
1310,290,Onuker Zengin,onuker.zengin290@example.com,+905584282417,2025-03-25,2025-08-22,Erzurum,Yakutiye,Türkiye,330.82,65
1311,5,Arş. Gör. Sıylıhan Akbaş Durmuş,ars.gor.siylihan.akbas.durmus5@example.com,+905341316475,2025-01-13,2026-02-20,Ankara,Yenimahalle,Türkiye,265.69,41
1312,31,İlklima Şafak,ilklima.safak31@example.com,+905036541458,2023-09-16,2026-05-21,Gaziantep,Şahinbey,Türkiye,376.06,61
1313,255,Ünsever Türk,unsever.turk255@example.com,+905462638380,2023-10-21,2025-04-08,Ankara,Çankaya,Türkiye,526.85,68
1314,278,Arifcan Aslan,arifcan.aslan278@example.com,+905246299606,2024-02-03,2025-12-10,Şanlıurfa,Eyyübiye,Türkiye,309.53,62
1315,71,Aygutalp İhsanoğlu,aygutalp.ihsanoglu71@example.com,+905378263982,2025-07-23,2026-02-06,Şanlıurfa,Eyyübiye,Türkiye,389.98,35
1316,188,Nafii Sezer,nafii.sezer188@example.com,+905509977008,2022-11-09,2025-08-18,Malatya,Yeşilyurt,Türkiye,190.82,44
1317,80,Sittik Nevsal Zorlu,sittik.nevsal.zorlu80@example.com,+905743671369,2023-12-08,2026-04-29,Denizli,Pamukkale,Türkiye,300.99,54
1318,338,Deryanur Hasgül Güçlü Yıldırım,deryanur.hasgul.guclu.yildirim338@example.com,+905975523149,2025-07-23,2025-08-03,Bursa,Nilüfer,Türkiye,368.23,75
1319,457,Tonguç Ülker,tonguc.ulker457@example.com,+905249321495,2022-12-01,2026-02-10,Eskişehir,Tepebaşı,Türkiye,208.53,46
1320,291,Cemiyle Bilge,cemiyle.bilge291@example.com,+905513534655,2024-06-27,2025-06-11,Erzurum,Yakutiye,Türkiye,289.26,55
1321,496,Recepali Arsoy,recepali.arsoy496@example.com,+905204179291,2025-05-09,2026-02-15,Antalya,Muratpaşa,Türkiye,179.84,25
1322,8,Çerçi Sezgin,cerci.sezgin8@example.com,+905423884969,2023-09-17,2025-06-23,Diyarbakır,Kayapınar,Türkiye,218.27,41
1323,41,Tomurcuk İnönü,tomurcuk.inonu41@example.com,+905347143455,2022-12-02,2025-12-12,Mersin,Toroslar,Türkiye,114.86,23
1324,489,Dr. Mahter Havse Hançer,dr.mahter.havse.hancer489@example.com,+905072006425,2023-10-03,2025-11-01,Mersin,Toroslar,Türkiye,265.73,54
1325,453,Hiçsönmez Hançer,hicsonmez.hancer453@example.com,+905357845218,2022-02-26,2025-02-11,Şanlıurfa,Eyyübiye,Türkiye,162.24,26
1326,359,Bedri Duran,bedri.duran359@example.com,+905449562137,2022-01-10,2026-04-27,Erzurum,Yakutiye,Türkiye,140.34,28
1327,52,Arş. Gör. Firdevis Eraslan Fırat,ars.gor.firdevis.eraslan.firat52@example.com,+905473799650,2023-03-06,2025-07-16,Gaziantep,Şahinbey,Türkiye,373.43,72
1328,81,Bay Oruç Çorlu,bay.oruc.corlu81@example.com,+905640909743,2022-07-18,2025-01-16,Kayseri,Melikgazi,Türkiye,407.64,69
1329,56,Soykut Durmuş,soykut.durmus56@example.com,+905518233749,2021-09-08,2026-03-30,Bursa,Nilüfer,Türkiye,270.89,51
1330,12,Canseven Ergül Akdeniz,canseven.ergul.akdeniz12@example.com,+905701543039,2025-07-04,2025-12-08,İstanbul,Üsküdar,Türkiye,278.37,23
1331,353,Dr. Gülşa Şahinder Yıldırım Yorulmaz,dr.gulsa.sahinder.yildirim.yorulmaz353@example.com,+905103886291,2024-12-14,2026-06-13,Trabzon,Ortahisar,Türkiye,315.48,48
1332,159,Çev. Meşhur Asalet Demirel,cev.meshur.asalet.demirel159@example.com,+905524041574,2021-10-04,2025-11-24,Trabzon,Ortahisar,Türkiye,243.57,48
1333,158,Yahşi Soylu,yahsi.soylu158@example.com,+905437575844,2025-04-07,2025-05-24,Gaziantep,Şehitkamil,Türkiye,336.22,54
1334,316,Ümray Mehdiye Sezer Arslan,umray.mehdiye.sezer.arslan316@example.com,+905516091779,2023-02-14,2025-09-15,Diyarbakır,Kayapınar,Türkiye,200.88,26
1335,248,Prof. Gökten Tevetoğlu,prof.gokten.tevetoglu248@example.com,+905212775618,2023-12-10,2025-04-22,Van,İpekyolu,Türkiye,327.5,67
1336,24,Dr. Günkurt Şanlı Öcalan,dr.gunkurt.sanli.ocalan24@example.com,+905183842513,2023-11-17,2026-03-20,Manisa,Şehzadeler,Türkiye,201.2,36
1337,280,Fazul Gül,fazul.gul280@example.com,+905469137367,2021-09-09,2025-05-08,Diyarbakır,Kayapınar,Türkiye,474.85,51
1338,298,Av. Zevlüde Türk Mansız,av.zevlude.turk.mansiz298@example.com,+905753260332,2024-10-06,2025-03-31,Antalya,Kepez,Türkiye,327.62,64
1339,392,Asiman Akçay,asiman.akcay392@example.com,+905051204618,2023-04-25,2026-05-25,Samsun,Atakum,Türkiye,173.8,29
1340,298,Av. Zevlüde Türk Mansız,av.zevlude.turk.mansiz298@example.com,+905753260332,2024-10-06,2025-08-18,Antalya,Kepez,Türkiye,340.41,64
1341,69,Av. Arıkol Mirbadin Sezgin,av.arikol.mirbadin.sezgin69@example.com,+905824771093,2021-12-20,2025-11-27,Konya,Meram,Türkiye,110.08,28
1342,53,Öğr. Zerafet Gülper Demirel,ogr.zerafet.gulper.demirel53@example.com,+905545494808,2024-11-16,2026-05-06,Şanlıurfa,Eyyübiye,Türkiye,130.57,23
1343,207,Gülbeyan Soylu,gulbeyan.soylu207@example.com,+905888993756,2023-05-09,2025-08-27,Mersin,Yenişehir,Türkiye,431.6,67
1344,307,Hazine Soylu Çamurcuoğlu,hazine.soylu.camurcuoglu307@example.com,+905120216979,2022-02-22,2025-10-15,Denizli,Pamukkale,Türkiye,250.13,46
1345,98,Yaşattin Şama,yasattin.sama98@example.com,+905945198327,2024-09-09,2026-04-10,Ankara,Keçiören,Türkiye,351.45,72
1346,397,Aydinç Korutürk,aydinc.koruturk397@example.com,+905528127358,2022-05-02,2025-06-06,Ankara,Çankaya,Türkiye,357.96,66
1347,20,Tınal Aslan,tinal.aslan20@example.com,+905872343098,2025-08-10,2025-10-01,Kayseri,Kocasinan,Türkiye,349.68,65
1348,445,Bay Erdogan Demirel,bay.erdogan.demirel445@example.com,+905299787729,2024-08-23,2025-11-20,Manisa,Şehzadeler,Türkiye,363.55,63
1349,178,Nurmelek Hayrioğlu,nurmelek.hayrioglu178@example.com,+905995342836,2024-04-06,2025-04-01,Van,İpekyolu,Türkiye,175.22,35
1350,363,Çev. Alkor Yaman,cev.alkor.yaman363@example.com,+905053021465,2022-03-12,2025-06-23,Manisa,Şehzadeler,Türkiye,289.25,43
1351,215,Öğr. Uğurtan Erbil Hançer,ogr.ugurtan.erbil.hancer215@example.com,+905627828274,2025-02-28,2025-10-13,Antalya,Kepez,Türkiye,146.89,29
1352,122,Zehranur Şama Akça,zehranur.sama.akca122@example.com,+905750606853,2023-10-14,2025-01-17,İzmir,Konak,Türkiye,142.06,23
1353,162,Binbaşar Bilgin,binbasar.bilgin162@example.com,+905345401938,2021-10-22,2025-02-15,Şanlıurfa,Eyyübiye,Türkiye,559.26,64
1354,342,Aktemür Göken Soylu,aktemur.goken.soylu342@example.com,+905930848872,2023-11-24,2025-12-25,İstanbul,Şişli,Türkiye,234.91,43
1355,137,Göken Arslan,goken.arslan137@example.com,+905271551884,2024-04-07,2025-07-28,İzmir,Bornova,Türkiye,409.15,72
1356,181,Çev. Bidayet Sirap Yıldırım,cev.bidayet.sirap.yildirim181@example.com,+905351751830,2024-06-11,2025-05-10,Gaziantep,Şehitkamil,Türkiye,268.75,42
1357,92,Behiza Hezniye Arsoy Arslan,behiza.hezniye.arsoy.arslan92@example.com,+905177589178,2024-09-15,2025-09-18,Denizli,Pamukkale,Türkiye,322.17,57
1358,167,Çoğay Durdu,cogay.durdu167@example.com,+905990453017,2024-03-24,2026-01-13,Eskişehir,Tepebaşı,Türkiye,179.06,28
1359,217,Doç. Zümre Münezzer Ergül,doc.zumre.munezzer.ergul217@example.com,+905219034043,2022-12-07,2026-01-18,Diyarbakır,Kayapınar,Türkiye,180.39,36
1360,283,Okt. Müsemma Durmuş İnönü,okt.musemma.durmus.inonu283@example.com,+905357972798,2023-12-27,2026-05-09,Bursa,Nilüfer,Türkiye,235.46,40
1361,496,Recepali Arsoy,recepali.arsoy496@example.com,+905204179291,2025-05-09,2025-12-30,Antalya,Muratpaşa,Türkiye,192.33,25
1362,172,Bayan Oluş Şama Ülker,bayan.olus.sama.ulker172@example.com,+905640391065,2022-01-08,2026-02-09,Kayseri,Melikgazi,Türkiye,138.08,22
1363,414,Arş. Gör. Sebattin İvecen Ülker,ars.gor.sebattin.ivecen.ulker414@example.com,+905998136462,2025-03-17,2025-07-20,Trabzon,Ortahisar,Türkiye,201.59,39
1364,404,Öğr. Şemsinisa Selime Seven,ogr.semsinisa.selime.seven404@example.com,+905058650948,2025-09-20,2026-03-20,İzmir,Bornova,Türkiye,339.63,64
1365,382,Mengi Sakarya,mengi.sakarya382@example.com,+905261117800,2021-08-17,2026-04-14,İzmir,Konak,Türkiye,286.44,43
1366,91,Emine. İhsanoğlu,emine.ihsanoglu91@example.com,+905020539502,2024-06-17,2025-11-19,Adana,Seyhan,Türkiye,73.15,21
1367,334,Çolpan Arsoy Çorlu,colpan.arsoy.corlu334@example.com,+905449147660,2023-04-17,2026-02-03,Malatya,Yeşilyurt,Türkiye,216.22,28
1368,55,Dr. Hoşkadem Hadrey Erdoğan Şama,dr.hoskadem.hadrey.erdogan.sama55@example.com,+905788568557,2024-06-06,2025-02-22,Van,İpekyolu,Türkiye,187.24,37
1369,452,Güçyeter Çorlu,gucyeter.corlu452@example.com,+905384215031,2023-06-18,2025-04-04,Diyarbakır,Kayapınar,Türkiye,248.56,50
1370,41,Tomurcuk İnönü,tomurcuk.inonu41@example.com,+905347143455,2022-12-02,2026-01-01,Mersin,Toroslar,Türkiye,91.22,23
1371,340,Tenvir Alemdar,tenvir.alemdar340@example.com,+905645257775,2021-08-09,2025-07-14,Gaziantep,Şahinbey,Türkiye,276.22,37
1372,96,Bahaddin Zoral Durmuş Manço,bahaddin.zoral.durmus.manco96@example.com,+905654527111,2025-06-05,2026-05-05,Bursa,Osmangazi,Türkiye,244.92,45
1373,371,Apaydın Yaman,apaydin.yaman371@example.com,+905728463920,2023-01-01,2026-02-20,Van,İpekyolu,Türkiye,440.1,69
1374,6,Yağızkurt Şensoy,yagizkurt.sensoy6@example.com,+905928327648,2024-09-19,2025-07-04,Mersin,Yenişehir,Türkiye,291.71,61
1375,15,Nevsale Ürper Akar,nevsale.urper.akar15@example.com,+905010310518,2024-08-12,2026-03-16,Gaziantep,Şahinbey,Türkiye,208.48,35
1376,201,Şöhret Sezgin,sohret.sezgin201@example.com,+905712406596,2024-02-07,2025-02-05,Manisa,Şehzadeler,Türkiye,244.26,46
1377,61,Yigit İhsanoğlu,yigit.ihsanoglu61@example.com,+905913341232,2022-11-08,2025-09-02,Manisa,Şehzadeler,Türkiye,120.9,22
1378,468,Seniha Hasgül Duran,seniha.hasgul.duran468@example.com,+905580085140,2024-08-18,2025-06-13,Kayseri,Melikgazi,Türkiye,425.4,45
1379,284,Sevdinar İhsanoğlu Hayrioğlu,sevdinar.ihsanoglu.hayrioglu284@example.com,+905406029333,2022-02-24,2025-10-03,Mersin,Yenişehir,Türkiye,140.82,31
1380,378,Ruhugül Gül Sakarya,ruhugul.gul.sakarya378@example.com,+905061593998,2024-12-20,2025-10-06,Mersin,Toroslar,Türkiye,359.06,67
1381,103,Elvan Şener,elvan.sener103@example.com,+905815614978,2022-03-17,2025-09-15,Mersin,Yenişehir,Türkiye,155.09,37
1382,338,Deryanur Hasgül Güçlü Yıldırım,deryanur.hasgul.guclu.yildirim338@example.com,+905975523149,2025-07-23,2025-12-02,Bursa,Nilüfer,Türkiye,413.08,75
1383,373,Nurser Tevetoğlu,nurser.tevetoglu373@example.com,+905915594284,2024-08-14,2025-09-12,Konya,Meram,Türkiye,215.83,35
1384,296,Bezek Akdeniz Şama,bezek.akdeniz.sama296@example.com,+905830033542,2025-05-16,2025-10-27,İstanbul,Üsküdar,Türkiye,253.35,42
1385,77,Uz. Gülev Arslan Bilir,uz.gulev.arslan.bilir77@example.com,+905724005045,2023-11-06,2026-05-12,Bursa,Nilüfer,Türkiye,226.72,45
1386,452,Güçyeter Çorlu,gucyeter.corlu452@example.com,+905384215031,2023-06-18,2026-06-25,Diyarbakır,Kayapınar,Türkiye,281.0,50
1387,10,Ferahdiba Bilir,ferahdiba.bilir10@example.com,+905801845146,2025-01-23,2025-02-27,Malatya,Yeşilyurt,Türkiye,252.41,47
1388,500,Hüsmen Çetin,husmen.cetin500@example.com,+905946723248,2023-06-04,2025-04-15,İzmir,Karşıyaka,Türkiye,227.39,44
1389,333,Av. Ulutay Yilmaz Tarhan,av.ulutay.yilmaz.tarhan333@example.com,+905061809190,2022-01-07,2026-02-12,Denizli,Pamukkale,Türkiye,391.91,72
1390,8,Çerçi Sezgin,cerci.sezgin8@example.com,+905423884969,2023-09-17,2026-03-03,Diyarbakır,Kayapınar,Türkiye,192.84,41
1391,367,Sevican Asu Yorulmaz,sevican.asu.yorulmaz367@example.com,+905714163356,2023-12-20,2026-05-01,Van,İpekyolu,Türkiye,321.69,51
1392,243,Servinaz Belkize Tarhan,servinaz.belkize.tarhan243@example.com,+905494937597,2021-08-13,2025-03-15,Samsun,İlkadım,Türkiye,349.1,67
1393,170,Arş. Gör. Zöhrehan Şefiye Akçay,ars.gor.zohrehan.sefiye.akcay170@example.com,+905088398225,2023-01-12,2025-10-23,Van,İpekyolu,Türkiye,215.27,46
1394,137,Göken Arslan,goken.arslan137@example.com,+905271551884,2024-04-07,2025-12-11,İzmir,Bornova,Türkiye,385.51,72
1395,349,Günsel Selvi Dumanlı Akça,gunsel.selvi.dumanli.akca349@example.com,+905651777392,2022-04-27,2025-06-04,Bursa,Nilüfer,Türkiye,440.19,71
1396,450,Sağıt Umman Kısakürek Arslan,sagit.umman.kisakurek.arslan450@example.com,+905395512405,2023-11-05,2025-08-03,Erzurum,Yakutiye,Türkiye,348.58,58
1397,116,Kaygusuz Akver Akdeniz Güçlü,kaygusuz.akver.akdeniz.guclu116@example.com,+905486528168,2023-12-02,2025-07-19,Antalya,Muratpaşa,Türkiye,156.81,19
1398,275,Ufukay Kutgün Seven,ufukay.kutgun.seven275@example.com,+905163294511,2023-10-10,2026-02-17,Ankara,Keçiören,Türkiye,315.92,53
1399,469,Çev. Ünsever Özdil Güçlü,cev.unsever.ozdil.guclu469@example.com,+905666683272,2024-11-22,2025-12-04,Trabzon,Ortahisar,Türkiye,317.53,53
1400,54,Piran Nurda Dumanlı,piran.nurda.dumanli54@example.com,+905837770143,2023-09-06,2025-10-30,Denizli,Pamukkale,Türkiye,305.29,62
1401,94,Şevketfeza Yosma Yılmaz,sevketfeza.yosma.yilmaz94@example.com,+905124998569,2022-12-22,2026-04-02,Manisa,Şehzadeler,Türkiye,240.47,36
1402,151,Özakan Mazlum Bilgin Akçay,ozakan.mazlum.bilgin.akcay151@example.com,+905239868000,2025-03-07,2025-09-03,Eskişehir,Tepebaşı,Türkiye,337.08,63
1403,330,Prof. Mehdiye Korutürk Bilge,prof.mehdiye.koruturk.bilge330@example.com,+905704358112,2021-08-12,2025-12-15,Malatya,Yeşilyurt,Türkiye,335.15,52
1404,88,Sevginur Misra İhsanoğlu,sevginur.misra.ihsanoglu88@example.com,+905537735158,2022-05-02,2026-04-13,Mersin,Yenişehir,Türkiye,207.54,40
1405,322,Tekecan Sakarya,tekecan.sakarya322@example.com,+905805719838,2023-10-08,2025-12-17,Kayseri,Melikgazi,Türkiye,221.3,33
1406,10,Ferahdiba Bilir,ferahdiba.bilir10@example.com,+905801845146,2025-01-23,2026-01-10,Malatya,Yeşilyurt,Türkiye,227.85,47
1407,403,Esenbay Dumanlı,esenbay.dumanli403@example.com,+905899405391,2025-11-16,2026-01-19,Trabzon,Ortahisar,Türkiye,229.7,31
1408,319,Tali Âdem Soylu,tali.dem.soylu319@example.com,+905858333945,2022-03-06,2025-06-20,Denizli,Pamukkale,Türkiye,188.18,26
1409,426,Necva Fadıla Yüksel Sakarya,necva.fadila.yuksel.sakarya426@example.com,+905329832482,2023-07-16,2026-01-27,Erzurum,Yakutiye,Türkiye,348.43,67
1410,426,Necva Fadıla Yüksel Sakarya,necva.fadila.yuksel.sakarya426@example.com,+905329832482,2023-07-16,2026-02-11,Erzurum,Yakutiye,Türkiye,358.22,67
1411,278,Arifcan Aslan,arifcan.aslan278@example.com,+905246299606,2024-02-03,2026-01-13,Şanlıurfa,Eyyübiye,Türkiye,287.78,62
1412,129,Jankat Şafak,jankat.safak129@example.com,+905430305486,2022-11-26,2025-02-01,Diyarbakır,Kayapınar,Türkiye,257.21,48
1413,388,Öğr. Deryanur Ergül Akdeniz,ogr.deryanur.ergul.akdeniz388@example.com,+905686632663,2024-06-22,2025-06-10,Samsun,İlkadım,Türkiye,148.61,23
1414,293,Kürşad Bilge,kursad.bilge293@example.com,+905223569725,2021-12-08,2025-03-13,Denizli,Pamukkale,Türkiye,373.89,29
1415,30,Erdibay Korutürk,erdibay.koruturk30@example.com,+905342160733,2023-05-15,2025-12-31,Eskişehir,Tepebaşı,Türkiye,197.81,40
1416,415,Benek Permun Bilge Korutürk,benek.permun.bilge.koruturk415@example.com,+905864168622,2023-04-03,2026-05-22,Van,İpekyolu,Türkiye,287.16,53
1417,67,Erdursun Dalkılıç Akar Duran,erdursun.dalkilic.akar.duran67@example.com,+905567468071,2024-03-08,2025-05-09,Bursa,Nilüfer,Türkiye,180.83,34
1418,350,Av. Işıman Ayvas Tarhan,av.isiman.ayvas.tarhan350@example.com,+905299228092,2025-08-20,2026-05-29,Gaziantep,Şahinbey,Türkiye,128.36,28
1419,271,Savni Seven,savni.seven271@example.com,+905774186256,2023-11-17,2025-10-29,Kayseri,Kocasinan,Türkiye,197.96,29
1420,167,Çoğay Durdu,cogay.durdu167@example.com,+905990453017,2024-03-24,2025-05-13,Eskişehir,Tepebaşı,Türkiye,198.6,28
1421,283,Okt. Müsemma Durmuş İnönü,okt.musemma.durmus.inonu283@example.com,+905357972798,2023-12-27,2025-11-12,Bursa,Nilüfer,Türkiye,199.66,40
1422,187,Dr. Dilşat Durdu Akça,dr.dilsat.durdu.akca187@example.com,+905801006231,2021-12-25,2025-09-09,Adana,Seyhan,Türkiye,112.62,27
1423,322,Tekecan Sakarya,tekecan.sakarya322@example.com,+905805719838,2023-10-08,2026-06-20,Kayseri,Melikgazi,Türkiye,228.6,33
1424,390,Av. Övün Şilan Tarhan,av.ovun.silan.tarhan390@example.com,+905973502080,2024-11-27,2026-03-11,Diyarbakır,Kayapınar,Türkiye,112.93,24
1425,287,Bayan Muarra Sonnur Demirel,bayan.muarra.sonnur.demirel287@example.com,+905899441715,2024-05-25,2025-10-13,Malatya,Yeşilyurt,Türkiye,329.91,58
1426,467,Okt. Havse Selvi Mansız,okt.havse.selvi.mansiz467@example.com,+905946519098,2023-09-07,2025-07-28,Eskişehir,Tepebaşı,Türkiye,391.64,72
1427,138,Melihcan Çetin,melihcan.cetin138@example.com,+905831323705,2022-11-04,2025-12-22,Adana,Çukurova,Türkiye,356.11,54
1428,422,Kopan Bilge,kopan.bilge422@example.com,+905681579812,2024-10-31,2025-12-01,Trabzon,Ortahisar,Türkiye,327.4,50
1429,291,Cemiyle Bilge,cemiyle.bilge291@example.com,+905513534655,2024-06-27,2025-02-01,Erzurum,Yakutiye,Türkiye,318.08,55
1430,232,Binışık Bilgütay Sezgin,binisik.bilgutay.sezgin232@example.com,+905389836403,2023-03-05,2025-10-27,İstanbul,Üsküdar,Türkiye,231.68,42
1431,145,Ercihan Nerim Mansız,ercihan.nerim.mansiz145@example.com,+905925556258,2022-10-19,2025-02-15,Konya,Meram,Türkiye,120.75,24
1432,492,Temirhan Zorlu,temirhan.zorlu492@example.com,+905806346157,2025-06-22,2025-12-21,Konya,Selçuklu,Türkiye,444.71,74
1433,301,Çetinsu Temizkal Demirel Bilge,cetinsu.temizkal.demirel.bilge301@example.com,+905618499261,2023-01-30,2026-01-15,İstanbul,Üsküdar,Türkiye,352.84,64
1434,382,Mengi Sakarya,mengi.sakarya382@example.com,+905261117800,2021-08-17,2025-02-26,İzmir,Konak,Türkiye,303.17,43
1435,397,Aydinç Korutürk,aydinc.koruturk397@example.com,+905528127358,2022-05-02,2026-06-07,Ankara,Çankaya,Türkiye,370.92,66
1436,44,Karaer İnönü,karaer.inonu44@example.com,+905734670656,2021-11-20,2025-10-05,Manisa,Şehzadeler,Türkiye,323.03,28
1437,49,Atilhan Gül,atilhan.gul49@example.com,+905631931491,2022-10-10,2025-01-27,Kayseri,Kocasinan,Türkiye,375.28,68
1438,428,Yrd. Doç. Birgit İnönü,yrd.doc.birgit.inonu428@example.com,+905474231220,2021-09-03,2025-11-04,Denizli,Pamukkale,Türkiye,357.63,57
1439,283,Okt. Müsemma Durmuş İnönü,okt.musemma.durmus.inonu283@example.com,+905357972798,2023-12-27,2025-07-26,Bursa,Nilüfer,Türkiye,228.17,40
1440,246,Dr. Bilgütay Erten Alemdar,dr.bilgutay.erten.alemdar246@example.com,+905571918261,2022-08-18,2025-06-01,Malatya,Yeşilyurt,Türkiye,281.6,54
1441,194,Dr. Vedat Önel Hançer,dr.vedat.onel.hancer194@example.com,+905621850163,2025-07-10,2026-04-15,Trabzon,Ortahisar,Türkiye,218.34,39
1442,367,Sevican Asu Yorulmaz,sevican.asu.yorulmaz367@example.com,+905714163356,2023-12-20,2025-02-03,Van,İpekyolu,Türkiye,311.11,51
1443,4,Akdora Aygutalp Bilir,akdora.aygutalp.bilir4@example.com,+905781618495,2022-09-17,2025-01-11,Ankara,Yenimahalle,Türkiye,326.82,30
1444,296,Bezek Akdeniz Şama,bezek.akdeniz.sama296@example.com,+905830033542,2025-05-16,2026-05-20,İstanbul,Üsküdar,Türkiye,253.51,42
1445,115,Prof. Huban Kerime Aksu,prof.huban.kerime.aksu115@example.com,+905492519254,2022-04-09,2026-01-31,Trabzon,Ortahisar,Türkiye,355.13,62
1446,493,Doç. Beyler Feyruz Şafak,doc.beyler.feyruz.safak493@example.com,+905030937618,2022-05-05,2025-04-03,Konya,Selçuklu,Türkiye,218.76,37
1447,166,Bayan Gülsü Sabır Kısakürek,bayan.gulsu.sabir.kisakurek166@example.com,+905227530463,2023-06-12,2026-03-11,Trabzon,Ortahisar,Türkiye,362.34,66
1448,62,Öğr. Sonnur Sezgin Seven,ogr.sonnur.sezgin.seven62@example.com,+905974034471,2022-02-04,2025-03-30,Denizli,Pamukkale,Türkiye,236.09,32
1449,78,Sezal Zahid Duran,sezal.zahid.duran78@example.com,+905922219693,2023-02-27,2026-03-20,Malatya,Yeşilyurt,Türkiye,293.3,55
1450,259,Mujde Ülker,mujde.ulker259@example.com,+905937842701,2025-08-19,2025-12-14,Samsun,İlkadım,Türkiye,200.58,32
1451,339,Şeref Bilgin,seref.bilgin339@example.com,+905594929955,2023-07-19,2025-06-14,Şanlıurfa,Eyyübiye,Türkiye,128.03,28
1452,254,Çoğay Tarhan,cogay.tarhan254@example.com,+905720999347,2023-08-22,2026-06-26,Mersin,Toroslar,Türkiye,419.4,74
1453,69,Av. Arıkol Mirbadin Sezgin,av.arikol.mirbadin.sezgin69@example.com,+905824771093,2021-12-20,2025-05-29,Konya,Meram,Türkiye,153.89,28
1454,201,Şöhret Sezgin,sohret.sezgin201@example.com,+905712406596,2024-02-07,2025-07-31,Manisa,Şehzadeler,Türkiye,243.65,46
1455,259,Mujde Ülker,mujde.ulker259@example.com,+905937842701,2025-08-19,2026-01-20,Samsun,İlkadım,Türkiye,206.0,32
1456,266,Dr. Selime İnönü Yorulmaz,dr.selime.inonu.yorulmaz266@example.com,+905179327104,2025-11-01,2026-06-24,Erzurum,Yakutiye,Türkiye,209.49,38
1457,217,Doç. Zümre Münezzer Ergül,doc.zumre.munezzer.ergul217@example.com,+905219034043,2022-12-07,2025-10-22,Diyarbakır,Kayapınar,Türkiye,207.3,36
1458,339,Şeref Bilgin,seref.bilgin339@example.com,+905594929955,2023-07-19,2025-03-24,Şanlıurfa,Eyyübiye,Türkiye,134.06,28
1459,283,Okt. Müsemma Durmuş İnönü,okt.musemma.durmus.inonu283@example.com,+905357972798,2023-12-27,2025-07-19,Bursa,Nilüfer,Türkiye,212.98,40
1460,351,Zinnure Neval Yorulmaz Gülen,zinnure.neval.yorulmaz.gulen351@example.com,+905990413797,2023-04-01,2026-03-08,Adana,Çukurova,Türkiye,142.77,28
1461,222,Cemiyle Gülgüzel Arslan,cemiyle.gulguzel.arslan222@example.com,+905325367294,2022-06-06,2025-05-09,Antalya,Muratpaşa,Türkiye,270.08,44
1462,475,Yasan Şehamet Fırat Akdeniz,yasan.sehamet.firat.akdeniz475@example.com,+905778795654,2024-04-29,2025-11-30,Eskişehir,Odunpazarı,Türkiye,122.9,28
1463,457,Tonguç Ülker,tonguc.ulker457@example.com,+905249321495,2022-12-01,2026-02-08,Eskişehir,Tepebaşı,Türkiye,276.98,46
1464,83,Öğr. Baydu Serda Yüksel,ogr.baydu.serda.yuksel83@example.com,+905328588424,2023-04-01,2025-03-01,Denizli,Pamukkale,Türkiye,348.95,69
1465,454,Elifnur Tevetoğlu Demirel,elifnur.tevetoglu.demirel454@example.com,+905681040915,2023-05-01,2025-02-28,Ankara,Keçiören,Türkiye,411.71,74
1466,69,Av. Arıkol Mirbadin Sezgin,av.arikol.mirbadin.sezgin69@example.com,+905824771093,2021-12-20,2025-02-21,Konya,Meram,Türkiye,128.03,28
1467,411,Maksüde Hayrioğlu,maksude.hayrioglu411@example.com,+905157279194,2025-09-27,2026-05-29,Van,İpekyolu,Türkiye,529.46,64
1468,240,Uz. Savni Arıel Aksu,uz.savni.ariel.aksu240@example.com,+905380003075,2023-10-20,2025-06-09,Van,İpekyolu,Türkiye,149.05,27
1469,61,Yigit İhsanoğlu,yigit.ihsanoglu61@example.com,+905913341232,2022-11-08,2025-03-08,Manisa,Şehzadeler,Türkiye,105.29,22
1470,453,Hiçsönmez Hançer,hicsonmez.hancer453@example.com,+905357845218,2022-02-26,2025-09-19,Şanlıurfa,Eyyübiye,Türkiye,124.2,26
1471,269,Dr. Asiman Şener Tevetoğlu,dr.asiman.sener.tevetoglu269@example.com,+905443106987,2025-02-01,2026-03-20,Erzurum,Yakutiye,Türkiye,133.03,21
1472,90,Aru Safet Bilir Zorlu,aru.safet.bilir.zorlu90@example.com,+905393352904,2025-02-19,2025-11-11,İzmir,Karşıyaka,Türkiye,189.83,26
1473,336,Muvaffak Kanak Tarhan Korutürk,muvaffak.kanak.tarhan.koruturk336@example.com,+905881435368,2025-02-24,2026-05-27,Manisa,Şehzadeler,Türkiye,133.2,28
1474,67,Erdursun Dalkılıç Akar Duran,erdursun.dalkilic.akar.duran67@example.com,+905567468071,2024-03-08,2025-11-07,Bursa,Nilüfer,Türkiye,197.85,34
1475,243,Servinaz Belkize Tarhan,servinaz.belkize.tarhan243@example.com,+905494937597,2021-08-13,2025-06-24,Samsun,İlkadım,Türkiye,342.02,67
1476,189,Nili Aksu,nili.aksu189@example.com,+905840862118,2025-02-11,2026-04-14,Malatya,Yeşilyurt,Türkiye,155.74,33
1477,116,Kaygusuz Akver Akdeniz Güçlü,kaygusuz.akver.akdeniz.guclu116@example.com,+905486528168,2023-12-02,2025-05-15,Antalya,Muratpaşa,Türkiye,102.62,19
1478,398,Karataş Seven,karatas.seven398@example.com,+905065240778,2024-04-18,2026-03-09,Diyarbakır,Kayapınar,Türkiye,337.15,52
1479,287,Bayan Muarra Sonnur Demirel,bayan.muarra.sonnur.demirel287@example.com,+905899441715,2024-05-25,2026-05-19,Malatya,Yeşilyurt,Türkiye,299.37,58
1480,111,Dr. Ağakişi Hükümdar Öcalan,dr.agakisi.hukumdar.ocalan111@example.com,+905581477005,2024-05-04,2025-04-19,Van,İpekyolu,Türkiye,154.72,22
1481,178,Nurmelek Hayrioğlu,nurmelek.hayrioglu178@example.com,+905995342836,2024-04-06,2025-07-22,Van,İpekyolu,Türkiye,190.27,35
1482,352,Gülev Demir,gulev.demir352@example.com,+905929842579,2022-08-21,2026-05-11,Denizli,Pamukkale,Türkiye,135.29,22
1483,165,Zeyno Ertaş,zeyno.ertas165@example.com,+905205493296,2023-07-21,2026-01-30,Diyarbakır,Kayapınar,Türkiye,264.11,50
1484,406,Hazrat Melihcan Demir Arslan,hazrat.melihcan.demir.arslan406@example.com,+905195761228,2023-09-12,2025-07-17,Adana,Çukurova,Türkiye,226.64,50
1485,180,Nurmelek Aslan,nurmelek.aslan180@example.com,+905334270866,2022-10-28,2025-03-23,Adana,Çukurova,Türkiye,274.25,51
1486,151,Özakan Mazlum Bilgin Akçay,ozakan.mazlum.bilgin.akcay151@example.com,+905239868000,2025-03-07,2026-02-08,Eskişehir,Tepebaşı,Türkiye,361.46,63
1487,469,Çev. Ünsever Özdil Güçlü,cev.unsever.ozdil.guclu469@example.com,+905666683272,2024-11-22,2025-11-17,Trabzon,Ortahisar,Türkiye,303.35,53
1488,178,Nurmelek Hayrioğlu,nurmelek.hayrioglu178@example.com,+905995342836,2024-04-06,2025-11-28,Van,İpekyolu,Türkiye,169.35,35
1489,365,Prof. Nevsale Uğur Zengin Sakarya,prof.nevsale.ugur.zengin.sakarya365@example.com,+905904268181,2023-02-16,2025-08-08,Diyarbakır,Kayapınar,Türkiye,194.18,36
1490,353,Dr. Gülşa Şahinder Yıldırım Yorulmaz,dr.gulsa.sahinder.yildirim.yorulmaz353@example.com,+905103886291,2024-12-14,2025-10-05,Trabzon,Ortahisar,Türkiye,299.98,48
1491,456,Mükrüme Alemdar Yaman,mukrume.alemdar.yaman456@example.com,+905224109881,2024-10-15,2025-05-22,Bursa,Osmangazi,Türkiye,328.46,52
1492,82,Dr. Sökmen Erdoğan,dr.sokmen.erdogan82@example.com,+905210470952,2025-06-11,2025-09-10,Konya,Meram,Türkiye,202.34,36
1493,215,Öğr. Uğurtan Erbil Hançer,ogr.ugurtan.erbil.hancer215@example.com,+905627828274,2025-02-28,2025-07-10,Antalya,Kepez,Türkiye,138.89,29
1494,481,Hatin Nüdret Çorlu Arsoy,hatin.nudret.corlu.arsoy481@example.com,+905674286047,2023-10-22,2026-01-16,Gaziantep,Şehitkamil,Türkiye,306.19,61
1495,378,Ruhugül Gül Sakarya,ruhugul.gul.sakarya378@example.com,+905061593998,2024-12-20,2026-02-05,Mersin,Toroslar,Türkiye,368.92,67
1496,116,Kaygusuz Akver Akdeniz Güçlü,kaygusuz.akver.akdeniz.guclu116@example.com,+905486528168,2023-12-02,2026-03-15,Antalya,Muratpaşa,Türkiye,138.79,19
1497,344,Kerman Ertaş,kerman.ertas344@example.com,+905827229927,2023-12-09,2025-06-08,Manisa,Şehzadeler,Türkiye,105.07,20
1498,48,Hayrünnisa Ağbegim Yüksel,hayrunnisa.agbegim.yuksel48@example.com,+905745299124,2025-05-05,2026-01-08,Van,İpekyolu,Türkiye,309.68,55
1499,290,Onuker Zengin,onuker.zengin290@example.com,+905584282417,2025-03-25,2025-04-10,Erzurum,Yakutiye,Türkiye,344.46,65
1500,266,Dr. Selime İnönü Yorulmaz,dr.selime.inonu.yorulmaz266@example.com,+905179327104,2025-11-01,2025-11-30,Erzurum,Yakutiye,Türkiye,177.6,38
1501,215,Öğr. Uğurtan Erbil Hançer,ogr.ugurtan.erbil.hancer215@example.com,+905627828274,2025-02-28,2025-07-13,Antalya,Kepez,Türkiye,137.9,29
1502,278,Arifcan Aslan,arifcan.aslan278@example.com,+905246299606,2024-02-03,2025-06-17,Şanlıurfa,Eyyübiye,Türkiye,306.85,62
1503,100,Tülin Soylu,tulin.soylu100@example.com,+905244550229,2022-04-06,2025-03-13,Mersin,Yenişehir,Türkiye,244.7,43
1504,333,Av. Ulutay Yilmaz Tarhan,av.ulutay.yilmaz.tarhan333@example.com,+905061809190,2022-01-07,2026-03-02,Denizli,Pamukkale,Türkiye,390.27,72
1505,2,Uz. Zamir Açıkel Tarhan,uz.zamir.acikel.tarhan2@example.com,+905838637940,2021-09-10,2026-03-11,Gaziantep,Şahinbey,Türkiye,363.8,69
1506,286,Hasgül Akdeniz Öcalan,hasgul.akdeniz.ocalan286@example.com,+905657437489,2023-09-21,2025-06-30,Mersin,Toroslar,Türkiye,279.4,55
1507,136,Rayla Zülbiye Karadeniz,rayla.zulbiye.karadeniz136@example.com,+905814473947,2024-10-29,2025-11-07,Şanlıurfa,Eyyübiye,Türkiye,135.55,25
1508,486,Öğr. Şöhret Yılmaz Akçay,ogr.sohret.yilmaz.akcay486@example.com,+905471746542,2021-07-28,2026-03-18,Adana,Çukurova,Türkiye,88.65,22
1509,308,Ekmel Ertaş,ekmel.ertas308@example.com,+905902771670,2025-08-05,2026-05-22,Trabzon,Ortahisar,Türkiye,213.42,34
1510,198,Akyıldız Akdeniz,akyildiz.akdeniz198@example.com,+905101581995,2023-10-16,2026-01-04,Malatya,Yeşilyurt,Türkiye,55.74,18
1511,350,Av. Işıman Ayvas Tarhan,av.isiman.ayvas.tarhan350@example.com,+905299228092,2025-08-20,2026-06-16,Gaziantep,Şahinbey,Türkiye,137.53,28
1512,56,Soykut Durmuş,soykut.durmus56@example.com,+905518233749,2021-09-08,2025-04-20,Bursa,Nilüfer,Türkiye,286.3,51
1513,325,Aybora Çamurcuoğlu,aybora.camurcuoglu325@example.com,+905606484229,2024-07-08,2025-02-20,Adana,Seyhan,Türkiye,119.86,18
1514,295,Naide Mansız,naide.mansiz295@example.com,+905966667600,2022-12-15,2025-06-16,İzmir,Konak,Türkiye,364.78,30
1515,103,Elvan Şener,elvan.sener103@example.com,+905815614978,2022-03-17,2025-06-21,Mersin,Yenişehir,Türkiye,192.17,37
1516,459,Gülay Günar Şama,gulay.gunar.sama459@example.com,+905453817921,2022-01-12,2025-02-13,Diyarbakır,Kayapınar,Türkiye,250.03,47
1517,165,Zeyno Ertaş,zeyno.ertas165@example.com,+905205493296,2023-07-21,2025-06-14,Diyarbakır,Kayapınar,Türkiye,273.04,50
1518,413,Uz. Kavurt Duran,uz.kavurt.duran413@example.com,+905805892583,2025-02-02,2025-02-05,Ankara,Keçiören,Türkiye,160.99,21
1519,351,Zinnure Neval Yorulmaz Gülen,zinnure.neval.yorulmaz.gulen351@example.com,+905990413797,2023-04-01,2025-03-18,Adana,Çukurova,Türkiye,133.77,28
1520,488,İzgü Manço,izgu.manco488@example.com,+905286391741,2025-10-02,2025-10-27,Şanlıurfa,Eyyübiye,Türkiye,83.34,22
1521,164,Kıvılcım Seven,kivilcim.seven164@example.com,+905788728743,2025-04-26,2025-08-18,Eskişehir,Tepebaşı,Türkiye,218.33,39
1522,184,Çağlasın Akdurmuş Akça,caglasin.akdurmus.akca184@example.com,+905587717535,2024-03-12,2026-05-15,Kayseri,Kocasinan,Türkiye,252.72,44
1523,33,Dr. Aysuna Bilge Demir,dr.aysuna.bilge.demir33@example.com,+905981693406,2025-12-09,2026-02-04,Eskişehir,Tepebaşı,Türkiye,340.55,51
1524,23,Öğr. Kasim Aslan,ogr.kasim.aslan23@example.com,+905353462475,2021-09-25,2025-10-21,Eskişehir,Tepebaşı,Türkiye,100.85,22
1525,454,Elifnur Tevetoğlu Demirel,elifnur.tevetoglu.demirel454@example.com,+905681040915,2023-05-01,2025-06-12,Ankara,Keçiören,Türkiye,381.93,74
1526,136,Rayla Zülbiye Karadeniz,rayla.zulbiye.karadeniz136@example.com,+905814473947,2024-10-29,2026-06-17,Şanlıurfa,Eyyübiye,Türkiye,103.25,25
1527,287,Bayan Muarra Sonnur Demirel,bayan.muarra.sonnur.demirel287@example.com,+905899441715,2024-05-25,2025-08-01,Malatya,Yeşilyurt,Türkiye,296.74,58
1528,179,Muvaffak Hayrioğlu,muvaffak.hayrioglu179@example.com,+905687056856,2023-08-29,2025-02-05,Van,İpekyolu,Türkiye,140.27,27
1529,217,Doç. Zümre Münezzer Ergül,doc.zumre.munezzer.ergul217@example.com,+905219034043,2022-12-07,2025-08-14,Diyarbakır,Kayapınar,Türkiye,185.25,36
1530,453,Hiçsönmez Hançer,hicsonmez.hancer453@example.com,+905357845218,2022-02-26,2025-04-02,Şanlıurfa,Eyyübiye,Türkiye,113.58,26
1531,407,Arş. Gör. Meveddet Türk Bilgin,ars.gor.meveddet.turk.bilgin407@example.com,+905558556659,2024-08-07,2025-11-01,Adana,Çukurova,Türkiye,358.84,54
1532,248,Prof. Gökten Tevetoğlu,prof.gokten.tevetoglu248@example.com,+905212775618,2023-12-10,2026-04-05,Van,İpekyolu,Türkiye,346.03,67
1533,214,Aygutalp Arslan,aygutalp.arslan214@example.com,+905251341252,2023-01-31,2025-10-27,Kayseri,Melikgazi,Türkiye,246.4,42
1534,434,Kâzime İslime Yorulmaz,kzime.islime.yorulmaz434@example.com,+905726490827,2022-04-29,2026-02-26,Kayseri,Kocasinan,Türkiye,230.5,46
1535,8,Çerçi Sezgin,cerci.sezgin8@example.com,+905423884969,2023-09-17,2026-05-18,Diyarbakır,Kayapınar,Türkiye,184.24,41
1536,54,Piran Nurda Dumanlı,piran.nurda.dumanli54@example.com,+905837770143,2023-09-06,2025-04-04,Denizli,Pamukkale,Türkiye,315.84,62
1537,445,Bay Erdogan Demirel,bay.erdogan.demirel445@example.com,+905299787729,2024-08-23,2026-06-05,Manisa,Şehzadeler,Türkiye,305.07,63
1538,61,Yigit İhsanoğlu,yigit.ihsanoglu61@example.com,+905913341232,2022-11-08,2025-09-27,Manisa,Şehzadeler,Türkiye,111.6,22
1539,199,Av. Tangül Deha Şafak,av.tangul.deha.safak199@example.com,+905839826224,2024-04-05,2026-01-26,Trabzon,Ortahisar,Türkiye,209.47,35
1540,304,Filit Idık Arsoy,filit.idik.arsoy304@example.com,+905114374470,2025-05-22,2025-08-01,İzmir,Karşıyaka,Türkiye,413.43,70
1541,96,Bahaddin Zoral Durmuş Manço,bahaddin.zoral.durmus.manco96@example.com,+905654527111,2025-06-05,2026-01-03,Bursa,Osmangazi,Türkiye,238.87,45
1542,67,Erdursun Dalkılıç Akar Duran,erdursun.dalkilic.akar.duran67@example.com,+905567468071,2024-03-08,2025-07-09,Bursa,Nilüfer,Türkiye,193.8,34
1543,375,Dr. Dilşat Âlemşah Gül,dr.dilsat.lemsah.gul375@example.com,+905143866322,2023-04-19,2026-06-15,Antalya,Muratpaşa,Türkiye,349.75,69
1544,6,Yağızkurt Şensoy,yagizkurt.sensoy6@example.com,+905928327648,2024-09-19,2026-01-20,Mersin,Yenişehir,Türkiye,307.46,61
1545,8,Çerçi Sezgin,cerci.sezgin8@example.com,+905423884969,2023-09-17,2025-03-25,Diyarbakır,Kayapınar,Türkiye,217.66,41
1546,90,Aru Safet Bilir Zorlu,aru.safet.bilir.zorlu90@example.com,+905393352904,2025-02-19,2025-09-17,İzmir,Karşıyaka,Türkiye,204.46,26
1547,69,Av. Arıkol Mirbadin Sezgin,av.arikol.mirbadin.sezgin69@example.com,+905824771093,2021-12-20,2025-12-31,Konya,Meram,Türkiye,120.5,28
1548,442,Arş. Gör. Fatinur Yorulmaz Dumanlı,ars.gor.fatinur.yorulmaz.dumanli442@example.com,+905795014556,2025-07-27,2025-12-24,Manisa,Şehzadeler,Türkiye,411.53,66
1549,266,Dr. Selime İnönü Yorulmaz,dr.selime.inonu.yorulmaz266@example.com,+905179327104,2025-11-01,2026-04-27,Erzurum,Yakutiye,Türkiye,179.66,38
1550,236,İncifir Sanavber Hançer,incifir.sanavber.hancer236@example.com,+905856914630,2024-07-30,2025-08-29,Konya,Selçuklu,Türkiye,200.8,23
1551,94,Şevketfeza Yosma Yılmaz,sevketfeza.yosma.yilmaz94@example.com,+905124998569,2022-12-22,2025-10-12,Manisa,Şehzadeler,Türkiye,251.41,36
1552,250,Rahiye Kumral Zorlu,rahiye.kumral.zorlu250@example.com,+905804420678,2021-10-02,2026-01-04,Samsun,Atakum,Türkiye,261.49,53
1553,55,Dr. Hoşkadem Hadrey Erdoğan Şama,dr.hoskadem.hadrey.erdogan.sama55@example.com,+905788568557,2024-06-06,2025-09-30,Van,İpekyolu,Türkiye,183.56,37
1554,120,Belgizar Öcalan,belgizar.ocalan120@example.com,+905746886239,2025-03-04,2025-08-23,Samsun,Atakum,Türkiye,385.23,73
1555,378,Ruhugül Gül Sakarya,ruhugul.gul.sakarya378@example.com,+905061593998,2024-12-20,2026-02-26,Mersin,Toroslar,Türkiye,363.04,67
1556,222,Cemiyle Gülgüzel Arslan,cemiyle.gulguzel.arslan222@example.com,+905325367294,2022-06-06,2026-05-27,Antalya,Muratpaşa,Türkiye,301.76,44
1557,386,Nefaret Cuheyna Durdu,nefaret.cuheyna.durdu386@example.com,+905456424008,2021-09-12,2025-05-29,İzmir,Bornova,Türkiye,373.07,72
1558,171,Öğr. Durmuşali Esentürk Şafak,ogr.durmusali.esenturk.safak171@example.com,+905187072867,2022-10-15,2025-12-15,Konya,Meram,Türkiye,200.21,21
1559,129,Jankat Şafak,jankat.safak129@example.com,+905430305486,2022-11-26,2025-08-21,Diyarbakır,Kayapınar,Türkiye,257.08,48
1560,165,Zeyno Ertaş,zeyno.ertas165@example.com,+905205493296,2023-07-21,2025-10-13,Diyarbakır,Kayapınar,Türkiye,291.9,50
1561,81,Bay Oruç Çorlu,bay.oruc.corlu81@example.com,+905640909743,2022-07-18,2026-04-01,Kayseri,Melikgazi,Türkiye,406.14,69
1562,312,Okt. İmrihan Melikkan Şener Şafak,okt.imrihan.melikkan.sener.safak312@example.com,+905170166088,2025-12-12,2026-03-01,Diyarbakır,Kayapınar,Türkiye,371.17,70
1563,241,Kösemen Dumanlı,kosemen.dumanli241@example.com,+905635365419,2023-11-10,2025-01-19,Ankara,Yenimahalle,Türkiye,158.41,25
1564,123,Barışcan Akgündüz,bariscan.akgunduz123@example.com,+905152204727,2023-06-08,2025-05-06,İstanbul,Üsküdar,Türkiye,286.23,57
1565,307,Hazine Soylu Çamurcuoğlu,hazine.soylu.camurcuoglu307@example.com,+905120216979,2022-02-22,2025-05-06,Denizli,Pamukkale,Türkiye,220.76,46
1566,191,Seyithan Akatay İhsanoğlu Hançer,seyithan.akatay.ihsanoglu.hancer191@example.com,+905016668700,2022-01-03,2025-07-20,İzmir,Karşıyaka,Türkiye,114.42,28
1567,333,Av. Ulutay Yilmaz Tarhan,av.ulutay.yilmaz.tarhan333@example.com,+905061809190,2022-01-07,2026-04-25,Denizli,Pamukkale,Türkiye,370.11,72
1568,410,Çıvgın Yaman,civgin.yaman410@example.com,+905522459334,2024-04-06,2025-10-23,Ankara,Keçiören,Türkiye,170.13,23
1569,83,Öğr. Baydu Serda Yüksel,ogr.baydu.serda.yuksel83@example.com,+905328588424,2023-04-01,2026-05-02,Denizli,Pamukkale,Türkiye,371.68,69
1570,112,Yrd. Doç. Fehmiye Havali Bilge,yrd.doc.fehmiye.havali.bilge112@example.com,+905986798079,2022-04-18,2025-12-17,İzmir,Karşıyaka,Türkiye,135.9,30
1571,136,Rayla Zülbiye Karadeniz,rayla.zulbiye.karadeniz136@example.com,+905814473947,2024-10-29,2026-02-13,Şanlıurfa,Eyyübiye,Türkiye,159.17,25
1572,164,Kıvılcım Seven,kivilcim.seven164@example.com,+905788728743,2025-04-26,2026-03-09,Eskişehir,Tepebaşı,Türkiye,185.39,39
1573,461,Galip Akdeniz,galip.akdeniz461@example.com,+905701715772,2024-05-13,2025-07-11,Eskişehir,Tepebaşı,Türkiye,339.41,67
1574,41,Tomurcuk İnönü,tomurcuk.inonu41@example.com,+905347143455,2022-12-02,2025-09-29,Mersin,Toroslar,Türkiye,115.48,23
1575,283,Okt. Müsemma Durmuş İnönü,okt.musemma.durmus.inonu283@example.com,+905357972798,2023-12-27,2025-09-13,Bursa,Nilüfer,Türkiye,180.74,40
1576,13,Şehreban Kardelen Sezgin Türk,sehreban.kardelen.sezgin.turk13@example.com,+905227824896,2024-10-05,2025-10-17,İzmir,Karşıyaka,Türkiye,488.16,52
1577,203,Musaffa Akdeniz,musaffa.akdeniz203@example.com,+905564651939,2022-11-21,2025-08-30,Şanlıurfa,Eyyübiye,Türkiye,176.53,29
1578,442,Arş. Gör. Fatinur Yorulmaz Dumanlı,ars.gor.fatinur.yorulmaz.dumanli442@example.com,+905795014556,2025-07-27,2026-06-11,Manisa,Şehzadeler,Türkiye,410.97,66
1579,314,Gülmisal Nurveren Akdeniz,gulmisal.nurveren.akdeniz314@example.com,+905571130554,2022-11-17,2025-08-18,Manisa,Şehzadeler,Türkiye,337.89,51
1580,459,Gülay Günar Şama,gulay.gunar.sama459@example.com,+905453817921,2022-01-12,2026-05-08,Diyarbakır,Kayapınar,Türkiye,244.91,47
1581,131,Minibe Ülker,minibe.ulker131@example.com,+905584161692,2022-11-21,2025-03-25,Şanlıurfa,Eyyübiye,Türkiye,193.17,36
1582,276,Öğr. Heva Ertaş Durmuş,ogr.heva.ertas.durmus276@example.com,+905870998616,2025-02-09,2025-12-20,Eskişehir,Tepebaşı,Türkiye,183.1,27
1583,320,Hanbiken Şemsinisa Sezgin,hanbiken.semsinisa.sezgin320@example.com,+905158799684,2023-07-31,2026-02-27,Adana,Çukurova,Türkiye,361.25,69
1584,415,Benek Permun Bilge Korutürk,benek.permun.bilge.koruturk415@example.com,+905864168622,2023-04-03,2025-08-20,Van,İpekyolu,Türkiye,278.1,53
1585,354,Heva Yaman,heva.yaman354@example.com,+905881172980,2021-08-09,2025-04-25,Manisa,Şehzadeler,Türkiye,377.09,61
1586,416,Merzuk Adlan Ertaş,merzuk.adlan.ertas416@example.com,+905898331465,2022-02-09,2025-04-27,Trabzon,Ortahisar,Türkiye,283.12,54
1587,356,Songurkan Bilir,songurkan.bilir356@example.com,+905624731498,2023-08-29,2025-10-25,Van,İpekyolu,Türkiye,179.57,34
1588,95,Cuheyna Enfes Eraslan,cuheyna.enfes.eraslan95@example.com,+905118367365,2023-05-29,2025-02-23,Manisa,Şehzadeler,Türkiye,254.55,43
1589,416,Merzuk Adlan Ertaş,merzuk.adlan.ertas416@example.com,+905898331465,2022-02-09,2025-07-22,Trabzon,Ortahisar,Türkiye,287.77,54
1590,468,Seniha Hasgül Duran,seniha.hasgul.duran468@example.com,+905580085140,2024-08-18,2025-07-11,Kayseri,Melikgazi,Türkiye,416.46,45
1591,95,Cuheyna Enfes Eraslan,cuheyna.enfes.eraslan95@example.com,+905118367365,2023-05-29,2025-07-21,Manisa,Şehzadeler,Türkiye,273.35,43
1592,20,Tınal Aslan,tinal.aslan20@example.com,+905872343098,2025-08-10,2025-11-14,Kayseri,Kocasinan,Türkiye,353.0,65
1593,449,Bağdat Şama,bagdat.sama449@example.com,+905278576084,2022-10-12,2025-11-05,Antalya,Kepez,Türkiye,394.29,64
1594,275,Ufukay Kutgün Seven,ufukay.kutgun.seven275@example.com,+905163294511,2023-10-10,2026-03-31,Ankara,Keçiören,Türkiye,324.47,53
1595,302,Mishat Buyrukhan Sezer Hançer,mishat.buyrukhan.sezer.hancer302@example.com,+905173934835,2022-01-02,2026-02-09,Kayseri,Melikgazi,Türkiye,242.88,44
1596,277,Kayrabay Akar,kayrabay.akar277@example.com,+905191485646,2022-04-11,2025-09-11,Van,İpekyolu,Türkiye,319.08,49
1597,405,Günebakan İnönü,gunebakan.inonu405@example.com,+905381138633,2022-12-31,2025-05-12,Kayseri,Melikgazi,Türkiye,293.91,60
1598,466,Doç. Metinkaya Türk,doc.metinkaya.turk466@example.com,+905227846997,2024-11-07,2026-04-17,Van,İpekyolu,Türkiye,209.38,31
1599,356,Songurkan Bilir,songurkan.bilir356@example.com,+905624731498,2023-08-29,2026-02-07,Van,İpekyolu,Türkiye,213.97,34
1600,350,Av. Işıman Ayvas Tarhan,av.isiman.ayvas.tarhan350@example.com,+905299228092,2025-08-20,2026-02-24,Gaziantep,Şahinbey,Türkiye,148.15,28
1601,325,Aybora Çamurcuoğlu,aybora.camurcuoglu325@example.com,+905606484229,2024-07-08,2025-07-02,Adana,Seyhan,Türkiye,91.2,18
1602,185,Öğr. Şahat Adıgün Mansız,ogr.sahat.adigun.mansiz185@example.com,+905048996423,2024-02-06,2025-01-19,Gaziantep,Şahinbey,Türkiye,188.6,32
1603,166,Bayan Gülsü Sabır Kısakürek,bayan.gulsu.sabir.kisakurek166@example.com,+905227530463,2023-06-12,2025-11-26,Trabzon,Ortahisar,Türkiye,355.03,66
1604,209,Narhanim Aslan,narhanim.aslan209@example.com,+905571775140,2021-12-18,2025-09-18,Konya,Meram,Türkiye,130.81,25
1605,193,Arıkol Zengin,arikol.zengin193@example.com,+905250392614,2025-01-14,2025-08-26,Mersin,Yenişehir,Türkiye,265.39,54
1606,148,Taçnur Gülen Yüksel,tacnur.gulen.yuksel148@example.com,+905339500479,2022-04-13,2025-02-19,Trabzon,Ortahisar,Türkiye,367.4,61
1607,432,Fatinur Dumanlı,fatinur.dumanli432@example.com,+905656999880,2023-01-11,2025-08-25,Ankara,Yenimahalle,Türkiye,146.47,24
1608,343,Aytek Elöve Akgündüz Duran,aytek.elove.akgunduz.duran343@example.com,+905278816580,2022-03-26,2025-06-07,Van,İpekyolu,Türkiye,344.36,33
1609,325,Aybora Çamurcuoğlu,aybora.camurcuoglu325@example.com,+905606484229,2024-07-08,2025-08-27,Adana,Seyhan,Türkiye,78.81,18
1610,90,Aru Safet Bilir Zorlu,aru.safet.bilir.zorlu90@example.com,+905393352904,2025-02-19,2025-07-14,İzmir,Karşıyaka,Türkiye,210.61,26
1611,103,Elvan Şener,elvan.sener103@example.com,+905815614978,2022-03-17,2026-05-10,Mersin,Yenişehir,Türkiye,203.51,37
1612,305,Uz. Hezniye Yurtseven Seven,uz.hezniye.yurtseven.seven305@example.com,+905556110022,2024-02-08,2025-12-21,Ankara,Keçiören,Türkiye,404.95,40
1613,457,Tonguç Ülker,tonguc.ulker457@example.com,+905249321495,2022-12-01,2026-06-06,Eskişehir,Tepebaşı,Türkiye,292.77,46
1614,246,Dr. Bilgütay Erten Alemdar,dr.bilgutay.erten.alemdar246@example.com,+905571918261,2022-08-18,2025-05-26,Malatya,Yeşilyurt,Türkiye,263.86,54
1615,175,Koldan Zengin,koldan.zengin175@example.com,+905478686337,2024-01-04,2025-10-01,İstanbul,Kadıköy,Türkiye,151.05,27
1616,36,Arş. Gör. Hüda Çağlar Bilge Akça,ars.gor.huda.caglar.bilge.akca36@example.com,+905369957773,2023-01-31,2026-01-14,Kayseri,Kocasinan,Türkiye,450.16,48
1617,322,Tekecan Sakarya,tekecan.sakarya322@example.com,+905805719838,2023-10-08,2025-02-14,Kayseri,Melikgazi,Türkiye,193.54,33
1618,83,Öğr. Baydu Serda Yüksel,ogr.baydu.serda.yuksel83@example.com,+905328588424,2023-04-01,2026-05-27,Denizli,Pamukkale,Türkiye,362.41,69
1619,284,Sevdinar İhsanoğlu Hayrioğlu,sevdinar.ihsanoglu.hayrioglu284@example.com,+905406029333,2022-02-24,2025-07-24,Mersin,Yenişehir,Türkiye,169.19,31
1620,199,Av. Tangül Deha Şafak,av.tangul.deha.safak199@example.com,+905839826224,2024-04-05,2026-02-13,Trabzon,Ortahisar,Türkiye,244.9,35
1621,240,Uz. Savni Arıel Aksu,uz.savni.ariel.aksu240@example.com,+905380003075,2023-10-20,2025-05-30,Van,İpekyolu,Türkiye,118.33,27
1622,196,Yıldız Samahat Ülker Arsoy,yildiz.samahat.ulker.arsoy196@example.com,+905943114262,2021-10-20,2025-08-22,Trabzon,Ortahisar,Türkiye,211.12,42
1623,493,Doç. Beyler Feyruz Şafak,doc.beyler.feyruz.safak493@example.com,+905030937618,2022-05-05,2026-02-22,Konya,Selçuklu,Türkiye,235.95,37
1624,467,Okt. Havse Selvi Mansız,okt.havse.selvi.mansiz467@example.com,+905946519098,2023-09-07,2025-09-09,Eskişehir,Tepebaşı,Türkiye,398.75,72
1625,185,Öğr. Şahat Adıgün Mansız,ogr.sahat.adigun.mansiz185@example.com,+905048996423,2024-02-06,2026-05-20,Gaziantep,Şahinbey,Türkiye,209.53,32
1626,329,Çev. İlmafer Akça,cev.ilmafer.akca329@example.com,+905056164840,2023-01-19,2025-03-04,Gaziantep,Şahinbey,Türkiye,574.16,70
1627,457,Tonguç Ülker,tonguc.ulker457@example.com,+905249321495,2022-12-01,2025-12-07,Eskişehir,Tepebaşı,Türkiye,251.04,46
1628,451,Şefiye Bilge,sefiye.bilge451@example.com,+905291450461,2023-03-01,2026-05-10,Adana,Çukurova,Türkiye,357.23,74
1629,159,Çev. Meşhur Asalet Demirel,cev.meshur.asalet.demirel159@example.com,+905524041574,2021-10-04,2026-01-30,Trabzon,Ortahisar,Türkiye,233.98,48
1630,486,Öğr. Şöhret Yılmaz Akçay,ogr.sohret.yilmaz.akcay486@example.com,+905471746542,2021-07-28,2025-07-29,Adana,Çukurova,Türkiye,118.76,22
1631,138,Melihcan Çetin,melihcan.cetin138@example.com,+905831323705,2022-11-04,2025-01-27,Adana,Çukurova,Türkiye,360.27,54
1632,341,Doç. Menişan Rehime Demir Yaman,doc.menisan.rehime.demir.yaman341@example.com,+905914283411,2025-11-04,2025-12-10,Bursa,Nilüfer,Türkiye,449.33,72
1633,155,Av. Zülbiye Semat Akçay,av.zulbiye.semat.akcay155@example.com,+905230913075,2023-08-08,2025-06-01,Manisa,Şehzadeler,Türkiye,181.87,27
1634,154,Selmin Mansız,selmin.mansiz154@example.com,+905097499309,2023-04-04,2025-04-01,Denizli,Pamukkale,Türkiye,153.28,28
1635,166,Bayan Gülsü Sabır Kısakürek,bayan.gulsu.sabir.kisakurek166@example.com,+905227530463,2023-06-12,2025-06-03,Trabzon,Ortahisar,Türkiye,324.69,66
1636,198,Akyıldız Akdeniz,akyildiz.akdeniz198@example.com,+905101581995,2023-10-16,2025-06-17,Malatya,Yeşilyurt,Türkiye,48.24,18
1637,92,Behiza Hezniye Arsoy Arslan,behiza.hezniye.arsoy.arslan92@example.com,+905177589178,2024-09-15,2025-10-13,Denizli,Pamukkale,Türkiye,295.15,57
1638,450,Sağıt Umman Kısakürek Arslan,sagit.umman.kisakurek.arslan450@example.com,+905395512405,2023-11-05,2025-10-15,Erzurum,Yakutiye,Türkiye,362.22,58
1639,328,Yurtseven Tule Çamurcuoğlu Aslan,yurtseven.tule.camurcuoglu.aslan328@example.com,+905554398780,2025-04-22,2026-04-28,Konya,Meram,Türkiye,317.93,60
1640,275,Ufukay Kutgün Seven,ufukay.kutgun.seven275@example.com,+905163294511,2023-10-10,2025-05-09,Ankara,Keçiören,Türkiye,311.67,53
1641,193,Arıkol Zengin,arikol.zengin193@example.com,+905250392614,2025-01-14,2025-06-01,Mersin,Yenişehir,Türkiye,267.64,54
1642,259,Mujde Ülker,mujde.ulker259@example.com,+905937842701,2025-08-19,2025-10-05,Samsun,İlkadım,Türkiye,197.54,32
1643,241,Kösemen Dumanlı,kosemen.dumanli241@example.com,+905635365419,2023-11-10,2025-07-27,Ankara,Yenimahalle,Türkiye,166.36,25
1644,359,Bedri Duran,bedri.duran359@example.com,+905449562137,2022-01-10,2025-10-11,Erzurum,Yakutiye,Türkiye,140.87,28
1645,337,İlklima Kısakürek,ilklima.kisakurek337@example.com,+905312908781,2024-04-26,2025-11-15,Manisa,Şehzadeler,Türkiye,319.27,60
1646,52,Arş. Gör. Firdevis Eraslan Fırat,ars.gor.firdevis.eraslan.firat52@example.com,+905473799650,2023-03-06,2026-05-09,Gaziantep,Şahinbey,Türkiye,382.81,72
1647,416,Merzuk Adlan Ertaş,merzuk.adlan.ertas416@example.com,+905898331465,2022-02-09,2026-01-28,Trabzon,Ortahisar,Türkiye,284.28,54
1648,344,Kerman Ertaş,kerman.ertas344@example.com,+905827229927,2023-12-09,2025-11-12,Manisa,Şehzadeler,Türkiye,97.44,20
1649,392,Asiman Akçay,asiman.akcay392@example.com,+905051204618,2023-04-25,2025-04-19,Samsun,Atakum,Türkiye,170.09,29
1650,358,Eyyüp Akdeniz,eyyup.akdeniz358@example.com,+905959463688,2023-03-30,2025-09-03,Mersin,Toroslar,Türkiye,190.19,29
1651,396,Belgizar Manço Korutürk,belgizar.manco.koruturk396@example.com,+905979251327,2025-06-08,2026-06-06,İstanbul,Kadıköy,Türkiye,334.04,61
1652,292,Dr. Yekbun Sevgen Yılmaz Gül,dr.yekbun.sevgen.yilmaz.gul292@example.com,+905099917381,2022-02-17,2025-06-21,Bursa,Osmangazi,Türkiye,276.18,42
1653,142,Büşranur Alemdar,busranur.alemdar142@example.com,+905249818299,2025-01-31,2025-06-03,Konya,Meram,Türkiye,150.03,28
1654,392,Asiman Akçay,asiman.akcay392@example.com,+905051204618,2023-04-25,2025-01-08,Samsun,Atakum,Türkiye,148.74,29
1655,48,Hayrünnisa Ağbegim Yüksel,hayrunnisa.agbegim.yuksel48@example.com,+905745299124,2025-05-05,2025-06-22,Van,İpekyolu,Türkiye,308.63,55
1656,21,Tanbay Şener,tanbay.sener21@example.com,+905788208121,2022-08-12,2025-02-18,Ankara,Yenimahalle,Türkiye,121.07,22
1657,60,Çev. Tüzeer Nurullah Bilir,cev.tuzeer.nurullah.bilir60@example.com,+905999386774,2022-08-25,2025-11-13,Bursa,Osmangazi,Türkiye,250.71,45
1658,138,Melihcan Çetin,melihcan.cetin138@example.com,+905831323705,2022-11-04,2025-05-16,Adana,Çukurova,Türkiye,317.0,54
1659,462,Ortak Ömür Duran Karadeniz,ortak.omur.duran.karadeniz462@example.com,+905816158148,2023-05-13,2026-04-02,Van,İpekyolu,Türkiye,260.12,43
1660,269,Dr. Asiman Şener Tevetoğlu,dr.asiman.sener.tevetoglu269@example.com,+905443106987,2025-02-01,2025-07-10,Erzurum,Yakutiye,Türkiye,151.56,21
1661,293,Kürşad Bilge,kursad.bilge293@example.com,+905223569725,2021-12-08,2025-09-24,Denizli,Pamukkale,Türkiye,342.55,29
1662,497,Remazan Duran,remazan.duran497@example.com,+905136565198,2025-03-06,2026-02-28,Manisa,Şehzadeler,Türkiye,360.17,38
1663,398,Karataş Seven,karatas.seven398@example.com,+905065240778,2024-04-18,2025-08-22,Diyarbakır,Kayapınar,Türkiye,312.5,52
1664,188,Nafii Sezer,nafii.sezer188@example.com,+905509977008,2022-11-09,2026-05-26,Malatya,Yeşilyurt,Türkiye,239.95,44
1665,164,Kıvılcım Seven,kivilcim.seven164@example.com,+905788728743,2025-04-26,2025-12-21,Eskişehir,Tepebaşı,Türkiye,208.28,39
1666,154,Selmin Mansız,selmin.mansiz154@example.com,+905097499309,2023-04-04,2025-01-23,Denizli,Pamukkale,Türkiye,185.04,28
1667,136,Rayla Zülbiye Karadeniz,rayla.zulbiye.karadeniz136@example.com,+905814473947,2024-10-29,2025-12-18,Şanlıurfa,Eyyübiye,Türkiye,164.29,25
1668,114,Bayan Gül Müsemma Çetin,bayan.gul.musemma.cetin114@example.com,+905554665905,2025-07-31,2025-10-04,Malatya,Yeşilyurt,Türkiye,203.92,39
1669,180,Nurmelek Aslan,nurmelek.aslan180@example.com,+905334270866,2022-10-28,2026-06-29,Adana,Çukurova,Türkiye,277.1,51
1670,122,Zehranur Şama Akça,zehranur.sama.akca122@example.com,+905750606853,2023-10-14,2026-02-01,İzmir,Konak,Türkiye,143.34,23
1671,185,Öğr. Şahat Adıgün Mansız,ogr.sahat.adigun.mansiz185@example.com,+905048996423,2024-02-06,2025-12-08,Gaziantep,Şahinbey,Türkiye,187.05,32
1672,216,Sonnur Çağlar Fırat Ergül,sonnur.caglar.firat.ergul216@example.com,+905507236887,2023-08-28,2025-03-26,Diyarbakır,Kayapınar,Türkiye,365.12,61
1673,447,Nurbanu Limon Kısakürek Seven,nurbanu.limon.kisakurek.seven447@example.com,+905344144885,2021-08-25,2026-04-10,Konya,Selçuklu,Türkiye,73.57,18
1674,461,Galip Akdeniz,galip.akdeniz461@example.com,+905701715772,2024-05-13,2025-06-14,Eskişehir,Tepebaşı,Türkiye,344.45,67
1675,55,Dr. Hoşkadem Hadrey Erdoğan Şama,dr.hoskadem.hadrey.erdogan.sama55@example.com,+905788568557,2024-06-06,2026-06-05,Van,İpekyolu,Türkiye,178.5,37
1676,21,Tanbay Şener,tanbay.sener21@example.com,+905788208121,2022-08-12,2025-03-26,Ankara,Yenimahalle,Türkiye,155.68,22
1677,394,Necva Yılmaz,necva.yilmaz394@example.com,+905645208814,2023-04-02,2025-02-07,Konya,Meram,Türkiye,304.29,58
1678,45,Arş. Gör. Özakan İhsanoğlu,ars.gor.ozakan.ihsanoglu45@example.com,+905699016272,2025-09-01,2025-10-14,Antalya,Muratpaşa,Türkiye,181.24,34
1679,271,Savni Seven,savni.seven271@example.com,+905774186256,2023-11-17,2026-02-15,Kayseri,Kocasinan,Türkiye,191.6,29
1680,488,İzgü Manço,izgu.manco488@example.com,+905286391741,2025-10-02,2025-11-04,Şanlıurfa,Eyyübiye,Türkiye,130.52,22
1681,210,Çisem Yılmaz,cisem.yilmaz210@example.com,+905238282586,2023-05-11,2025-11-11,Eskişehir,Odunpazarı,Türkiye,358.83,32
1682,41,Tomurcuk İnönü,tomurcuk.inonu41@example.com,+905347143455,2022-12-02,2025-04-18,Mersin,Toroslar,Türkiye,104.7,23
1683,488,İzgü Manço,izgu.manco488@example.com,+905286391741,2025-10-02,2026-02-17,Şanlıurfa,Eyyübiye,Türkiye,95.38,22
1684,144,Bilender Yıldırım,bilender.yildirim144@example.com,+905473647102,2023-06-26,2026-02-17,Şanlıurfa,Eyyübiye,Türkiye,257.49,44
1685,188,Nafii Sezer,nafii.sezer188@example.com,+905509977008,2022-11-09,2026-05-09,Malatya,Yeşilyurt,Türkiye,263.08,44
1686,180,Nurmelek Aslan,nurmelek.aslan180@example.com,+905334270866,2022-10-28,2025-05-13,Adana,Çukurova,Türkiye,264.35,51
1687,394,Necva Yılmaz,necva.yilmaz394@example.com,+905645208814,2023-04-02,2025-11-18,Konya,Meram,Türkiye,324.49,58
1688,3,Suat Şafak,suat.safak3@example.com,+905423511615,2024-01-08,2025-04-04,Denizli,Pamukkale,Türkiye,305.99,56
1689,386,Nefaret Cuheyna Durdu,nefaret.cuheyna.durdu386@example.com,+905456424008,2021-09-12,2026-05-19,İzmir,Bornova,Türkiye,393.24,72
1690,274,Oliver İhsanoğlu,oliver.ihsanoglu274@example.com,+905989921722,2024-10-05,2026-04-24,Ankara,Yenimahalle,Türkiye,369.11,69
1691,334,Çolpan Arsoy Çorlu,colpan.arsoy.corlu334@example.com,+905449147660,2023-04-17,2026-03-04,Malatya,Yeşilyurt,Türkiye,178.75,28
1692,49,Atilhan Gül,atilhan.gul49@example.com,+905631931491,2022-10-10,2025-05-18,Kayseri,Kocasinan,Türkiye,334.74,68
1693,414,Arş. Gör. Sebattin İvecen Ülker,ars.gor.sebattin.ivecen.ulker414@example.com,+905998136462,2025-03-17,2025-11-24,Trabzon,Ortahisar,Türkiye,178.51,39
1694,306,Uz. Cannur Çorlu,uz.cannur.corlu306@example.com,+905155216674,2023-10-15,2025-12-18,Manisa,Şehzadeler,Türkiye,521.39,62
1695,41,Tomurcuk İnönü,tomurcuk.inonu41@example.com,+905347143455,2022-12-02,2025-12-06,Mersin,Toroslar,Türkiye,101.21,23
1696,317,İnançlı Ülker,inancli.ulker317@example.com,+905869782922,2025-05-14,2025-06-10,İstanbul,Kadıköy,Türkiye,266.09,42
1697,1,Akar Ziyaettin Aslan Yüksel,akar.ziyaettin.aslan.yuksel1@example.com,+905433218196,2025-10-08,2025-11-22,Bursa,Nilüfer,Türkiye,65.25,19
1698,234,Yrd. Doç. Şahdiye Hafıza Öcalan,yrd.doc.sahdiye.hafiza.ocalan234@example.com,+905091043006,2023-02-09,2025-03-11,Şanlıurfa,Eyyübiye,Türkiye,211.91,36
1699,138,Melihcan Çetin,melihcan.cetin138@example.com,+905831323705,2022-11-04,2026-03-26,Adana,Çukurova,Türkiye,322.66,54
1700,452,Güçyeter Çorlu,gucyeter.corlu452@example.com,+905384215031,2023-06-18,2025-04-02,Diyarbakır,Kayapınar,Türkiye,270.73,50
1701,300,Halenur Burcuhan Şafak,halenur.burcuhan.safak300@example.com,+905167618472,2024-10-18,2026-05-20,İstanbul,Kadıköy,Türkiye,357.14,62
1702,234,Yrd. Doç. Şahdiye Hafıza Öcalan,yrd.doc.sahdiye.hafiza.ocalan234@example.com,+905091043006,2023-02-09,2025-08-28,Şanlıurfa,Eyyübiye,Türkiye,240.53,36
1703,97,Lezize Tevetoğlu,lezize.tevetoglu97@example.com,+905809885165,2022-03-21,2026-06-01,Samsun,İlkadım,Türkiye,385.57,66
1704,144,Bilender Yıldırım,bilender.yildirim144@example.com,+905473647102,2023-06-26,2025-03-23,Şanlıurfa,Eyyübiye,Türkiye,238.64,44
1705,159,Çev. Meşhur Asalet Demirel,cev.meshur.asalet.demirel159@example.com,+905524041574,2021-10-04,2025-10-21,Trabzon,Ortahisar,Türkiye,242.61,48
1706,131,Minibe Ülker,minibe.ulker131@example.com,+905584161692,2022-11-21,2026-02-22,Şanlıurfa,Eyyübiye,Türkiye,177.1,36
1707,87,Emal Ülker Şensoy,emal.ulker.sensoy87@example.com,+905675869261,2023-03-16,2025-04-03,Erzurum,Yakutiye,Türkiye,323.77,57
1708,324,Sezal Kader Gül,sezal.kader.gul324@example.com,+905598933472,2022-02-13,2025-04-17,Diyarbakır,Kayapınar,Türkiye,85.7,22
1709,361,Behrem Yılmaz,behrem.yilmaz361@example.com,+905351906698,2024-05-05,2026-05-27,İzmir,Bornova,Türkiye,379.27,63
1710,171,Öğr. Durmuşali Esentürk Şafak,ogr.durmusali.esenturk.safak171@example.com,+905187072867,2022-10-15,2026-06-21,Konya,Meram,Türkiye,146.35,21
1711,102,Av. Kısmet Aynımah Yılmaz,av.kismet.aynimah.yilmaz102@example.com,+905022901476,2023-03-24,2026-04-15,Van,İpekyolu,Türkiye,358.07,56
1712,406,Hazrat Melihcan Demir Arslan,hazrat.melihcan.demir.arslan406@example.com,+905195761228,2023-09-12,2025-04-22,Adana,Çukurova,Türkiye,296.97,50
1713,166,Bayan Gülsü Sabır Kısakürek,bayan.gulsu.sabir.kisakurek166@example.com,+905227530463,2023-06-12,2025-07-28,Trabzon,Ortahisar,Türkiye,343.96,66
1714,278,Arifcan Aslan,arifcan.aslan278@example.com,+905246299606,2024-02-03,2025-09-27,Şanlıurfa,Eyyübiye,Türkiye,300.74,62
1715,192,Permun Akça Demirel,permun.akca.demirel192@example.com,+905918033974,2025-09-08,2026-01-31,Denizli,Pamukkale,Türkiye,167.71,22
1716,165,Zeyno Ertaş,zeyno.ertas165@example.com,+905205493296,2023-07-21,2025-06-04,Diyarbakır,Kayapınar,Türkiye,258.06,50
1717,479,Dölensoy Alemdar,dolensoy.alemdar479@example.com,+905927663723,2022-09-16,2025-04-15,İzmir,Konak,Türkiye,508.58,64
1718,378,Ruhugül Gül Sakarya,ruhugul.gul.sakarya378@example.com,+905061593998,2024-12-20,2025-10-16,Mersin,Toroslar,Türkiye,341.72,67
1719,122,Zehranur Şama Akça,zehranur.sama.akca122@example.com,+905750606853,2023-10-14,2026-05-21,İzmir,Konak,Türkiye,159.33,23
1720,90,Aru Safet Bilir Zorlu,aru.safet.bilir.zorlu90@example.com,+905393352904,2025-02-19,2025-03-20,İzmir,Karşıyaka,Türkiye,167.22,26
1721,348,Atiyye Sezer,atiyye.sezer348@example.com,+905723184322,2025-01-24,2025-10-03,Malatya,Yeşilyurt,Türkiye,250.37,41
1722,193,Arıkol Zengin,arikol.zengin193@example.com,+905250392614,2025-01-14,2026-02-26,Mersin,Yenişehir,Türkiye,313.67,54
1723,397,Aydinç Korutürk,aydinc.koruturk397@example.com,+905528127358,2022-05-02,2025-08-10,Ankara,Çankaya,Türkiye,334.92,66
1724,264,Vacibe Alemdar Yılmaz,vacibe.alemdar.yilmaz264@example.com,+905513552157,2025-11-19,2025-11-25,Şanlıurfa,Eyyübiye,Türkiye,144.63,34
1725,23,Öğr. Kasim Aslan,ogr.kasim.aslan23@example.com,+905353462475,2021-09-25,2026-01-01,Eskişehir,Tepebaşı,Türkiye,125.24,22
1726,466,Doç. Metinkaya Türk,doc.metinkaya.turk466@example.com,+905227846997,2024-11-07,2025-05-24,Van,İpekyolu,Türkiye,213.7,31
1727,320,Hanbiken Şemsinisa Sezgin,hanbiken.semsinisa.sezgin320@example.com,+905158799684,2023-07-31,2025-12-23,Adana,Çukurova,Türkiye,355.22,69
1728,208,Hürdoğan Sezgin,hurdogan.sezgin208@example.com,+905507146112,2023-12-30,2025-01-24,Malatya,Yeşilyurt,Türkiye,180.89,37
1729,122,Zehranur Şama Akça,zehranur.sama.akca122@example.com,+905750606853,2023-10-14,2026-02-23,İzmir,Konak,Türkiye,169.56,23
1730,289,Okyalaz Türk,okyalaz.turk289@example.com,+905466609935,2021-11-16,2025-09-24,Şanlıurfa,Eyyübiye,Türkiye,306.26,63
1731,100,Tülin Soylu,tulin.soylu100@example.com,+905244550229,2022-04-06,2025-03-18,Mersin,Yenişehir,Türkiye,274.47,43
1732,20,Tınal Aslan,tinal.aslan20@example.com,+905872343098,2025-08-10,2025-10-22,Kayseri,Kocasinan,Türkiye,338.9,65
1733,257,Çev. Gülbani İlper Şafak Şener,cev.gulbani.ilper.safak.sener257@example.com,+905785932133,2024-06-15,2025-10-22,Mersin,Yenişehir,Türkiye,475.43,52
1734,481,Hatin Nüdret Çorlu Arsoy,hatin.nudret.corlu.arsoy481@example.com,+905674286047,2023-10-22,2025-08-11,Gaziantep,Şehitkamil,Türkiye,358.78,61
1735,461,Galip Akdeniz,galip.akdeniz461@example.com,+905701715772,2024-05-13,2025-09-05,Eskişehir,Tepebaşı,Türkiye,332.48,67
1736,233,Binay Huban Demir,binay.huban.demir233@example.com,+905805526965,2022-11-20,2025-12-02,Şanlıurfa,Eyyübiye,Türkiye,312.09,61
1737,326,Müferrih Ruhugül Akçay,muferrih.ruhugul.akcay326@example.com,+905259094798,2023-12-10,2025-02-20,Antalya,Muratpaşa,Türkiye,309.52,22
1738,374,Servinaz Tülin Tevetoğlu,servinaz.tulin.tevetoglu374@example.com,+905527636556,2024-05-19,2025-08-24,Manisa,Şehzadeler,Türkiye,194.4,46
1739,68,Uz. Sadiye Gülbiye Aslan Ertaş,uz.sadiye.gulbiye.aslan.ertas68@example.com,+905876038597,2022-06-11,2026-05-16,Trabzon,Ortahisar,Türkiye,422.02,46
1740,454,Elifnur Tevetoğlu Demirel,elifnur.tevetoglu.demirel454@example.com,+905681040915,2023-05-01,2026-03-28,Ankara,Keçiören,Türkiye,398.81,74
1741,98,Yaşattin Şama,yasattin.sama98@example.com,+905945198327,2024-09-09,2025-09-01,Ankara,Keçiören,Türkiye,352.44,72
1742,10,Ferahdiba Bilir,ferahdiba.bilir10@example.com,+905801845146,2025-01-23,2025-12-16,Malatya,Yeşilyurt,Türkiye,272.97,47
1743,453,Hiçsönmez Hançer,hicsonmez.hancer453@example.com,+905357845218,2022-02-26,2025-10-28,Şanlıurfa,Eyyübiye,Türkiye,153.05,26
1744,230,Koçak Soylu,kocak.soylu230@example.com,+905326973112,2021-09-23,2025-04-06,Diyarbakır,Kayapınar,Türkiye,179.23,25
1745,443,Ürfettin Şabettin Şama Demirel,urfettin.sabettin.sama.demirel443@example.com,+905472145868,2024-10-09,2025-01-23,Erzurum,Yakutiye,Türkiye,344.08,62
1746,211,Atilhan Yüksel,atilhan.yuksel211@example.com,+905660937966,2025-12-03,2026-02-12,Adana,Seyhan,Türkiye,334.31,63
1747,85,Kader Bilir,kader.bilir85@example.com,+905496513709,2022-10-20,2025-11-26,Diyarbakır,Kayapınar,Türkiye,245.63,38
1748,19,Dr. Nezize Feyzin Arsoy Ergül,dr.nezize.feyzin.arsoy.ergul19@example.com,+905773602606,2024-06-17,2025-05-24,Adana,Çukurova,Türkiye,549.03,68
1749,105,Arş. Gör. Salimet Övün Yılmaz Demir,ars.gor.salimet.ovun.yilmaz.demir105@example.com,+905683885160,2023-07-03,2026-06-02,Adana,Seyhan,Türkiye,109.39,19
1750,386,Nefaret Cuheyna Durdu,nefaret.cuheyna.durdu386@example.com,+905456424008,2021-09-12,2025-09-21,İzmir,Bornova,Türkiye,358.07,72
1751,383,Elvan Çisem Yorulmaz Zengin,elvan.cisem.yorulmaz.zengin383@example.com,+905492164334,2023-06-19,2025-07-25,İzmir,Konak,Türkiye,311.59,58
1752,426,Necva Fadıla Yüksel Sakarya,necva.fadila.yuksel.sakarya426@example.com,+905329832482,2023-07-16,2025-02-01,Erzurum,Yakutiye,Türkiye,352.41,67
1753,337,İlklima Kısakürek,ilklima.kisakurek337@example.com,+905312908781,2024-04-26,2025-01-30,Manisa,Şehzadeler,Türkiye,310.61,60
1754,281,İmrihan İde Ülker,imrihan.ide.ulker281@example.com,+905214862890,2024-12-22,2026-05-31,Ankara,Yenimahalle,Türkiye,321.72,30
1755,311,Zöhrehan Ferhan Erdoğan,zohrehan.ferhan.erdogan311@example.com,+905386631779,2023-06-09,2026-01-01,Ankara,Yenimahalle,Türkiye,300.26,23
1756,252,Doç. Musaffa Şehreban Eraslan,doc.musaffa.sehreban.eraslan252@example.com,+905941013721,2024-02-02,2025-01-28,İzmir,Karşıyaka,Türkiye,141.83,25
1757,402,Prof. Tartış Yorulmaz,prof.tartis.yorulmaz402@example.com,+905022031731,2025-10-08,2026-06-21,Malatya,Yeşilyurt,Türkiye,310.74,54
1758,191,Seyithan Akatay İhsanoğlu Hançer,seyithan.akatay.ihsanoglu.hancer191@example.com,+905016668700,2022-01-03,2025-07-04,İzmir,Karşıyaka,Türkiye,136.08,28
1759,79,Çakırca Gücal Yorulmaz,cakirca.gucal.yorulmaz79@example.com,+905740748217,2024-01-05,2025-05-15,Diyarbakır,Kayapınar,Türkiye,268.49,55
1760,229,Erginel Nezihi Demir,erginel.nezihi.demir229@example.com,+905542622189,2025-11-25,2026-01-31,Bursa,Osmangazi,Türkiye,380.91,57
1761,352,Gülev Demir,gulev.demir352@example.com,+905929842579,2022-08-21,2025-08-11,Denizli,Pamukkale,Türkiye,67.05,22
1762,262,Muvaffak Avşin Hayrioğlu,muvaffak.avsin.hayrioglu262@example.com,+905528953926,2024-03-24,2025-03-02,Denizli,Pamukkale,Türkiye,355.6,64
1763,190,Över İlalmış Aksu Hançer,over.ilalmis.aksu.hancer190@example.com,+905546156793,2022-01-15,2025-01-27,Malatya,Yeşilyurt,Türkiye,178.82,32
1764,113,Prof. Ürfettin Akçay,prof.urfettin.akcay113@example.com,+905071518203,2021-12-24,2026-04-05,Şanlıurfa,Eyyübiye,Türkiye,264.03,46
1765,51,Başok Ülker,basok.ulker51@example.com,+905628498776,2021-11-06,2026-01-18,Diyarbakır,Kayapınar,Türkiye,297.63,55
1766,105,Arş. Gör. Salimet Övün Yılmaz Demir,ars.gor.salimet.ovun.yilmaz.demir105@example.com,+905683885160,2023-07-03,2025-09-21,Adana,Seyhan,Türkiye,126.88,19
1767,225,Saydam Feza Sezer,saydam.feza.sezer225@example.com,+905975001701,2025-01-23,2025-09-17,Eskişehir,Odunpazarı,Türkiye,277.34,46
1768,61,Yigit İhsanoğlu,yigit.ihsanoglu61@example.com,+905913341232,2022-11-08,2025-06-18,Manisa,Şehzadeler,Türkiye,137.63,22
1769,467,Okt. Havse Selvi Mansız,okt.havse.selvi.mansiz467@example.com,+905946519098,2023-09-07,2025-08-16,Eskişehir,Tepebaşı,Türkiye,420.57,72
1770,190,Över İlalmış Aksu Hançer,over.ilalmis.aksu.hancer190@example.com,+905546156793,2022-01-15,2025-11-10,Malatya,Yeşilyurt,Türkiye,169.65,32
1771,3,Suat Şafak,suat.safak3@example.com,+905423511615,2024-01-08,2025-06-30,Denizli,Pamukkale,Türkiye,276.99,56
1772,414,Arş. Gör. Sebattin İvecen Ülker,ars.gor.sebattin.ivecen.ulker414@example.com,+905998136462,2025-03-17,2026-03-05,Trabzon,Ortahisar,Türkiye,209.25,39
1773,333,Av. Ulutay Yilmaz Tarhan,av.ulutay.yilmaz.tarhan333@example.com,+905061809190,2022-01-07,2026-01-02,Denizli,Pamukkale,Türkiye,380.27,72
1774,300,Halenur Burcuhan Şafak,halenur.burcuhan.safak300@example.com,+905167618472,2024-10-18,2025-09-24,İstanbul,Kadıköy,Türkiye,403.45,62
1775,189,Nili Aksu,nili.aksu189@example.com,+905840862118,2025-02-11,2025-07-31,Malatya,Yeşilyurt,Türkiye,172.77,33
1776,288,Nüdret Ülker Çetin,nudret.ulker.cetin288@example.com,+905432830965,2022-02-17,2025-09-29,Mersin,Toroslar,Türkiye,309.53,26
1777,459,Gülay Günar Şama,gulay.gunar.sama459@example.com,+905453817921,2022-01-12,2025-11-16,Diyarbakır,Kayapınar,Türkiye,233.0,47
1778,294,Arıel Güçlü,ariel.guclu294@example.com,+905250074329,2021-08-30,2025-02-21,Şanlıurfa,Eyyübiye,Türkiye,145.91,28
1779,299,Elöve Şener,elove.sener299@example.com,+905150648909,2025-09-05,2026-05-10,Malatya,Yeşilyurt,Türkiye,328.85,60
1780,374,Servinaz Tülin Tevetoğlu,servinaz.tulin.tevetoglu374@example.com,+905527636556,2024-05-19,2025-02-06,Manisa,Şehzadeler,Türkiye,244.93,46
1781,350,Av. Işıman Ayvas Tarhan,av.isiman.ayvas.tarhan350@example.com,+905299228092,2025-08-20,2026-04-05,Gaziantep,Şahinbey,Türkiye,705.27,28
1782,86,Hayel Eraslan,hayel.eraslan86@example.com,+905746120047,2025-04-19,2026-01-23,Gaziantep,Şahinbey,Türkiye,137.42,24
1783,354,Heva Yaman,heva.yaman354@example.com,+905881172980,2021-08-09,2025-02-04,Manisa,Şehzadeler,Türkiye,344.69,61
1784,478,İntihap Şafak,intihap.safak478@example.com,+905927524372,2022-12-28,2025-05-23,Manisa,Şehzadeler,Türkiye,379.1,73
1785,460,Öğr. Hafıza Yaman Manço,ogr.hafiza.yaman.manco460@example.com,+905733294562,2022-01-10,2026-06-12,Kayseri,Kocasinan,Türkiye,352.86,60
1786,65,Ulu Tunçboğa Şensoy,ulu.tuncboga.sensoy65@example.com,+905940139904,2022-09-19,2025-11-19,Denizli,Pamukkale,Türkiye,292.24,20
1787,357,Okt. Öngen Bilgen Çetin,okt.ongen.bilgen.cetin357@example.com,+905806356512,2023-07-24,2025-11-12,İstanbul,Kadıköy,Türkiye,340.87,59
1788,30,Erdibay Korutürk,erdibay.koruturk30@example.com,+905342160733,2023-05-15,2025-03-14,Eskişehir,Tepebaşı,Türkiye,213.26,40
1789,447,Nurbanu Limon Kısakürek Seven,nurbanu.limon.kisakurek.seven447@example.com,+905344144885,2021-08-25,2026-02-16,Konya,Selçuklu,Türkiye,70.02,18
1790,142,Büşranur Alemdar,busranur.alemdar142@example.com,+905249818299,2025-01-31,2026-01-17,Konya,Meram,Türkiye,194.26,28
1791,232,Binışık Bilgütay Sezgin,binisik.bilgutay.sezgin232@example.com,+905389836403,2023-03-05,2025-07-09,İstanbul,Üsküdar,Türkiye,235.81,42
1792,196,Yıldız Samahat Ülker Arsoy,yildiz.samahat.ulker.arsoy196@example.com,+905943114262,2021-10-20,2026-06-13,Trabzon,Ortahisar,Türkiye,209.5,42
1793,112,Yrd. Doç. Fehmiye Havali Bilge,yrd.doc.fehmiye.havali.bilge112@example.com,+905986798079,2022-04-18,2025-09-08,İzmir,Karşıyaka,Türkiye,141.07,30
1794,75,Kaver İhsanoğlu Çetin,kaver.ihsanoglu.cetin75@example.com,+905621745961,2024-02-09,2025-07-21,İstanbul,Beşiktaş,Türkiye,453.63,72
1795,396,Belgizar Manço Korutürk,belgizar.manco.koruturk396@example.com,+905979251327,2025-06-08,2025-12-17,İstanbul,Kadıköy,Türkiye,375.24,61
1796,305,Uz. Hezniye Yurtseven Seven,uz.hezniye.yurtseven.seven305@example.com,+905556110022,2024-02-08,2026-04-28,Ankara,Keçiören,Türkiye,368.33,40
1797,35,Yrd. Doç. Banü Nurşan Kısakürek,yrd.doc.banu.nursan.kisakurek35@example.com,+905823662994,2023-09-03,2026-04-29,Trabzon,Ortahisar,Türkiye,492.0,53
1798,296,Bezek Akdeniz Şama,bezek.akdeniz.sama296@example.com,+905830033542,2025-05-16,2026-06-21,İstanbul,Üsküdar,Türkiye,242.5,42
1799,461,Galip Akdeniz,galip.akdeniz461@example.com,+905701715772,2024-05-13,2026-05-23,Eskişehir,Tepebaşı,Türkiye,318.42,67
1800,371,Apaydın Yaman,apaydin.yaman371@example.com,+905728463920,2023-01-01,2026-01-07,Van,İpekyolu,Türkiye,453.22,69
1801,305,Uz. Hezniye Yurtseven Seven,uz.hezniye.yurtseven.seven305@example.com,+905556110022,2024-02-08,2025-06-12,Ankara,Keçiören,Türkiye,408.86,40
1802,409,Giz Akça,giz.akca409@example.com,+905433504888,2022-10-01,2026-04-05,Kayseri,Melikgazi,Türkiye,288.33,54
1803,252,Doç. Musaffa Şehreban Eraslan,doc.musaffa.sehreban.eraslan252@example.com,+905941013721,2024-02-02,2025-08-06,İzmir,Karşıyaka,Türkiye,115.87,25
1804,320,Hanbiken Şemsinisa Sezgin,hanbiken.semsinisa.sezgin320@example.com,+905158799684,2023-07-31,2025-04-14,Adana,Çukurova,Türkiye,347.19,69
1805,208,Hürdoğan Sezgin,hurdogan.sezgin208@example.com,+905507146112,2023-12-30,2025-05-27,Malatya,Yeşilyurt,Türkiye,152.99,37
1806,351,Zinnure Neval Yorulmaz Gülen,zinnure.neval.yorulmaz.gulen351@example.com,+905990413797,2023-04-01,2025-01-30,Adana,Çukurova,Türkiye,148.49,28
1807,184,Çağlasın Akdurmuş Akça,caglasin.akdurmus.akca184@example.com,+905587717535,2024-03-12,2025-03-31,Kayseri,Kocasinan,Türkiye,243.74,44
1808,244,Çev. Özerdinç Özinal Şener,cev.ozerdinc.ozinal.sener244@example.com,+905206038505,2025-12-10,2025-12-29,Erzurum,Yakutiye,Türkiye,403.03,66
1809,451,Şefiye Bilge,sefiye.bilge451@example.com,+905291450461,2023-03-01,2025-06-20,Adana,Çukurova,Türkiye,388.38,74
1810,434,Kâzime İslime Yorulmaz,kzime.islime.yorulmaz434@example.com,+905726490827,2022-04-29,2025-02-05,Kayseri,Kocasinan,Türkiye,242.04,46
1811,393,Mevlüdiye Çamurcuoğlu,mevludiye.camurcuoglu393@example.com,+905013673037,2021-10-29,2025-02-16,Mersin,Toroslar,Türkiye,366.1,67
1812,365,Prof. Nevsale Uğur Zengin Sakarya,prof.nevsale.ugur.zengin.sakarya365@example.com,+905904268181,2023-02-16,2025-06-02,Diyarbakır,Kayapınar,Türkiye,177.78,36
1813,403,Esenbay Dumanlı,esenbay.dumanli403@example.com,+905899405391,2025-11-16,2026-03-06,Trabzon,Ortahisar,Türkiye,175.09,31
1814,59,Gürsal Arkut Zorlu,gursal.arkut.zorlu59@example.com,+905167190229,2024-03-30,2026-03-13,Şanlıurfa,Eyyübiye,Türkiye,183.83,23
1815,446,Öğr. Yazgül Yasemen Mansız Aksu,ogr.yazgul.yasemen.mansiz.aksu446@example.com,+905107139660,2024-01-29,2025-01-23,Konya,Selçuklu,Türkiye,264.33,40
1816,498,Kibar Bilge,kibar.bilge498@example.com,+905925114262,2022-01-16,2025-06-11,Konya,Selçuklu,Türkiye,263.49,41
1817,240,Uz. Savni Arıel Aksu,uz.savni.ariel.aksu240@example.com,+905380003075,2023-10-20,2026-04-23,Van,İpekyolu,Türkiye,130.18,27
1818,432,Fatinur Dumanlı,fatinur.dumanli432@example.com,+905656999880,2023-01-11,2026-06-02,Ankara,Yenimahalle,Türkiye,178.88,24
1819,443,Ürfettin Şabettin Şama Demirel,urfettin.sabettin.sama.demirel443@example.com,+905472145868,2024-10-09,2025-05-31,Erzurum,Yakutiye,Türkiye,313.66,62
1820,16,Alanalp Ülker,alanalp.ulker16@example.com,+905997376311,2022-04-03,2025-10-29,Konya,Selçuklu,Türkiye,309.8,45
1821,114,Bayan Gül Müsemma Çetin,bayan.gul.musemma.cetin114@example.com,+905554665905,2025-07-31,2026-05-03,Malatya,Yeşilyurt,Türkiye,193.75,39
1822,389,Dilşat Laze Durdu Bilgin,dilsat.laze.durdu.bilgin389@example.com,+905484631224,2025-04-30,2025-07-23,Gaziantep,Şehitkamil,Türkiye,388.23,58
1823,411,Maksüde Hayrioğlu,maksude.hayrioglu411@example.com,+905157279194,2025-09-27,2026-06-25,Van,İpekyolu,Türkiye,559.64,64
1824,51,Başok Ülker,basok.ulker51@example.com,+905628498776,2021-11-06,2025-11-04,Diyarbakır,Kayapınar,Türkiye,269.12,55
1825,52,Arş. Gör. Firdevis Eraslan Fırat,ars.gor.firdevis.eraslan.firat52@example.com,+905473799650,2023-03-06,2025-04-24,Gaziantep,Şahinbey,Türkiye,356.5,72
1826,296,Bezek Akdeniz Şama,bezek.akdeniz.sama296@example.com,+905830033542,2025-05-16,2025-12-10,İstanbul,Üsküdar,Türkiye,231.41,42
1827,290,Onuker Zengin,onuker.zengin290@example.com,+905584282417,2025-03-25,2026-02-19,Erzurum,Yakutiye,Türkiye,336.82,65
1828,196,Yıldız Samahat Ülker Arsoy,yildiz.samahat.ulker.arsoy196@example.com,+905943114262,2021-10-20,2025-01-12,Trabzon,Ortahisar,Türkiye,230.75,42
1829,344,Kerman Ertaş,kerman.ertas344@example.com,+905827229927,2023-12-09,2025-04-24,Manisa,Şehzadeler,Türkiye,93.78,20
1830,238,Teber Bilir,teber.bilir238@example.com,+905252410564,2023-01-05,2026-04-08,Malatya,Yeşilyurt,Türkiye,97.45,22
1831,206,Nades Yıldırım Soylu,nades.yildirim.soylu206@example.com,+905135290965,2023-07-15,2025-03-29,Samsun,İlkadım,Türkiye,102.67,24
1832,387,Bişar Ülker,bisar.ulker387@example.com,+905807740649,2024-08-26,2025-01-17,Kayseri,Kocasinan,Türkiye,376.25,68
1833,164,Kıvılcım Seven,kivilcim.seven164@example.com,+905788728743,2025-04-26,2025-10-21,Eskişehir,Tepebaşı,Türkiye,180.47,39
1834,214,Aygutalp Arslan,aygutalp.arslan214@example.com,+905251341252,2023-01-31,2025-01-21,Kayseri,Melikgazi,Türkiye,274.55,42
1835,250,Rahiye Kumral Zorlu,rahiye.kumral.zorlu250@example.com,+905804420678,2021-10-02,2025-08-16,Samsun,Atakum,Türkiye,244.94,53
1836,192,Permun Akça Demirel,permun.akca.demirel192@example.com,+905918033974,2025-09-08,2025-09-08,Denizli,Pamukkale,Türkiye,150.85,22
1837,451,Şefiye Bilge,sefiye.bilge451@example.com,+905291450461,2023-03-01,2025-09-04,Adana,Çukurova,Türkiye,416.39,74
1838,287,Bayan Muarra Sonnur Demirel,bayan.muarra.sonnur.demirel287@example.com,+905899441715,2024-05-25,2025-03-22,Malatya,Yeşilyurt,Türkiye,310.53,58
1839,431,Dr. Özge Musaffa Bilge Şener,dr.ozge.musaffa.bilge.sener431@example.com,+905331279757,2024-07-25,2026-02-22,Denizli,Pamukkale,Türkiye,273.56,45
1840,69,Av. Arıkol Mirbadin Sezgin,av.arikol.mirbadin.sezgin69@example.com,+905824771093,2021-12-20,2025-08-02,Konya,Meram,Türkiye,151.87,28
1841,80,Sittik Nevsal Zorlu,sittik.nevsal.zorlu80@example.com,+905743671369,2023-12-08,2025-03-17,Denizli,Pamukkale,Türkiye,289.61,54
1842,177,Uz. Sevsevil Gülbeyan Yorulmaz,uz.sevsevil.gulbeyan.yorulmaz177@example.com,+905067383028,2024-04-29,2025-05-10,Ankara,Çankaya,Türkiye,338.47,32
1843,365,Prof. Nevsale Uğur Zengin Sakarya,prof.nevsale.ugur.zengin.sakarya365@example.com,+905904268181,2023-02-16,2025-01-22,Diyarbakır,Kayapınar,Türkiye,179.49,36
1844,387,Bişar Ülker,bisar.ulker387@example.com,+905807740649,2024-08-26,2026-03-25,Kayseri,Kocasinan,Türkiye,338.72,68
1845,184,Çağlasın Akdurmuş Akça,caglasin.akdurmus.akca184@example.com,+905587717535,2024-03-12,2025-10-20,Kayseri,Kocasinan,Türkiye,214.55,44
1846,325,Aybora Çamurcuoğlu,aybora.camurcuoglu325@example.com,+905606484229,2024-07-08,2025-02-28,Adana,Seyhan,Türkiye,82.42,18
1847,462,Ortak Ömür Duran Karadeniz,ortak.omur.duran.karadeniz462@example.com,+905816158148,2023-05-13,2025-03-18,Van,İpekyolu,Türkiye,259.29,43
1848,357,Okt. Öngen Bilgen Çetin,okt.ongen.bilgen.cetin357@example.com,+905806356512,2023-07-24,2025-05-08,İstanbul,Kadıköy,Türkiye,367.0,59
1849,48,Hayrünnisa Ağbegim Yüksel,hayrunnisa.agbegim.yuksel48@example.com,+905745299124,2025-05-05,2026-01-12,Van,İpekyolu,Türkiye,307.98,55
1850,333,Av. Ulutay Yilmaz Tarhan,av.ulutay.yilmaz.tarhan333@example.com,+905061809190,2022-01-07,2026-04-14,Denizli,Pamukkale,Türkiye,367.64,72
1851,46,Sümeyye Hayrioğlu,sumeyye.hayrioglu46@example.com,+905556464170,2021-09-30,2025-09-22,Konya,Meram,Türkiye,265.16,52
1852,491,Dr. Dilcan Ticen Tevetoğlu Duran,dr.dilcan.ticen.tevetoglu.duran491@example.com,+905460158517,2021-09-07,2025-03-19,Samsun,Atakum,Türkiye,344.1,67
1853,499,Bayan Nürice Arsoy Eraslan,bayan.nurice.arsoy.eraslan499@example.com,+905902196207,2025-06-30,2025-10-21,Diyarbakır,Kayapınar,Türkiye,84.1,18
1854,58,Eflâtun Arcan Akçay,efltun.arcan.akcay58@example.com,+905109477752,2025-08-29,2026-01-22,Antalya,Kepez,Türkiye,264.75,34
1855,441,Gündüzalp Tevetoğlu,gunduzalp.tevetoglu441@example.com,+905994510162,2025-01-16,2025-11-04,Antalya,Muratpaşa,Türkiye,346.66,61
1856,40,Uz. Servinaz Adila Gül,uz.servinaz.adila.gul40@example.com,+905798687277,2024-06-30,2025-09-08,Malatya,Yeşilyurt,Türkiye,333.36,66
1857,397,Aydinç Korutürk,aydinc.koruturk397@example.com,+905528127358,2022-05-02,2026-06-03,Ankara,Çankaya,Türkiye,348.36,66
1858,325,Aybora Çamurcuoğlu,aybora.camurcuoglu325@example.com,+905606484229,2024-07-08,2025-02-24,Adana,Seyhan,Türkiye,98.62,18
1859,385,Safinaz Ayçan Arslan Tevetoğlu,safinaz.aycan.arslan.tevetoglu385@example.com,+905997968845,2023-04-01,2025-09-20,Erzurum,Yakutiye,Türkiye,288.74,52
1860,330,Prof. Mehdiye Korutürk Bilge,prof.mehdiye.koruturk.bilge330@example.com,+905704358112,2021-08-12,2025-09-14,Malatya,Yeşilyurt,Türkiye,319.07,52
1861,383,Elvan Çisem Yorulmaz Zengin,elvan.cisem.yorulmaz.zengin383@example.com,+905492164334,2023-06-19,2025-05-21,İzmir,Konak,Türkiye,326.03,58
1862,139,Seçgül Dumanlı,secgul.dumanli139@example.com,+905911467866,2022-09-22,2025-06-11,Erzurum,Yakutiye,Türkiye,108.69,22
1863,114,Bayan Gül Müsemma Çetin,bayan.gul.musemma.cetin114@example.com,+905554665905,2025-07-31,2025-09-20,Malatya,Yeşilyurt,Türkiye,196.27,39
1864,227,Dr. Akyıldız Durdu Arslan,dr.akyildiz.durdu.arslan227@example.com,+905436110371,2025-03-16,2025-07-12,Ankara,Keçiören,Türkiye,295.25,55
1865,440,Muktedir Ünübol Durdu,muktedir.unubol.durdu440@example.com,+905384983022,2025-08-22,2025-09-04,Manisa,Şehzadeler,Türkiye,320.76,59
1866,284,Sevdinar İhsanoğlu Hayrioğlu,sevdinar.ihsanoglu.hayrioglu284@example.com,+905406029333,2022-02-24,2025-04-12,Mersin,Yenişehir,Türkiye,140.45,31
1867,342,Aktemür Göken Soylu,aktemur.goken.soylu342@example.com,+905930848872,2023-11-24,2025-01-13,İstanbul,Şişli,Türkiye,219.4,43
1868,70,Aliihsan Tunahan Duran Karadeniz,aliihsan.tunahan.duran.karadeniz70@example.com,+905131712748,2021-12-29,2026-05-08,İstanbul,Şişli,Türkiye,244.41,35
1869,220,Öğr. Doğuhan Korutürk,ogr.doguhan.koruturk220@example.com,+905959629233,2025-08-13,2025-09-22,Gaziantep,Şahinbey,Türkiye,320.33,54
1870,351,Zinnure Neval Yorulmaz Gülen,zinnure.neval.yorulmaz.gulen351@example.com,+905990413797,2023-04-01,2025-05-21,Adana,Çukurova,Türkiye,134.91,28
1871,461,Galip Akdeniz,galip.akdeniz461@example.com,+905701715772,2024-05-13,2025-02-15,Eskişehir,Tepebaşı,Türkiye,380.01,67
1872,321,Gürcüye Gülev Mansız Eraslan,gurcuye.gulev.mansiz.eraslan321@example.com,+905620034244,2025-02-16,2025-12-13,Bursa,Nilüfer,Türkiye,396.88,71
1873,444,Onursu Şensoy,onursu.sensoy444@example.com,+905981794695,2024-06-29,2026-02-01,Ankara,Çankaya,Türkiye,316.19,51
1874,232,Binışık Bilgütay Sezgin,binisik.bilgutay.sezgin232@example.com,+905389836403,2023-03-05,2026-05-17,İstanbul,Üsküdar,Türkiye,185.09,42
1875,191,Seyithan Akatay İhsanoğlu Hançer,seyithan.akatay.ihsanoglu.hancer191@example.com,+905016668700,2022-01-03,2026-04-16,İzmir,Karşıyaka,Türkiye,127.64,28
1876,143,Dr. Gönen Ebuakil Sezgin,dr.gonen.ebuakil.sezgin143@example.com,+905900109439,2023-08-12,2025-07-21,Manisa,Şehzadeler,Türkiye,341.32,57
1877,250,Rahiye Kumral Zorlu,rahiye.kumral.zorlu250@example.com,+905804420678,2021-10-02,2025-11-17,Samsun,Atakum,Türkiye,246.44,53
1878,451,Şefiye Bilge,sefiye.bilge451@example.com,+905291450461,2023-03-01,2026-06-15,Adana,Çukurova,Türkiye,398.13,74
1879,201,Şöhret Sezgin,sohret.sezgin201@example.com,+905712406596,2024-02-07,2026-03-26,Manisa,Şehzadeler,Türkiye,241.42,46
1880,404,Öğr. Şemsinisa Selime Seven,ogr.semsinisa.selime.seven404@example.com,+905058650948,2025-09-20,2026-03-13,İzmir,Bornova,Türkiye,329.47,64
1881,2,Uz. Zamir Açıkel Tarhan,uz.zamir.acikel.tarhan2@example.com,+905838637940,2021-09-10,2025-12-28,Gaziantep,Şahinbey,Türkiye,336.85,69
1882,163,Fayize Demirel Bilir,fayize.demirel.bilir163@example.com,+905620672400,2024-04-10,2025-05-29,Ankara,Çankaya,Türkiye,307.62,54
1883,195,Özpınar Selâtin Çetin Türk,ozpinar.seltin.cetin.turk195@example.com,+905504773586,2023-07-12,2026-01-03,Manisa,Şehzadeler,Türkiye,144.58,29
1884,163,Fayize Demirel Bilir,fayize.demirel.bilir163@example.com,+905620672400,2024-04-10,2025-06-20,Ankara,Çankaya,Türkiye,365.66,54
1885,263,Muvahhide Demir,muvahhide.demir263@example.com,+905096902959,2024-09-16,2026-06-17,Antalya,Muratpaşa,Türkiye,330.54,58
1886,61,Yigit İhsanoğlu,yigit.ihsanoglu61@example.com,+905913341232,2022-11-08,2025-05-13,Manisa,Şehzadeler,Türkiye,127.24,22
1887,460,Öğr. Hafıza Yaman Manço,ogr.hafiza.yaman.manco460@example.com,+905733294562,2022-01-10,2026-02-21,Kayseri,Kocasinan,Türkiye,347.47,60
1888,242,Çev. Atiyye Bilgin Arslan,cev.atiyye.bilgin.arslan242@example.com,+905380617445,2025-06-19,2025-07-08,Ankara,Çankaya,Türkiye,296.26,53
1889,247,Arpağ Yorulmaz,arpag.yorulmaz247@example.com,+905445655743,2025-07-13,2025-07-19,Antalya,Muratpaşa,Türkiye,139.26,30
1890,287,Bayan Muarra Sonnur Demirel,bayan.muarra.sonnur.demirel287@example.com,+905899441715,2024-05-25,2026-01-23,Malatya,Yeşilyurt,Türkiye,292.22,58
1891,278,Arifcan Aslan,arifcan.aslan278@example.com,+905246299606,2024-02-03,2026-06-03,Şanlıurfa,Eyyübiye,Türkiye,308.65,62
1892,30,Erdibay Korutürk,erdibay.koruturk30@example.com,+905342160733,2023-05-15,2026-05-02,Eskişehir,Tepebaşı,Türkiye,195.3,40
1893,112,Yrd. Doç. Fehmiye Havali Bilge,yrd.doc.fehmiye.havali.bilge112@example.com,+905986798079,2022-04-18,2025-12-23,İzmir,Karşıyaka,Türkiye,173.31,30
1894,46,Sümeyye Hayrioğlu,sumeyye.hayrioglu46@example.com,+905556464170,2021-09-30,2025-10-20,Konya,Meram,Türkiye,273.58,52
1895,38,Us Sadittin İnönü Aslan,us.sadittin.inonu.aslan38@example.com,+905769367632,2022-04-09,2025-05-09,Şanlıurfa,Eyyübiye,Türkiye,316.86,62
1896,142,Büşranur Alemdar,busranur.alemdar142@example.com,+905249818299,2025-01-31,2026-05-02,Konya,Meram,Türkiye,204.18,28
1897,3,Suat Şafak,suat.safak3@example.com,+905423511615,2024-01-08,2025-08-19,Denizli,Pamukkale,Türkiye,267.72,56
1898,376,Melihcan Dumanlı,melihcan.dumanli376@example.com,+905288574489,2025-09-06,2026-01-14,Denizli,Pamukkale,Türkiye,221.74,43
1899,8,Çerçi Sezgin,cerci.sezgin8@example.com,+905423884969,2023-09-17,2025-11-15,Diyarbakır,Kayapınar,Türkiye,194.72,41
1900,103,Elvan Şener,elvan.sener103@example.com,+905815614978,2022-03-17,2026-01-18,Mersin,Yenişehir,Türkiye,164.51,37
1901,376,Melihcan Dumanlı,melihcan.dumanli376@example.com,+905288574489,2025-09-06,2025-10-11,Denizli,Pamukkale,Türkiye,238.89,43
1902,248,Prof. Gökten Tevetoğlu,prof.gokten.tevetoglu248@example.com,+905212775618,2023-12-10,2026-06-03,Van,İpekyolu,Türkiye,352.51,67
1903,243,Servinaz Belkize Tarhan,servinaz.belkize.tarhan243@example.com,+905494937597,2021-08-13,2025-04-12,Samsun,İlkadım,Türkiye,364.24,67
1904,496,Recepali Arsoy,recepali.arsoy496@example.com,+905204179291,2025-05-09,2025-10-26,Antalya,Muratpaşa,Türkiye,148.48,25
1905,235,Serfinaz Çamurcuoğlu Dumanlı,serfinaz.camurcuoglu.dumanli235@example.com,+905661889241,2024-03-18,2026-06-03,Malatya,Yeşilyurt,Türkiye,157.86,23
1906,147,Yekda Sezer,yekda.sezer147@example.com,+905953278774,2023-02-28,2025-08-05,Adana,Çukurova,Türkiye,84.85,19
1907,491,Dr. Dilcan Ticen Tevetoğlu Duran,dr.dilcan.ticen.tevetoglu.duran491@example.com,+905460158517,2021-09-07,2026-03-23,Samsun,Atakum,Türkiye,373.43,67
1908,445,Bay Erdogan Demirel,bay.erdogan.demirel445@example.com,+905299787729,2024-08-23,2025-03-03,Manisa,Şehzadeler,Türkiye,346.84,63
1909,328,Yurtseven Tule Çamurcuoğlu Aslan,yurtseven.tule.camurcuoglu.aslan328@example.com,+905554398780,2025-04-22,2025-09-14,Konya,Meram,Türkiye,309.94,60
1910,144,Bilender Yıldırım,bilender.yildirim144@example.com,+905473647102,2023-06-26,2025-10-11,Şanlıurfa,Eyyübiye,Türkiye,265.15,44
1911,389,Dilşat Laze Durdu Bilgin,dilsat.laze.durdu.bilgin389@example.com,+905484631224,2025-04-30,2025-06-27,Gaziantep,Şehitkamil,Türkiye,333.05,58
1912,474,Av. Nura Durmuş İhsanoğlu,av.nura.durmus.ihsanoglu474@example.com,+905818913718,2022-09-12,2026-06-21,Mersin,Toroslar,Türkiye,236.43,37
1913,335,Alaz Eraslan Duran,alaz.eraslan.duran335@example.com,+905842450882,2025-04-04,2026-04-19,Antalya,Kepez,Türkiye,109.9,20
1914,390,Av. Övün Şilan Tarhan,av.ovun.silan.tarhan390@example.com,+905973502080,2024-11-27,2026-05-13,Diyarbakır,Kayapınar,Türkiye,129.78,24
1915,386,Nefaret Cuheyna Durdu,nefaret.cuheyna.durdu386@example.com,+905456424008,2021-09-12,2026-01-21,İzmir,Bornova,Türkiye,397.82,72
1916,468,Seniha Hasgül Duran,seniha.hasgul.duran468@example.com,+905580085140,2024-08-18,2025-04-19,Kayseri,Melikgazi,Türkiye,390.38,45
1917,159,Çev. Meşhur Asalet Demirel,cev.meshur.asalet.demirel159@example.com,+905524041574,2021-10-04,2026-01-05,Trabzon,Ortahisar,Türkiye,246.61,48
1918,294,Arıel Güçlü,ariel.guclu294@example.com,+905250074329,2021-08-30,2025-11-09,Şanlıurfa,Eyyübiye,Türkiye,191.56,28
1919,325,Aybora Çamurcuoğlu,aybora.camurcuoglu325@example.com,+905606484229,2024-07-08,2026-06-30,Adana,Seyhan,Türkiye,86.95,18
1920,372,İlper Durmuş,ilper.durmus372@example.com,+905856271875,2022-01-31,2026-01-23,Erzurum,Yakutiye,Türkiye,67.18,18
1921,443,Ürfettin Şabettin Şama Demirel,urfettin.sabettin.sama.demirel443@example.com,+905472145868,2024-10-09,2025-04-26,Erzurum,Yakutiye,Türkiye,315.05,62
1922,137,Göken Arslan,goken.arslan137@example.com,+905271551884,2024-04-07,2025-07-11,İzmir,Bornova,Türkiye,399.13,72
1923,289,Okyalaz Türk,okyalaz.turk289@example.com,+905466609935,2021-11-16,2025-11-23,Şanlıurfa,Eyyübiye,Türkiye,311.25,63
1924,454,Elifnur Tevetoğlu Demirel,elifnur.tevetoglu.demirel454@example.com,+905681040915,2023-05-01,2025-07-16,Ankara,Keçiören,Türkiye,421.06,74
1925,335,Alaz Eraslan Duran,alaz.eraslan.duran335@example.com,+905842450882,2025-04-04,2025-12-09,Antalya,Kepez,Türkiye,87.98,20
1926,403,Esenbay Dumanlı,esenbay.dumanli403@example.com,+905899405391,2025-11-16,2026-03-29,Trabzon,Ortahisar,Türkiye,159.93,31
1927,303,Alattin Hayrioğlu,alattin.hayrioglu303@example.com,+905737530011,2022-09-24,2025-08-07,Ankara,Yenimahalle,Türkiye,334.18,60
1928,453,Hiçsönmez Hançer,hicsonmez.hancer453@example.com,+905357845218,2022-02-26,2025-05-19,Şanlıurfa,Eyyübiye,Türkiye,140.09,26
1929,283,Okt. Müsemma Durmuş İnönü,okt.musemma.durmus.inonu283@example.com,+905357972798,2023-12-27,2025-05-05,Bursa,Nilüfer,Türkiye,215.34,40
1930,39,Dilfeza Arslan,dilfeza.arslan39@example.com,+905328708317,2025-03-14,2025-11-12,Bursa,Osmangazi,Türkiye,445.55,69
1931,452,Güçyeter Çorlu,gucyeter.corlu452@example.com,+905384215031,2023-06-18,2025-06-08,Diyarbakır,Kayapınar,Türkiye,243.09,50
1932,311,Zöhrehan Ferhan Erdoğan,zohrehan.ferhan.erdogan311@example.com,+905386631779,2023-06-09,2025-11-22,Ankara,Yenimahalle,Türkiye,287.14,23
1933,227,Dr. Akyıldız Durdu Arslan,dr.akyildiz.durdu.arslan227@example.com,+905436110371,2025-03-16,2025-06-28,Ankara,Keçiören,Türkiye,283.93,55
1934,406,Hazrat Melihcan Demir Arslan,hazrat.melihcan.demir.arslan406@example.com,+905195761228,2023-09-12,2025-09-16,Adana,Çukurova,Türkiye,295.84,50
1935,244,Çev. Özerdinç Özinal Şener,cev.ozerdinc.ozinal.sener244@example.com,+905206038505,2025-12-10,2026-02-18,Erzurum,Yakutiye,Türkiye,395.51,66
1936,227,Dr. Akyıldız Durdu Arslan,dr.akyildiz.durdu.arslan227@example.com,+905436110371,2025-03-16,2025-03-19,Ankara,Keçiören,Türkiye,289.54,55
1937,264,Vacibe Alemdar Yılmaz,vacibe.alemdar.yilmaz264@example.com,+905513552157,2025-11-19,2026-02-21,Şanlıurfa,Eyyübiye,Türkiye,179.53,34
1938,243,Servinaz Belkize Tarhan,servinaz.belkize.tarhan243@example.com,+905494937597,2021-08-13,2026-06-26,Samsun,İlkadım,Türkiye,372.14,67
1939,198,Akyıldız Akdeniz,akyildiz.akdeniz198@example.com,+905101581995,2023-10-16,2025-01-17,Malatya,Yeşilyurt,Türkiye,109.5,18
1940,198,Akyıldız Akdeniz,akyildiz.akdeniz198@example.com,+905101581995,2023-10-16,2025-04-18,Malatya,Yeşilyurt,Türkiye,86.22,18
1941,137,Göken Arslan,goken.arslan137@example.com,+905271551884,2024-04-07,2026-03-13,İzmir,Bornova,Türkiye,350.3,72
1942,248,Prof. Gökten Tevetoğlu,prof.gokten.tevetoglu248@example.com,+905212775618,2023-12-10,2026-02-22,Van,İpekyolu,Türkiye,367.53,67
1943,424,Dr. Oymak Şener,dr.oymak.sener424@example.com,+905840460843,2025-02-05,2025-10-09,Kayseri,Melikgazi,Türkiye,359.11,39
1944,79,Çakırca Gücal Yorulmaz,cakirca.gucal.yorulmaz79@example.com,+905740748217,2024-01-05,2026-01-04,Diyarbakır,Kayapınar,Türkiye,262.6,55
1945,380,Nurdeniz Manço,nurdeniz.manco380@example.com,+905125355449,2022-05-02,2025-12-25,Trabzon,Ortahisar,Türkiye,217.82,43
1946,425,Ruhsat Oymak Akar Akçay,ruhsat.oymak.akar.akcay425@example.com,+905689363926,2024-03-13,2025-06-09,Antalya,Muratpaşa,Türkiye,288.72,56
1947,375,Dr. Dilşat Âlemşah Gül,dr.dilsat.lemsah.gul375@example.com,+905143866322,2023-04-19,2025-12-28,Antalya,Muratpaşa,Türkiye,351.7,69
1948,175,Koldan Zengin,koldan.zengin175@example.com,+905478686337,2024-01-04,2026-01-11,İstanbul,Kadıköy,Türkiye,145.07,27
1949,151,Özakan Mazlum Bilgin Akçay,ozakan.mazlum.bilgin.akcay151@example.com,+905239868000,2025-03-07,2025-12-03,Eskişehir,Tepebaşı,Türkiye,324.62,63
1950,438,Tanyolaç Tevetoğlu,tanyolac.tevetoglu438@example.com,+905447421230,2022-06-16,2025-12-15,Ankara,Keçiören,Türkiye,356.79,66
1951,53,Öğr. Zerafet Gülper Demirel,ogr.zerafet.gulper.demirel53@example.com,+905545494808,2024-11-16,2026-04-06,Şanlıurfa,Eyyübiye,Türkiye,120.45,23
1952,179,Muvaffak Hayrioğlu,muvaffak.hayrioglu179@example.com,+905687056856,2023-08-29,2026-01-01,Van,İpekyolu,Türkiye,125.71,27
1953,199,Av. Tangül Deha Şafak,av.tangul.deha.safak199@example.com,+905839826224,2024-04-05,2025-07-09,Trabzon,Ortahisar,Türkiye,233.45,35
1954,290,Onuker Zengin,onuker.zengin290@example.com,+905584282417,2025-03-25,2025-11-12,Erzurum,Yakutiye,Türkiye,356.51,65
1955,373,Nurser Tevetoğlu,nurser.tevetoglu373@example.com,+905915594284,2024-08-14,2025-08-13,Konya,Meram,Türkiye,204.89,35
1956,238,Teber Bilir,teber.bilir238@example.com,+905252410564,2023-01-05,2025-04-26,Malatya,Yeşilyurt,Türkiye,113.94,22
1957,457,Tonguç Ülker,tonguc.ulker457@example.com,+905249321495,2022-12-01,2025-09-30,Eskişehir,Tepebaşı,Türkiye,253.39,46
1958,413,Uz. Kavurt Duran,uz.kavurt.duran413@example.com,+905805892583,2025-02-02,2026-04-07,Ankara,Keçiören,Türkiye,141.38,21
1959,186,Enes Yaman,enes.yaman186@example.com,+905854777252,2025-03-01,2025-06-21,Gaziantep,Şehitkamil,Türkiye,367.13,64
1960,46,Sümeyye Hayrioğlu,sumeyye.hayrioglu46@example.com,+905556464170,2021-09-30,2026-03-15,Konya,Meram,Türkiye,291.59,52
1961,331,Dilşat Ertaş,dilsat.ertas331@example.com,+905361386120,2023-05-17,2025-02-14,İzmir,Konak,Türkiye,353.77,63
1962,333,Av. Ulutay Yilmaz Tarhan,av.ulutay.yilmaz.tarhan333@example.com,+905061809190,2022-01-07,2026-01-17,Denizli,Pamukkale,Türkiye,367.18,72
1963,64,Okt. Safinaz Revza Ertaş,okt.safinaz.revza.ertas64@example.com,+905717464887,2023-06-30,2025-11-14,Van,İpekyolu,Türkiye,163.64,23
1964,268,Ferihan Dumanlı,ferihan.dumanli268@example.com,+905296201533,2023-08-27,2026-04-22,İstanbul,Şişli,Türkiye,360.35,62
1965,60,Çev. Tüzeer Nurullah Bilir,cev.tuzeer.nurullah.bilir60@example.com,+905999386774,2022-08-25,2025-04-02,Bursa,Osmangazi,Türkiye,212.3,45
1966,298,Av. Zevlüde Türk Mansız,av.zevlude.turk.mansiz298@example.com,+905753260332,2024-10-06,2025-05-17,Antalya,Kepez,Türkiye,344.41,64
1967,190,Över İlalmış Aksu Hançer,over.ilalmis.aksu.hancer190@example.com,+905546156793,2022-01-15,2025-09-22,Malatya,Yeşilyurt,Türkiye,128.37,32
1968,444,Onursu Şensoy,onursu.sensoy444@example.com,+905981794695,2024-06-29,2026-01-08,Ankara,Çankaya,Türkiye,297.54,51
1969,300,Halenur Burcuhan Şafak,halenur.burcuhan.safak300@example.com,+905167618472,2024-10-18,2025-12-22,İstanbul,Kadıköy,Türkiye,348.14,62
1970,243,Servinaz Belkize Tarhan,servinaz.belkize.tarhan243@example.com,+905494937597,2021-08-13,2026-05-04,Samsun,İlkadım,Türkiye,357.45,67
1971,299,Elöve Şener,elove.sener299@example.com,+905150648909,2025-09-05,2026-06-24,Malatya,Yeşilyurt,Türkiye,328.51,60
1972,359,Bedri Duran,bedri.duran359@example.com,+905449562137,2022-01-10,2025-10-20,Erzurum,Yakutiye,Türkiye,136.65,28
1973,320,Hanbiken Şemsinisa Sezgin,hanbiken.semsinisa.sezgin320@example.com,+905158799684,2023-07-31,2026-05-27,Adana,Çukurova,Türkiye,360.56,69
1974,462,Ortak Ömür Duran Karadeniz,ortak.omur.duran.karadeniz462@example.com,+905816158148,2023-05-13,2025-01-12,Van,İpekyolu,Türkiye,258.47,43
1975,39,Dilfeza Arslan,dilfeza.arslan39@example.com,+905328708317,2025-03-14,2025-04-11,Bursa,Osmangazi,Türkiye,414.62,69
1976,93,Öğr. İvecen Duran,ogr.ivecen.duran93@example.com,+905700766177,2025-07-15,2025-09-22,Malatya,Yeşilyurt,Türkiye,387.84,75
1977,67,Erdursun Dalkılıç Akar Duran,erdursun.dalkilic.akar.duran67@example.com,+905567468071,2024-03-08,2025-07-12,Bursa,Nilüfer,Türkiye,173.2,34
1978,330,Prof. Mehdiye Korutürk Bilge,prof.mehdiye.koruturk.bilge330@example.com,+905704358112,2021-08-12,2025-06-19,Malatya,Yeşilyurt,Türkiye,300.95,52
1979,141,Dr. Atgun Arslan,dr.atgun.arslan141@example.com,+905824225358,2024-05-10,2025-10-08,Ankara,Çankaya,Türkiye,377.81,72
1980,250,Rahiye Kumral Zorlu,rahiye.kumral.zorlu250@example.com,+905804420678,2021-10-02,2025-12-31,Samsun,Atakum,Türkiye,263.82,53
1981,184,Çağlasın Akdurmuş Akça,caglasin.akdurmus.akca184@example.com,+905587717535,2024-03-12,2025-02-19,Kayseri,Kocasinan,Türkiye,241.64,44
1982,209,Narhanim Aslan,narhanim.aslan209@example.com,+905571775140,2021-12-18,2025-09-13,Konya,Meram,Türkiye,143.78,25
1983,166,Bayan Gülsü Sabır Kısakürek,bayan.gulsu.sabir.kisakurek166@example.com,+905227530463,2023-06-12,2026-05-07,Trabzon,Ortahisar,Türkiye,366.84,66
1984,291,Cemiyle Bilge,cemiyle.bilge291@example.com,+905513534655,2024-06-27,2025-10-10,Erzurum,Yakutiye,Türkiye,299.1,55
1985,187,Dr. Dilşat Durdu Akça,dr.dilsat.durdu.akca187@example.com,+905801006231,2021-12-25,2025-06-09,Adana,Seyhan,Türkiye,112.07,27
1986,326,Müferrih Ruhugül Akçay,muferrih.ruhugul.akcay326@example.com,+905259094798,2023-12-10,2025-09-27,Antalya,Muratpaşa,Türkiye,311.52,22
1987,497,Remazan Duran,remazan.duran497@example.com,+905136565198,2025-03-06,2026-05-07,Manisa,Şehzadeler,Türkiye,378.86,38
1988,332,Berran İnönü,berran.inonu332@example.com,+905024819346,2023-10-10,2026-02-06,İzmir,Konak,Türkiye,294.21,46
1989,307,Hazine Soylu Çamurcuoğlu,hazine.soylu.camurcuoglu307@example.com,+905120216979,2022-02-22,2026-06-10,Denizli,Pamukkale,Türkiye,208.03,46
1990,396,Belgizar Manço Korutürk,belgizar.manco.koruturk396@example.com,+905979251327,2025-06-08,2025-06-24,İstanbul,Kadıköy,Türkiye,340.18,61
1991,304,Filit Idık Arsoy,filit.idik.arsoy304@example.com,+905114374470,2025-05-22,2025-10-10,İzmir,Karşıyaka,Türkiye,379.6,70
1992,378,Ruhugül Gül Sakarya,ruhugul.gul.sakarya378@example.com,+905061593998,2024-12-20,2026-02-02,Mersin,Toroslar,Türkiye,350.24,67
1993,151,Özakan Mazlum Bilgin Akçay,ozakan.mazlum.bilgin.akcay151@example.com,+905239868000,2025-03-07,2025-09-20,Eskişehir,Tepebaşı,Türkiye,329.42,63
1994,46,Sümeyye Hayrioğlu,sumeyye.hayrioglu46@example.com,+905556464170,2021-09-30,2025-12-19,Konya,Meram,Türkiye,292.26,52
1995,203,Musaffa Akdeniz,musaffa.akdeniz203@example.com,+905564651939,2022-11-21,2026-01-06,Şanlıurfa,Eyyübiye,Türkiye,195.66,29
1996,95,Cuheyna Enfes Eraslan,cuheyna.enfes.eraslan95@example.com,+905118367365,2023-05-29,2025-07-29,Manisa,Şehzadeler,Türkiye,270.76,43
1997,496,Recepali Arsoy,recepali.arsoy496@example.com,+905204179291,2025-05-09,2026-04-27,Antalya,Muratpaşa,Türkiye,204.74,25
1998,321,Gürcüye Gülev Mansız Eraslan,gurcuye.gulev.mansiz.eraslan321@example.com,+905620034244,2025-02-16,2025-02-16,Bursa,Nilüfer,Türkiye,368.15,71
1999,349,Günsel Selvi Dumanlı Akça,gunsel.selvi.dumanli.akca349@example.com,+905651777392,2022-04-27,2025-07-29,Bursa,Nilüfer,Türkiye,418.24,71
2000,447,Nurbanu Limon Kısakürek Seven,nurbanu.limon.kisakurek.seven447@example.com,+905344144885,2021-08-25,2025-03-15,Konya,Selçuklu,Türkiye,90.3,18
2001,486,Öğr. Şöhret Yılmaz Akçay,ogr.sohret.yilmaz.akcay486@example.com,+905471746542,2021-07-28,2025-03-28,Adana,Çukurova,Türkiye,115.44,22
2002,54,Piran Nurda Dumanlı,piran.nurda.dumanli54@example.com,+905837770143,2023-09-06,2026-05-04,Denizli,Pamukkale,Türkiye,315.43,62
2003,8,Çerçi Sezgin,cerci.sezgin8@example.com,+905423884969,2023-09-17,2025-05-21,Diyarbakır,Kayapınar,Türkiye,256.33,41
2004,268,Ferihan Dumanlı,ferihan.dumanli268@example.com,+905296201533,2023-08-27,2025-08-20,İstanbul,Şişli,Türkiye,386.84,62
2005,48,Hayrünnisa Ağbegim Yüksel,hayrunnisa.agbegim.yuksel48@example.com,+905745299124,2025-05-05,2025-12-04,Van,İpekyolu,Türkiye,288.01,55
2006,143,Dr. Gönen Ebuakil Sezgin,dr.gonen.ebuakil.sezgin143@example.com,+905900109439,2023-08-12,2025-03-16,Manisa,Şehzadeler,Türkiye,307.12,57
2007,24,Dr. Günkurt Şanlı Öcalan,dr.gunkurt.sanli.ocalan24@example.com,+905183842513,2023-11-17,2025-04-03,Manisa,Şehzadeler,Türkiye,193.01,36
2008,460,Öğr. Hafıza Yaman Manço,ogr.hafiza.yaman.manco460@example.com,+905733294562,2022-01-10,2026-04-03,Kayseri,Kocasinan,Türkiye,311.72,60
2009,380,Nurdeniz Manço,nurdeniz.manco380@example.com,+905125355449,2022-05-02,2025-08-06,Trabzon,Ortahisar,Türkiye,214.3,43
2010,235,Serfinaz Çamurcuoğlu Dumanlı,serfinaz.camurcuoglu.dumanli235@example.com,+905661889241,2024-03-18,2025-09-17,Malatya,Yeşilyurt,Türkiye,160.03,23
2011,153,Mücellib Bektaşi Sezgin Ertaş,mucellib.bektasi.sezgin.ertas153@example.com,+905888794705,2024-02-03,2025-05-27,Van,İpekyolu,Türkiye,305.22,61
2012,112,Yrd. Doç. Fehmiye Havali Bilge,yrd.doc.fehmiye.havali.bilge112@example.com,+905986798079,2022-04-18,2026-02-21,İzmir,Karşıyaka,Türkiye,150.71,30
2013,220,Öğr. Doğuhan Korutürk,ogr.doguhan.koruturk220@example.com,+905959629233,2025-08-13,2026-06-18,Gaziantep,Şahinbey,Türkiye,309.2,54
2014,60,Çev. Tüzeer Nurullah Bilir,cev.tuzeer.nurullah.bilir60@example.com,+905999386774,2022-08-25,2026-04-03,Bursa,Osmangazi,Türkiye,216.15,45
2015,361,Behrem Yılmaz,behrem.yilmaz361@example.com,+905351906698,2024-05-05,2025-11-01,İzmir,Bornova,Türkiye,383.11,63
2016,224,Eskinalp Türk,eskinalp.turk224@example.com,+905751863637,2024-06-11,2025-09-10,İzmir,Karşıyaka,Türkiye,379.47,38
2017,445,Bay Erdogan Demirel,bay.erdogan.demirel445@example.com,+905299787729,2024-08-23,2025-12-14,Manisa,Şehzadeler,Türkiye,302.72,63
2018,335,Alaz Eraslan Duran,alaz.eraslan.duran335@example.com,+905842450882,2025-04-04,2025-11-29,Antalya,Kepez,Türkiye,101.43,20
2019,488,İzgü Manço,izgu.manco488@example.com,+905286391741,2025-10-02,2025-11-05,Şanlıurfa,Eyyübiye,Türkiye,103.11,22
2020,165,Zeyno Ertaş,zeyno.ertas165@example.com,+905205493296,2023-07-21,2026-06-27,Diyarbakır,Kayapınar,Türkiye,253.25,50
2021,316,Ümray Mehdiye Sezer Arslan,umray.mehdiye.sezer.arslan316@example.com,+905516091779,2023-02-14,2025-12-22,Diyarbakır,Kayapınar,Türkiye,180.63,26
2022,62,Öğr. Sonnur Sezgin Seven,ogr.sonnur.sezgin.seven62@example.com,+905974034471,2022-02-04,2025-03-10,Denizli,Pamukkale,Türkiye,236.65,32
2023,82,Dr. Sökmen Erdoğan,dr.sokmen.erdogan82@example.com,+905210470952,2025-06-11,2025-12-22,Konya,Meram,Türkiye,176.48,36
2024,307,Hazine Soylu Çamurcuoğlu,hazine.soylu.camurcuoglu307@example.com,+905120216979,2022-02-22,2026-06-21,Denizli,Pamukkale,Türkiye,246.3,46
2025,6,Yağızkurt Şensoy,yagizkurt.sensoy6@example.com,+905928327648,2024-09-19,2025-04-29,Mersin,Yenişehir,Türkiye,303.89,61
2026,120,Belgizar Öcalan,belgizar.ocalan120@example.com,+905746886239,2025-03-04,2025-04-25,Samsun,Atakum,Türkiye,413.49,73
2027,499,Bayan Nürice Arsoy Eraslan,bayan.nurice.arsoy.eraslan499@example.com,+905902196207,2025-06-30,2026-05-04,Diyarbakır,Kayapınar,Türkiye,61.6,18
2028,54,Piran Nurda Dumanlı,piran.nurda.dumanli54@example.com,+905837770143,2023-09-06,2025-12-27,Denizli,Pamukkale,Türkiye,342.85,62
2029,280,Fazul Gül,fazul.gul280@example.com,+905469137367,2021-09-09,2025-11-18,Diyarbakır,Kayapınar,Türkiye,462.84,51
2030,352,Gülev Demir,gulev.demir352@example.com,+905929842579,2022-08-21,2026-06-02,Denizli,Pamukkale,Türkiye,92.62,22
2031,190,Över İlalmış Aksu Hançer,over.ilalmis.aksu.hancer190@example.com,+905546156793,2022-01-15,2025-09-13,Malatya,Yeşilyurt,Türkiye,142.13,32
2032,136,Rayla Zülbiye Karadeniz,rayla.zulbiye.karadeniz136@example.com,+905814473947,2024-10-29,2025-05-06,Şanlıurfa,Eyyübiye,Türkiye,117.94,25
2033,87,Emal Ülker Şensoy,emal.ulker.sensoy87@example.com,+905675869261,2023-03-16,2026-05-04,Erzurum,Yakutiye,Türkiye,352.08,57
2034,53,Öğr. Zerafet Gülper Demirel,ogr.zerafet.gulper.demirel53@example.com,+905545494808,2024-11-16,2026-02-14,Şanlıurfa,Eyyübiye,Türkiye,142.67,23
2035,342,Aktemür Göken Soylu,aktemur.goken.soylu342@example.com,+905930848872,2023-11-24,2025-03-10,İstanbul,Şişli,Türkiye,231.97,43
2036,401,Alkor Manço,alkor.manco401@example.com,+905387829456,2022-05-10,2025-09-08,Erzurum,Yakutiye,Türkiye,192.83,38
2037,39,Dilfeza Arslan,dilfeza.arslan39@example.com,+905328708317,2025-03-14,2025-12-12,Bursa,Osmangazi,Türkiye,406.76,69
2038,318,Kâzime Yılmaz Durdu,kzime.yilmaz.durdu318@example.com,+905866934654,2023-05-30,2025-03-19,Manisa,Şehzadeler,Türkiye,348.27,69
2039,406,Hazrat Melihcan Demir Arslan,hazrat.melihcan.demir.arslan406@example.com,+905195761228,2023-09-12,2026-05-02,Adana,Çukurova,Türkiye,258.75,50
2040,196,Yıldız Samahat Ülker Arsoy,yildiz.samahat.ulker.arsoy196@example.com,+905943114262,2021-10-20,2025-04-25,Trabzon,Ortahisar,Türkiye,227.41,42
2041,500,Hüsmen Çetin,husmen.cetin500@example.com,+905946723248,2023-06-04,2025-12-19,İzmir,Karşıyaka,Türkiye,214.18,44
2042,140,Dr. Gülşeref Umuşan Güçlü Çetin,dr.gulseref.umusan.guclu.cetin140@example.com,+905778528922,2023-07-10,2026-03-18,Eskişehir,Odunpazarı,Türkiye,337.6,50
2043,491,Dr. Dilcan Ticen Tevetoğlu Duran,dr.dilcan.ticen.tevetoglu.duran491@example.com,+905460158517,2021-09-07,2025-04-01,Samsun,Atakum,Türkiye,331.08,67
2044,273,Mürit Baturay Şensoy Karadeniz,murit.baturay.sensoy.karadeniz273@example.com,+905806868793,2023-04-12,2026-04-11,Denizli,Pamukkale,Türkiye,189.15,37
2045,475,Yasan Şehamet Fırat Akdeniz,yasan.sehamet.firat.akdeniz475@example.com,+905778795654,2024-04-29,2025-06-26,Eskişehir,Odunpazarı,Türkiye,113.59,28
2046,487,Adlan Eraslan,adlan.eraslan487@example.com,+905650442717,2024-10-28,2025-05-27,Ankara,Keçiören,Türkiye,332.31,57
2047,374,Servinaz Tülin Tevetoğlu,servinaz.tulin.tevetoglu374@example.com,+905527636556,2024-05-19,2025-03-23,Manisa,Şehzadeler,Türkiye,229.36,46
2048,188,Nafii Sezer,nafii.sezer188@example.com,+905509977008,2022-11-09,2025-10-27,Malatya,Yeşilyurt,Türkiye,210.78,44
2049,212,Öğr. Çilga Hazine Sezer,ogr.cilga.hazine.sezer212@example.com,+905918255371,2024-06-23,2026-05-28,Mersin,Yenişehir,Türkiye,534.28,60
2050,13,Şehreban Kardelen Sezgin Türk,sehreban.kardelen.sezgin.turk13@example.com,+905227824896,2024-10-05,2025-12-06,İzmir,Karşıyaka,Türkiye,456.77,52
2051,38,Us Sadittin İnönü Aslan,us.sadittin.inonu.aslan38@example.com,+905769367632,2022-04-09,2025-11-22,Şanlıurfa,Eyyübiye,Türkiye,335.17,62
2052,367,Sevican Asu Yorulmaz,sevican.asu.yorulmaz367@example.com,+905714163356,2023-12-20,2026-02-07,Van,İpekyolu,Türkiye,316.88,51
2053,83,Öğr. Baydu Serda Yüksel,ogr.baydu.serda.yuksel83@example.com,+905328588424,2023-04-01,2025-07-18,Denizli,Pamukkale,Türkiye,368.45,69
2054,206,Nades Yıldırım Soylu,nades.yildirim.soylu206@example.com,+905135290965,2023-07-15,2025-02-08,Samsun,İlkadım,Türkiye,106.4,24
2055,27,Dirlik Çamurcuoğlu,dirlik.camurcuoglu27@example.com,+905052427868,2025-11-23,2026-01-07,Mersin,Yenişehir,Türkiye,104.0,25
2056,38,Us Sadittin İnönü Aslan,us.sadittin.inonu.aslan38@example.com,+905769367632,2022-04-09,2026-02-16,Şanlıurfa,Eyyübiye,Türkiye,292.96,62
2057,496,Recepali Arsoy,recepali.arsoy496@example.com,+905204179291,2025-05-09,2025-08-07,Antalya,Muratpaşa,Türkiye,159.39,25
2058,482,Bay Gümüştekin Ayvas Karadeniz,bay.gumustekin.ayvas.karadeniz482@example.com,+905185694544,2025-05-25,2026-03-09,Malatya,Yeşilyurt,Türkiye,191.2,34
2059,2,Uz. Zamir Açıkel Tarhan,uz.zamir.acikel.tarhan2@example.com,+905838637940,2021-09-10,2025-02-04,Gaziantep,Şahinbey,Türkiye,359.41,69
2060,277,Kayrabay Akar,kayrabay.akar277@example.com,+905191485646,2022-04-11,2025-03-22,Van,İpekyolu,Türkiye,314.29,49
2061,443,Ürfettin Şabettin Şama Demirel,urfettin.sabettin.sama.demirel443@example.com,+905472145868,2024-10-09,2026-06-22,Erzurum,Yakutiye,Türkiye,294.82,62
2062,102,Av. Kısmet Aynımah Yılmaz,av.kismet.aynimah.yilmaz102@example.com,+905022901476,2023-03-24,2026-05-01,Van,İpekyolu,Türkiye,342.26,56
2063,238,Teber Bilir,teber.bilir238@example.com,+905252410564,2023-01-05,2025-10-18,Malatya,Yeşilyurt,Türkiye,131.94,22
2064,438,Tanyolaç Tevetoğlu,tanyolac.tevetoglu438@example.com,+905447421230,2022-06-16,2025-06-16,Ankara,Keçiören,Türkiye,379.09,66
2065,233,Binay Huban Demir,binay.huban.demir233@example.com,+905805526965,2022-11-20,2025-08-18,Şanlıurfa,Eyyübiye,Türkiye,313.06,61
2066,489,Dr. Mahter Havse Hançer,dr.mahter.havse.hancer489@example.com,+905072006425,2023-10-03,2026-03-02,Mersin,Toroslar,Türkiye,291.81,54
2067,333,Av. Ulutay Yilmaz Tarhan,av.ulutay.yilmaz.tarhan333@example.com,+905061809190,2022-01-07,2026-02-07,Denizli,Pamukkale,Türkiye,370.53,72
2068,267,Ertuncay Durmuş,ertuncay.durmus267@example.com,+905526218159,2022-07-05,2026-02-18,Bursa,Nilüfer,Türkiye,442.45,75
2069,383,Elvan Çisem Yorulmaz Zengin,elvan.cisem.yorulmaz.zengin383@example.com,+905492164334,2023-06-19,2026-05-01,İzmir,Konak,Türkiye,310.73,58
2070,262,Muvaffak Avşin Hayrioğlu,muvaffak.avsin.hayrioglu262@example.com,+905528953926,2024-03-24,2025-05-04,Denizli,Pamukkale,Türkiye,395.46,64
2071,129,Jankat Şafak,jankat.safak129@example.com,+905430305486,2022-11-26,2026-03-26,Diyarbakır,Kayapınar,Türkiye,254.02,48
2072,389,Dilşat Laze Durdu Bilgin,dilsat.laze.durdu.bilgin389@example.com,+905484631224,2025-04-30,2026-03-19,Gaziantep,Şehitkamil,Türkiye,322.65,58
2073,196,Yıldız Samahat Ülker Arsoy,yildiz.samahat.ulker.arsoy196@example.com,+905943114262,2021-10-20,2025-04-15,Trabzon,Ortahisar,Türkiye,190.73,42
2074,470,Kamar Tarhan,kamar.tarhan470@example.com,+905242201027,2022-04-05,2025-06-20,Samsun,Atakum,Türkiye,281.86,45
2075,14,Arş. Gör. Edaviye Nuriyet Çorlu Durmuş,ars.gor.edaviye.nuriyet.corlu.durmus14@example.com,+905657871331,2024-01-20,2025-04-05,Konya,Meram,Türkiye,137.66,19
2076,89,Abdülhadi Ertaş,abdulhadi.ertas89@example.com,+905171390053,2025-03-30,2025-06-25,Mersin,Yenişehir,Türkiye,398.88,68
2077,335,Alaz Eraslan Duran,alaz.eraslan.duran335@example.com,+905842450882,2025-04-04,2026-03-30,Antalya,Kepez,Türkiye,92.94,20
2078,291,Cemiyle Bilge,cemiyle.bilge291@example.com,+905513534655,2024-06-27,2025-05-26,Erzurum,Yakutiye,Türkiye,318.82,55
2079,61,Yigit İhsanoğlu,yigit.ihsanoglu61@example.com,+905913341232,2022-11-08,2026-06-22,Manisa,Şehzadeler,Türkiye,123.13,22
2080,28,Gülşa Şensoy,gulsa.sensoy28@example.com,+905598262045,2025-09-22,2026-04-06,Antalya,Muratpaşa,Türkiye,440.34,75
2081,292,Dr. Yekbun Sevgen Yılmaz Gül,dr.yekbun.sevgen.yilmaz.gul292@example.com,+905099917381,2022-02-17,2026-01-30,Bursa,Osmangazi,Türkiye,270.32,42
2082,492,Temirhan Zorlu,temirhan.zorlu492@example.com,+905806346157,2025-06-22,2025-11-24,Konya,Selçuklu,Türkiye,441.85,74
2083,378,Ruhugül Gül Sakarya,ruhugul.gul.sakarya378@example.com,+905061593998,2024-12-20,2025-10-09,Mersin,Toroslar,Türkiye,363.1,67
2084,357,Okt. Öngen Bilgen Çetin,okt.ongen.bilgen.cetin357@example.com,+905806356512,2023-07-24,2026-01-31,İstanbul,Kadıköy,Türkiye,368.63,59
2085,297,Miyesser Şener Demirel,miyesser.sener.demirel297@example.com,+905104478985,2023-07-08,2025-05-01,Kayseri,Melikgazi,Türkiye,418.82,74
2086,252,Doç. Musaffa Şehreban Eraslan,doc.musaffa.sehreban.eraslan252@example.com,+905941013721,2024-02-02,2025-02-07,İzmir,Karşıyaka,Türkiye,142.69,25
2087,95,Cuheyna Enfes Eraslan,cuheyna.enfes.eraslan95@example.com,+905118367365,2023-05-29,2025-06-26,Manisa,Şehzadeler,Türkiye,303.1,43
2088,163,Fayize Demirel Bilir,fayize.demirel.bilir163@example.com,+905620672400,2024-04-10,2025-10-19,Ankara,Çankaya,Türkiye,322.82,54
2089,404,Öğr. Şemsinisa Selime Seven,ogr.semsinisa.selime.seven404@example.com,+905058650948,2025-09-20,2026-04-25,İzmir,Bornova,Türkiye,359.33,64
2090,119,Korugan Şama,korugan.sama119@example.com,+905379473834,2023-04-27,2025-08-09,Denizli,Pamukkale,Türkiye,590.69,75
2091,84,Tayaydın Atalay Seven,tayaydin.atalay.seven84@example.com,+905712368516,2025-11-14,2026-03-13,Eskişehir,Odunpazarı,Türkiye,198.93,34
2092,184,Çağlasın Akdurmuş Akça,caglasin.akdurmus.akca184@example.com,+905587717535,2024-03-12,2026-05-27,Kayseri,Kocasinan,Türkiye,220.31,44
2093,500,Hüsmen Çetin,husmen.cetin500@example.com,+905946723248,2023-06-04,2025-11-27,İzmir,Karşıyaka,Türkiye,246.43,44
2094,500,Hüsmen Çetin,husmen.cetin500@example.com,+905946723248,2023-06-04,2025-06-24,İzmir,Karşıyaka,Türkiye,199.54,44
2095,347,İvecen Oganer Mansız Seven,ivecen.oganer.mansiz.seven347@example.com,+905846386557,2023-03-31,2026-06-13,Van,İpekyolu,Türkiye,429.38,74
2096,213,Dr. Tanses Dumanlı Çetin,dr.tanses.dumanli.cetin213@example.com,+905969691557,2022-06-27,2025-02-28,Malatya,Yeşilyurt,Türkiye,369.45,29
2097,47,Bayan Dilfeza İhsanoğlu Arsoy,bayan.dilfeza.ihsanoglu.arsoy47@example.com,+905100330923,2025-03-29,2025-07-24,Samsun,İlkadım,Türkiye,297.35,48
2098,66,Altınkaya Koşukhan Gül Şama,altinkaya.kosukhan.gul.sama66@example.com,+905874296717,2023-12-31,2025-04-03,Adana,Çukurova,Türkiye,248.6,44
2099,78,Sezal Zahid Duran,sezal.zahid.duran78@example.com,+905922219693,2023-02-27,2025-04-14,Malatya,Yeşilyurt,Türkiye,304.45,55
2100,91,Emine. İhsanoğlu,emine.ihsanoglu91@example.com,+905020539502,2024-06-17,2025-01-13,Adana,Seyhan,Türkiye,68.85,21
2101,204,Av. Atnan Eşref Akgündüz,av.atnan.esref.akgunduz204@example.com,+905737416724,2024-08-04,2025-10-27,Erzurum,Yakutiye,Türkiye,232.1,34
2102,291,Cemiyle Bilge,cemiyle.bilge291@example.com,+905513534655,2024-06-27,2025-02-01,Erzurum,Yakutiye,Türkiye,291.63,55
2103,67,Erdursun Dalkılıç Akar Duran,erdursun.dalkilic.akar.duran67@example.com,+905567468071,2024-03-08,2025-12-20,Bursa,Nilüfer,Türkiye,174.25,34
2104,448,Şahnuray Yorulmaz,sahnuray.yorulmaz448@example.com,+905699023557,2023-04-16,2026-02-20,Eskişehir,Tepebaşı,Türkiye,402.78,69
2105,8,Çerçi Sezgin,cerci.sezgin8@example.com,+905423884969,2023-09-17,2025-03-11,Diyarbakır,Kayapınar,Türkiye,219.57,41
2106,57,Yrd. Doç. Duruk Abdülahat Erdoğan,yrd.doc.duruk.abdulahat.erdogan57@example.com,+905435240824,2025-09-10,2025-12-22,Bursa,Nilüfer,Türkiye,137.14,21
2107,131,Minibe Ülker,minibe.ulker131@example.com,+905584161692,2022-11-21,2025-06-14,Şanlıurfa,Eyyübiye,Türkiye,184.29,36
2108,270,Doç. Bozbağ Görgünay Durmuş,doc.bozbag.gorgunay.durmus270@example.com,+905497310324,2025-06-28,2026-04-08,Denizli,Pamukkale,Türkiye,459.53,48
2109,124,Gözem Zengin,gozem.zengin124@example.com,+905432898614,2024-08-13,2026-01-01,İzmir,Konak,Türkiye,167.9,37
2110,243,Servinaz Belkize Tarhan,servinaz.belkize.tarhan243@example.com,+905494937597,2021-08-13,2026-06-25,Samsun,İlkadım,Türkiye,340.49,67
2111,267,Ertuncay Durmuş,ertuncay.durmus267@example.com,+905526218159,2022-07-05,2025-07-15,Bursa,Nilüfer,Türkiye,436.99,75
2112,328,Yurtseven Tule Çamurcuoğlu Aslan,yurtseven.tule.camurcuoglu.aslan328@example.com,+905554398780,2025-04-22,2026-02-21,Konya,Meram,Türkiye,303.91,60
2113,121,Necva Şensoy,necva.sensoy121@example.com,+905818141247,2023-01-26,2025-02-28,Şanlıurfa,Eyyübiye,Türkiye,354.39,27
2114,179,Muvaffak Hayrioğlu,muvaffak.hayrioglu179@example.com,+905687056856,2023-08-29,2025-06-03,Van,İpekyolu,Türkiye,150.44,27
2115,184,Çağlasın Akdurmuş Akça,caglasin.akdurmus.akca184@example.com,+905587717535,2024-03-12,2026-03-05,Kayseri,Kocasinan,Türkiye,204.03,44
2116,175,Koldan Zengin,koldan.zengin175@example.com,+905478686337,2024-01-04,2025-04-29,İstanbul,Kadıköy,Türkiye,141.76,27
2117,63,Aykutalp Sakarya,aykutalp.sakarya63@example.com,+905618324210,2025-01-07,2025-10-30,Van,İpekyolu,Türkiye,350.08,68
2118,243,Servinaz Belkize Tarhan,servinaz.belkize.tarhan243@example.com,+905494937597,2021-08-13,2025-06-15,Samsun,İlkadım,Türkiye,361.08,67
2119,86,Hayel Eraslan,hayel.eraslan86@example.com,+905746120047,2025-04-19,2025-10-19,Gaziantep,Şahinbey,Türkiye,111.13,24
2120,331,Dilşat Ertaş,dilsat.ertas331@example.com,+905361386120,2023-05-17,2025-01-12,İzmir,Konak,Türkiye,315.65,63
2121,109,Aköz Hançer,akoz.hancer109@example.com,+905124329212,2021-08-13,2025-07-12,Antalya,Muratpaşa,Türkiye,346.72,58
2122,487,Adlan Eraslan,adlan.eraslan487@example.com,+905650442717,2024-10-28,2025-01-25,Ankara,Keçiören,Türkiye,356.74,57
2123,30,Erdibay Korutürk,erdibay.koruturk30@example.com,+905342160733,2023-05-15,2025-12-05,Eskişehir,Tepebaşı,Türkiye,212.23,40
2124,165,Zeyno Ertaş,zeyno.ertas165@example.com,+905205493296,2023-07-21,2025-05-31,Diyarbakır,Kayapınar,Türkiye,271.2,50
2125,67,Erdursun Dalkılıç Akar Duran,erdursun.dalkilic.akar.duran67@example.com,+905567468071,2024-03-08,2026-02-01,Bursa,Nilüfer,Türkiye,175.32,34
2126,224,Eskinalp Türk,eskinalp.turk224@example.com,+905751863637,2024-06-11,2025-05-07,İzmir,Karşıyaka,Türkiye,419.77,38
2127,98,Yaşattin Şama,yasattin.sama98@example.com,+905945198327,2024-09-09,2026-01-24,Ankara,Keçiören,Türkiye,376.68,72
2128,154,Selmin Mansız,selmin.mansiz154@example.com,+905097499309,2023-04-04,2025-09-03,Denizli,Pamukkale,Türkiye,241.48,28
2129,65,Ulu Tunçboğa Şensoy,ulu.tuncboga.sensoy65@example.com,+905940139904,2022-09-19,2026-06-06,Denizli,Pamukkale,Türkiye,291.96,20
2130,213,Dr. Tanses Dumanlı Çetin,dr.tanses.dumanli.cetin213@example.com,+905969691557,2022-06-27,2025-07-13,Malatya,Yeşilyurt,Türkiye,343.92,29
2131,307,Hazine Soylu Çamurcuoğlu,hazine.soylu.camurcuoglu307@example.com,+905120216979,2022-02-22,2025-01-19,Denizli,Pamukkale,Türkiye,233.23,46
2132,75,Kaver İhsanoğlu Çetin,kaver.ihsanoglu.cetin75@example.com,+905621745961,2024-02-09,2025-02-28,İstanbul,Beşiktaş,Türkiye,392.63,72
2133,444,Onursu Şensoy,onursu.sensoy444@example.com,+905981794695,2024-06-29,2025-12-24,Ankara,Çankaya,Türkiye,282.63,51
2134,267,Ertuncay Durmuş,ertuncay.durmus267@example.com,+905526218159,2022-07-05,2025-10-24,Bursa,Nilüfer,Türkiye,454.76,75
2135,494,Tanyolaç Ergül,tanyolac.ergul494@example.com,+905050506138,2023-05-19,2026-04-25,Diyarbakır,Kayapınar,Türkiye,504.41,61
2136,139,Seçgül Dumanlı,secgul.dumanli139@example.com,+905911467866,2022-09-22,2025-09-16,Erzurum,Yakutiye,Türkiye,70.23,22
2137,61,Yigit İhsanoğlu,yigit.ihsanoglu61@example.com,+905913341232,2022-11-08,2026-04-16,Manisa,Şehzadeler,Türkiye,117.47,22
2138,98,Yaşattin Şama,yasattin.sama98@example.com,+905945198327,2024-09-09,2025-11-05,Ankara,Keçiören,Türkiye,388.05,72
2139,264,Vacibe Alemdar Yılmaz,vacibe.alemdar.yilmaz264@example.com,+905513552157,2025-11-19,2025-12-20,Şanlıurfa,Eyyübiye,Türkiye,180.01,34
2140,175,Koldan Zengin,koldan.zengin175@example.com,+905478686337,2024-01-04,2025-03-22,İstanbul,Kadıköy,Türkiye,133.71,27
2141,386,Nefaret Cuheyna Durdu,nefaret.cuheyna.durdu386@example.com,+905456424008,2021-09-12,2025-11-04,İzmir,Bornova,Türkiye,400.02,72
2142,454,Elifnur Tevetoğlu Demirel,elifnur.tevetoglu.demirel454@example.com,+905681040915,2023-05-01,2026-05-27,Ankara,Keçiören,Türkiye,384.33,74
2143,215,Öğr. Uğurtan Erbil Hançer,ogr.ugurtan.erbil.hancer215@example.com,+905627828274,2025-02-28,2025-07-15,Antalya,Kepez,Türkiye,151.14,29
2144,188,Nafii Sezer,nafii.sezer188@example.com,+905509977008,2022-11-09,2025-07-23,Malatya,Yeşilyurt,Türkiye,242.01,44
2145,78,Sezal Zahid Duran,sezal.zahid.duran78@example.com,+905922219693,2023-02-27,2025-12-19,Malatya,Yeşilyurt,Türkiye,272.11,55
2146,233,Binay Huban Demir,binay.huban.demir233@example.com,+905805526965,2022-11-20,2025-10-30,Şanlıurfa,Eyyübiye,Türkiye,282.74,61
2147,100,Tülin Soylu,tulin.soylu100@example.com,+905244550229,2022-04-06,2025-06-23,Mersin,Yenişehir,Türkiye,230.53,43
2148,196,Yıldız Samahat Ülker Arsoy,yildiz.samahat.ulker.arsoy196@example.com,+905943114262,2021-10-20,2025-03-09,Trabzon,Ortahisar,Türkiye,204.98,42
2149,51,Başok Ülker,basok.ulker51@example.com,+905628498776,2021-11-06,2026-03-26,Diyarbakır,Kayapınar,Türkiye,305.52,55
2150,448,Şahnuray Yorulmaz,sahnuray.yorulmaz448@example.com,+905699023557,2023-04-16,2026-01-07,Eskişehir,Tepebaşı,Türkiye,376.25,69
2151,344,Kerman Ertaş,kerman.ertas344@example.com,+905827229927,2023-12-09,2026-03-25,Manisa,Şehzadeler,Türkiye,97.44,20
2152,191,Seyithan Akatay İhsanoğlu Hançer,seyithan.akatay.ihsanoglu.hancer191@example.com,+905016668700,2022-01-03,2025-12-29,İzmir,Karşıyaka,Türkiye,124.51,28
2153,364,Arş. Gör. Dilsitan Banü Güçlü,ars.gor.dilsitan.banu.guclu364@example.com,+905118489554,2024-09-05,2025-01-06,Konya,Selçuklu,Türkiye,375.98,56
2154,10,Ferahdiba Bilir,ferahdiba.bilir10@example.com,+905801845146,2025-01-23,2025-05-27,Malatya,Yeşilyurt,Türkiye,226.02,47
2155,461,Galip Akdeniz,galip.akdeniz461@example.com,+905701715772,2024-05-13,2025-08-31,Eskişehir,Tepebaşı,Türkiye,362.84,67
2156,481,Hatin Nüdret Çorlu Arsoy,hatin.nudret.corlu.arsoy481@example.com,+905674286047,2023-10-22,2025-05-19,Gaziantep,Şehitkamil,Türkiye,334.62,61
2157,196,Yıldız Samahat Ülker Arsoy,yildiz.samahat.ulker.arsoy196@example.com,+905943114262,2021-10-20,2025-05-09,Trabzon,Ortahisar,Türkiye,220.25,42
2158,380,Nurdeniz Manço,nurdeniz.manco380@example.com,+905125355449,2022-05-02,2026-01-31,Trabzon,Ortahisar,Türkiye,192.66,43
2159,379,Salimet Hayrioğlu,salimet.hayrioglu379@example.com,+905716947225,2023-08-02,2025-06-08,Eskişehir,Tepebaşı,Türkiye,366.72,58
2160,337,İlklima Kısakürek,ilklima.kisakurek337@example.com,+905312908781,2024-04-26,2025-01-22,Manisa,Şehzadeler,Türkiye,332.14,60
2161,416,Merzuk Adlan Ertaş,merzuk.adlan.ertas416@example.com,+905898331465,2022-02-09,2025-06-23,Trabzon,Ortahisar,Türkiye,278.48,54
2162,118,Haliye Habibe Yıldırım,haliye.habibe.yildirim118@example.com,+905592962229,2025-01-07,2025-08-15,Malatya,Yeşilyurt,Türkiye,369.91,64
2163,250,Rahiye Kumral Zorlu,rahiye.kumral.zorlu250@example.com,+905804420678,2021-10-02,2025-07-06,Samsun,Atakum,Türkiye,275.36,53
2164,38,Us Sadittin İnönü Aslan,us.sadittin.inonu.aslan38@example.com,+905769367632,2022-04-09,2025-08-13,Şanlıurfa,Eyyübiye,Türkiye,313.2,62
2165,221,Çev. İnsaf İnönü Fırat,cev.insaf.inonu.firat221@example.com,+905544948126,2025-08-13,2026-06-19,Mersin,Yenişehir,Türkiye,354.33,35
2166,295,Naide Mansız,naide.mansiz295@example.com,+905966667600,2022-12-15,2025-06-10,İzmir,Konak,Türkiye,382.32,30
2167,473,Ayülker Şensoy,ayulker.sensoy473@example.com,+905009751971,2025-02-25,2026-03-20,Van,İpekyolu,Türkiye,529.56,64
2168,440,Muktedir Ünübol Durdu,muktedir.unubol.durdu440@example.com,+905384983022,2025-08-22,2026-06-29,Manisa,Şehzadeler,Türkiye,323.37,59
2169,158,Yahşi Soylu,yahsi.soylu158@example.com,+905437575844,2025-04-07,2025-06-26,Gaziantep,Şehitkamil,Türkiye,308.72,54
2170,397,Aydinç Korutürk,aydinc.koruturk397@example.com,+905528127358,2022-05-02,2025-11-24,Ankara,Çankaya,Türkiye,358.31,66
2171,215,Öğr. Uğurtan Erbil Hançer,ogr.ugurtan.erbil.hancer215@example.com,+905627828274,2025-02-28,2025-07-29,Antalya,Kepez,Türkiye,139.94,29
2172,345,Zeride Sabihe Zengin Korutürk,zeride.sabihe.zengin.koruturk345@example.com,+905145303856,2023-04-26,2025-12-18,Şanlıurfa,Eyyübiye,Türkiye,441.19,47
2173,139,Seçgül Dumanlı,secgul.dumanli139@example.com,+905911467866,2022-09-22,2025-07-28,Erzurum,Yakutiye,Türkiye,97.14,22
2174,208,Hürdoğan Sezgin,hurdogan.sezgin208@example.com,+905507146112,2023-12-30,2025-02-28,Malatya,Yeşilyurt,Türkiye,191.23,37
2175,112,Yrd. Doç. Fehmiye Havali Bilge,yrd.doc.fehmiye.havali.bilge112@example.com,+905986798079,2022-04-18,2025-02-01,İzmir,Karşıyaka,Türkiye,159.91,30
2176,475,Yasan Şehamet Fırat Akdeniz,yasan.sehamet.firat.akdeniz475@example.com,+905778795654,2024-04-29,2025-01-30,Eskişehir,Odunpazarı,Türkiye,132.32,28
2177,156,Doç. Nerim Dumanlı,doc.nerim.dumanli156@example.com,+905897028385,2022-03-27,2025-06-16,Konya,Meram,Türkiye,300.0,48
2178,234,Yrd. Doç. Şahdiye Hafıza Öcalan,yrd.doc.sahdiye.hafiza.ocalan234@example.com,+905091043006,2023-02-09,2025-04-08,Şanlıurfa,Eyyübiye,Türkiye,254.16,36
2179,467,Okt. Havse Selvi Mansız,okt.havse.selvi.mansiz467@example.com,+905946519098,2023-09-07,2026-02-11,Eskişehir,Tepebaşı,Türkiye,370.15,72
2180,359,Bedri Duran,bedri.duran359@example.com,+905449562137,2022-01-10,2025-02-20,Erzurum,Yakutiye,Türkiye,141.62,28
2181,317,İnançlı Ülker,inancli.ulker317@example.com,+905869782922,2025-05-14,2026-03-26,İstanbul,Kadıköy,Türkiye,241.73,42
2182,440,Muktedir Ünübol Durdu,muktedir.unubol.durdu440@example.com,+905384983022,2025-08-22,2025-09-17,Manisa,Şehzadeler,Türkiye,298.06,59
2183,227,Dr. Akyıldız Durdu Arslan,dr.akyildiz.durdu.arslan227@example.com,+905436110371,2025-03-16,2026-04-29,Ankara,Keçiören,Türkiye,281.9,55
2184,276,Öğr. Heva Ertaş Durmuş,ogr.heva.ertas.durmus276@example.com,+905870998616,2025-02-09,2025-04-03,Eskişehir,Tepebaşı,Türkiye,195.87,27
2185,214,Aygutalp Arslan,aygutalp.arslan214@example.com,+905251341252,2023-01-31,2026-03-16,Kayseri,Melikgazi,Türkiye,270.21,42
2186,367,Sevican Asu Yorulmaz,sevican.asu.yorulmaz367@example.com,+905714163356,2023-12-20,2025-04-12,Van,İpekyolu,Türkiye,298.61,51
2187,372,İlper Durmuş,ilper.durmus372@example.com,+905856271875,2022-01-31,2026-02-10,Erzurum,Yakutiye,Türkiye,98.54,18
2188,477,Serda Akçay,serda.akcay477@example.com,+905281442944,2024-07-04,2025-06-08,Şanlıurfa,Eyyübiye,Türkiye,282.5,18
2189,391,Tanbay İhsanoğlu,tanbay.ihsanoglu391@example.com,+905031207356,2024-03-14,2026-03-06,Antalya,Kepez,Türkiye,567.01,68
2190,292,Dr. Yekbun Sevgen Yılmaz Gül,dr.yekbun.sevgen.yilmaz.gul292@example.com,+905099917381,2022-02-17,2026-06-09,Bursa,Osmangazi,Türkiye,268.61,42
2191,312,Okt. İmrihan Melikkan Şener Şafak,okt.imrihan.melikkan.sener.safak312@example.com,+905170166088,2025-12-12,2026-01-04,Diyarbakır,Kayapınar,Türkiye,376.05,70
2192,211,Atilhan Yüksel,atilhan.yuksel211@example.com,+905660937966,2025-12-03,2026-02-19,Adana,Seyhan,Türkiye,352.24,63
2193,421,Erbil Merzuk Zengin Gülen,erbil.merzuk.zengin.gulen421@example.com,+905070164510,2024-04-22,2025-03-20,Manisa,Şehzadeler,Türkiye,578.66,73
2194,426,Necva Fadıla Yüksel Sakarya,necva.fadila.yuksel.sakarya426@example.com,+905329832482,2023-07-16,2025-02-25,Erzurum,Yakutiye,Türkiye,352.49,67
2195,460,Öğr. Hafıza Yaman Manço,ogr.hafiza.yaman.manco460@example.com,+905733294562,2022-01-10,2025-10-11,Kayseri,Kocasinan,Türkiye,338.82,60
2196,443,Ürfettin Şabettin Şama Demirel,urfettin.sabettin.sama.demirel443@example.com,+905472145868,2024-10-09,2026-03-22,Erzurum,Yakutiye,Türkiye,295.42,62
2197,394,Necva Yılmaz,necva.yilmaz394@example.com,+905645208814,2023-04-02,2025-09-07,Konya,Meram,Türkiye,276.76,58
2198,151,Özakan Mazlum Bilgin Akçay,ozakan.mazlum.bilgin.akcay151@example.com,+905239868000,2025-03-07,2026-06-20,Eskişehir,Tepebaşı,Türkiye,359.12,63
2199,142,Büşranur Alemdar,busranur.alemdar142@example.com,+905249818299,2025-01-31,2025-08-14,Konya,Meram,Türkiye,163.46,28
2200,365,Prof. Nevsale Uğur Zengin Sakarya,prof.nevsale.ugur.zengin.sakarya365@example.com,+905904268181,2023-02-16,2025-11-13,Diyarbakır,Kayapınar,Türkiye,197.54,36
2201,137,Göken Arslan,goken.arslan137@example.com,+905271551884,2024-04-07,2025-07-19,İzmir,Bornova,Türkiye,398.46,72
2202,461,Galip Akdeniz,galip.akdeniz461@example.com,+905701715772,2024-05-13,2025-10-23,Eskişehir,Tepebaşı,Türkiye,348.83,67
2203,211,Atilhan Yüksel,atilhan.yuksel211@example.com,+905660937966,2025-12-03,2026-04-16,Adana,Seyhan,Türkiye,316.79,63
2204,334,Çolpan Arsoy Çorlu,colpan.arsoy.corlu334@example.com,+905449147660,2023-04-17,2025-07-01,Malatya,Yeşilyurt,Türkiye,185.83,28
2205,211,Atilhan Yüksel,atilhan.yuksel211@example.com,+905660937966,2025-12-03,2026-04-15,Adana,Seyhan,Türkiye,340.86,63
2206,351,Zinnure Neval Yorulmaz Gülen,zinnure.neval.yorulmaz.gulen351@example.com,+905990413797,2023-04-01,2025-02-10,Adana,Çukurova,Türkiye,161.31,28
2207,273,Mürit Baturay Şensoy Karadeniz,murit.baturay.sensoy.karadeniz273@example.com,+905806868793,2023-04-12,2025-12-14,Denizli,Pamukkale,Türkiye,210.06,37
2208,354,Heva Yaman,heva.yaman354@example.com,+905881172980,2021-08-09,2026-06-14,Manisa,Şehzadeler,Türkiye,349.7,61
2209,72,Uz. Köker Nurullah Güçlü,uz.koker.nurullah.guclu72@example.com,+905840449972,2023-06-12,2025-09-02,Denizli,Pamukkale,Türkiye,320.83,52
2210,139,Seçgül Dumanlı,secgul.dumanli139@example.com,+905911467866,2022-09-22,2025-09-18,Erzurum,Yakutiye,Türkiye,109.77,22
2211,195,Özpınar Selâtin Çetin Türk,ozpinar.seltin.cetin.turk195@example.com,+905504773586,2023-07-12,2026-01-07,Manisa,Şehzadeler,Türkiye,169.49,29
2212,114,Bayan Gül Müsemma Çetin,bayan.gul.musemma.cetin114@example.com,+905554665905,2025-07-31,2026-03-07,Malatya,Yeşilyurt,Türkiye,167.58,39
2213,126,Okt. Minibe Seblâ Tevetoğlu,okt.minibe.sebl.tevetoglu126@example.com,+905095396218,2023-12-05,2025-05-23,Kayseri,Kocasinan,Türkiye,168.28,22
2214,331,Dilşat Ertaş,dilsat.ertas331@example.com,+905361386120,2023-05-17,2025-01-09,İzmir,Konak,Türkiye,343.5,63
2215,423,Nalân Güverçin Şama,naln.guvercin.sama423@example.com,+905038457620,2024-01-02,2025-01-17,Erzurum,Yakutiye,Türkiye,369.87,61
2216,49,Atilhan Gül,atilhan.gul49@example.com,+905631931491,2022-10-10,2025-02-24,Kayseri,Kocasinan,Türkiye,356.3,68
2217,180,Nurmelek Aslan,nurmelek.aslan180@example.com,+905334270866,2022-10-28,2026-05-31,Adana,Çukurova,Türkiye,284.29,51
2218,139,Seçgül Dumanlı,secgul.dumanli139@example.com,+905911467866,2022-09-22,2026-06-04,Erzurum,Yakutiye,Türkiye,74.42,22
2219,80,Sittik Nevsal Zorlu,sittik.nevsal.zorlu80@example.com,+905743671369,2023-12-08,2025-08-12,Denizli,Pamukkale,Türkiye,251.44,54
2220,371,Apaydın Yaman,apaydin.yaman371@example.com,+905728463920,2023-01-01,2026-03-14,Van,İpekyolu,Türkiye,411.9,69
2221,54,Piran Nurda Dumanlı,piran.nurda.dumanli54@example.com,+905837770143,2023-09-06,2026-05-01,Denizli,Pamukkale,Türkiye,350.59,62
2222,290,Onuker Zengin,onuker.zengin290@example.com,+905584282417,2025-03-25,2025-08-13,Erzurum,Yakutiye,Türkiye,323.5,65
2223,316,Ümray Mehdiye Sezer Arslan,umray.mehdiye.sezer.arslan316@example.com,+905516091779,2023-02-14,2025-04-14,Diyarbakır,Kayapınar,Türkiye,179.74,26
2224,23,Öğr. Kasim Aslan,ogr.kasim.aslan23@example.com,+905353462475,2021-09-25,2025-04-17,Eskişehir,Tepebaşı,Türkiye,77.91,22
2225,302,Mishat Buyrukhan Sezer Hançer,mishat.buyrukhan.sezer.hancer302@example.com,+905173934835,2022-01-02,2026-02-17,Kayseri,Melikgazi,Türkiye,244.11,44
2226,460,Öğr. Hafıza Yaman Manço,ogr.hafiza.yaman.manco460@example.com,+905733294562,2022-01-10,2026-05-25,Kayseri,Kocasinan,Türkiye,325.4,60
2227,55,Dr. Hoşkadem Hadrey Erdoğan Şama,dr.hoskadem.hadrey.erdogan.sama55@example.com,+905788568557,2024-06-06,2025-05-09,Van,İpekyolu,Türkiye,199.04,37
2228,82,Dr. Sökmen Erdoğan,dr.sokmen.erdogan82@example.com,+905210470952,2025-06-11,2026-04-26,Konya,Meram,Türkiye,146.69,36
2229,414,Arş. Gör. Sebattin İvecen Ülker,ars.gor.sebattin.ivecen.ulker414@example.com,+905998136462,2025-03-17,2026-02-22,Trabzon,Ortahisar,Türkiye,186.44,39
2230,187,Dr. Dilşat Durdu Akça,dr.dilsat.durdu.akca187@example.com,+905801006231,2021-12-25,2025-11-16,Adana,Seyhan,Türkiye,146.93,27
2231,197,Orgün Şensoy,orgun.sensoy197@example.com,+905047541212,2023-07-14,2026-04-05,Bursa,Nilüfer,Türkiye,288.59,46
2232,76,Çev. Safinaz Çisem Ülker Demirel,cev.safinaz.cisem.ulker.demirel76@example.com,+905578091343,2021-10-05,2026-06-19,Erzurum,Yakutiye,Türkiye,166.07,23
2233,241,Kösemen Dumanlı,kosemen.dumanli241@example.com,+905635365419,2023-11-10,2026-01-25,Ankara,Yenimahalle,Türkiye,158.5,25
2234,123,Barışcan Akgündüz,bariscan.akgunduz123@example.com,+905152204727,2023-06-08,2026-05-16,İstanbul,Üsküdar,Türkiye,295.71,57
2235,350,Av. Işıman Ayvas Tarhan,av.isiman.ayvas.tarhan350@example.com,+905299228092,2025-08-20,2026-02-28,Gaziantep,Şahinbey,Türkiye,150.5,28
2236,80,Sittik Nevsal Zorlu,sittik.nevsal.zorlu80@example.com,+905743671369,2023-12-08,2026-04-16,Denizli,Pamukkale,Türkiye,287.24,54
2237,446,Öğr. Yazgül Yasemen Mansız Aksu,ogr.yazgul.yasemen.mansiz.aksu446@example.com,+905107139660,2024-01-29,2026-03-03,Konya,Selçuklu,Türkiye,218.29,40
2238,406,Hazrat Melihcan Demir Arslan,hazrat.melihcan.demir.arslan406@example.com,+905195761228,2023-09-12,2026-02-07,Adana,Çukurova,Türkiye,270.6,50
2239,64,Okt. Safinaz Revza Ertaş,okt.safinaz.revza.ertas64@example.com,+905717464887,2023-06-30,2026-05-21,Van,İpekyolu,Türkiye,189.01,23
2240,448,Şahnuray Yorulmaz,sahnuray.yorulmaz448@example.com,+905699023557,2023-04-16,2026-03-14,Eskişehir,Tepebaşı,Türkiye,364.53,69
2241,73,Koçak Akçay,kocak.akcay73@example.com,+905753396360,2024-03-01,2026-06-02,Eskişehir,Tepebaşı,Türkiye,396.81,65
2242,224,Eskinalp Türk,eskinalp.turk224@example.com,+905751863637,2024-06-11,2025-03-22,İzmir,Karşıyaka,Türkiye,426.62,38
2243,488,İzgü Manço,izgu.manco488@example.com,+905286391741,2025-10-02,2026-03-10,Şanlıurfa,Eyyübiye,Türkiye,103.17,22
2244,69,Av. Arıkol Mirbadin Sezgin,av.arikol.mirbadin.sezgin69@example.com,+905824771093,2021-12-20,2026-03-24,Konya,Meram,Türkiye,104.23,28
2245,103,Elvan Şener,elvan.sener103@example.com,+905815614978,2022-03-17,2025-05-13,Mersin,Yenişehir,Türkiye,191.25,37
2246,267,Ertuncay Durmuş,ertuncay.durmus267@example.com,+905526218159,2022-07-05,2025-10-14,Bursa,Nilüfer,Türkiye,411.57,75
2247,344,Kerman Ertaş,kerman.ertas344@example.com,+905827229927,2023-12-09,2025-01-20,Manisa,Şehzadeler,Türkiye,101.81,20
2248,454,Elifnur Tevetoğlu Demirel,elifnur.tevetoglu.demirel454@example.com,+905681040915,2023-05-01,2026-01-31,Ankara,Keçiören,Türkiye,382.81,74
2249,175,Koldan Zengin,koldan.zengin175@example.com,+905478686337,2024-01-04,2025-03-25,İstanbul,Kadıköy,Türkiye,126.8,27
2250,351,Zinnure Neval Yorulmaz Gülen,zinnure.neval.yorulmaz.gulen351@example.com,+905990413797,2023-04-01,2026-03-04,Adana,Çukurova,Türkiye,136.17,28
2251,197,Orgün Şensoy,orgun.sensoy197@example.com,+905047541212,2023-07-14,2025-03-03,Bursa,Nilüfer,Türkiye,276.61,46
2252,245,Mazlum Demir,mazlum.demir245@example.com,+905383670241,2025-09-14,2026-01-26,Kayseri,Melikgazi,Türkiye,363.58,32
2253,438,Tanyolaç Tevetoğlu,tanyolac.tevetoglu438@example.com,+905447421230,2022-06-16,2026-06-22,Ankara,Keçiören,Türkiye,352.96,66
2254,102,Av. Kısmet Aynımah Yılmaz,av.kismet.aynimah.yilmaz102@example.com,+905022901476,2023-03-24,2025-06-13,Van,İpekyolu,Türkiye,373.79,56
2255,178,Nurmelek Hayrioğlu,nurmelek.hayrioglu178@example.com,+905995342836,2024-04-06,2025-04-21,Van,İpekyolu,Türkiye,183.68,35
2256,111,Dr. Ağakişi Hükümdar Öcalan,dr.agakisi.hukumdar.ocalan111@example.com,+905581477005,2024-05-04,2025-02-05,Van,İpekyolu,Türkiye,124.35,22
2257,227,Dr. Akyıldız Durdu Arslan,dr.akyildiz.durdu.arslan227@example.com,+905436110371,2025-03-16,2026-05-15,Ankara,Keçiören,Türkiye,265.8,55
2258,349,Günsel Selvi Dumanlı Akça,gunsel.selvi.dumanli.akca349@example.com,+905651777392,2022-04-27,2025-11-29,Bursa,Nilüfer,Türkiye,444.92,71
2259,258,Dr. Sirap Ergül Seven,dr.sirap.ergul.seven258@example.com,+905965223955,2022-08-19,2025-07-07,Ankara,Çankaya,Türkiye,273.34,19
2260,20,Tınal Aslan,tinal.aslan20@example.com,+905872343098,2025-08-10,2025-10-21,Kayseri,Kocasinan,Türkiye,338.14,65
2261,175,Koldan Zengin,koldan.zengin175@example.com,+905478686337,2024-01-04,2025-02-27,İstanbul,Kadıköy,Türkiye,142.2,27
2262,437,Tolonbay Bilge,tolonbay.bilge437@example.com,+905686025922,2025-02-19,2025-07-28,Malatya,Yeşilyurt,Türkiye,344.14,29
2263,165,Zeyno Ertaş,zeyno.ertas165@example.com,+905205493296,2023-07-21,2025-03-02,Diyarbakır,Kayapınar,Türkiye,247.79,50
2264,176,Atatöre Şensoy,atatore.sensoy176@example.com,+905690331190,2023-06-12,2025-02-07,Bursa,Nilüfer,Türkiye,338.72,56
2265,391,Tanbay İhsanoğlu,tanbay.ihsanoglu391@example.com,+905031207356,2024-03-14,2025-02-06,Antalya,Kepez,Türkiye,562.34,68
2266,461,Galip Akdeniz,galip.akdeniz461@example.com,+905701715772,2024-05-13,2026-05-13,Eskişehir,Tepebaşı,Türkiye,368.89,67
2267,486,Öğr. Şöhret Yılmaz Akçay,ogr.sohret.yilmaz.akcay486@example.com,+905471746542,2021-07-28,2025-10-27,Adana,Çukurova,Türkiye,149.86,22
2268,230,Koçak Soylu,kocak.soylu230@example.com,+905326973112,2021-09-23,2025-11-24,Diyarbakır,Kayapınar,Türkiye,129.33,25
2269,301,Çetinsu Temizkal Demirel Bilge,cetinsu.temizkal.demirel.bilge301@example.com,+905618499261,2023-01-30,2025-05-15,İstanbul,Üsküdar,Türkiye,345.7,64
2270,49,Atilhan Gül,atilhan.gul49@example.com,+905631931491,2022-10-10,2026-04-14,Kayseri,Kocasinan,Türkiye,429.73,68
2271,83,Öğr. Baydu Serda Yüksel,ogr.baydu.serda.yuksel83@example.com,+905328588424,2023-04-01,2025-05-15,Denizli,Pamukkale,Türkiye,366.38,69
2272,230,Koçak Soylu,kocak.soylu230@example.com,+905326973112,2021-09-23,2026-06-23,Diyarbakır,Kayapınar,Türkiye,184.48,25
2273,404,Öğr. Şemsinisa Selime Seven,ogr.semsinisa.selime.seven404@example.com,+905058650948,2025-09-20,2026-01-14,İzmir,Bornova,Türkiye,318.37,64
2274,222,Cemiyle Gülgüzel Arslan,cemiyle.gulguzel.arslan222@example.com,+905325367294,2022-06-06,2025-01-21,Antalya,Muratpaşa,Türkiye,250.34,44
2275,24,Dr. Günkurt Şanlı Öcalan,dr.gunkurt.sanli.ocalan24@example.com,+905183842513,2023-11-17,2025-08-13,Manisa,Şehzadeler,Türkiye,157.52,36
2276,481,Hatin Nüdret Çorlu Arsoy,hatin.nudret.corlu.arsoy481@example.com,+905674286047,2023-10-22,2026-05-14,Gaziantep,Şehitkamil,Türkiye,305.43,61
2277,229,Erginel Nezihi Demir,erginel.nezihi.demir229@example.com,+905542622189,2025-11-25,2026-01-04,Bursa,Osmangazi,Türkiye,339.35,57
2278,379,Salimet Hayrioğlu,salimet.hayrioglu379@example.com,+905716947225,2023-08-02,2025-08-04,Eskişehir,Tepebaşı,Türkiye,315.15,58
2279,443,Ürfettin Şabettin Şama Demirel,urfettin.sabettin.sama.demirel443@example.com,+905472145868,2024-10-09,2025-11-19,Erzurum,Yakutiye,Türkiye,362.24,62
2280,486,Öğr. Şöhret Yılmaz Akçay,ogr.sohret.yilmaz.akcay486@example.com,+905471746542,2021-07-28,2025-01-11,Adana,Çukurova,Türkiye,114.46,22
2281,211,Atilhan Yüksel,atilhan.yuksel211@example.com,+905660937966,2025-12-03,2025-12-08,Adana,Seyhan,Türkiye,338.88,63
2282,34,Tekbay Aksu,tekbay.aksu34@example.com,+905561595148,2024-03-19,2025-08-08,Erzurum,Yakutiye,Türkiye,5121.91,60
2283,294,Arıel Güçlü,ariel.guclu294@example.com,+905250074329,2021-08-30,2025-01-22,Şanlıurfa,Eyyübiye,Türkiye,179.1,28
2284,499,Bayan Nürice Arsoy Eraslan,bayan.nurice.arsoy.eraslan499@example.com,+905902196207,2025-06-30,2025-11-30,Diyarbakır,Kayapınar,Türkiye,91.5,18
2285,371,Apaydın Yaman,apaydin.yaman371@example.com,+905728463920,2023-01-01,2025-04-24,Van,İpekyolu,Türkiye,395.14,69
2286,405,Günebakan İnönü,gunebakan.inonu405@example.com,+905381138633,2022-12-31,2025-03-27,Kayseri,Melikgazi,Türkiye,304.02,60
2287,375,Dr. Dilşat Âlemşah Gül,dr.dilsat.lemsah.gul375@example.com,+905143866322,2023-04-19,2025-12-22,Antalya,Muratpaşa,Türkiye,375.8,69
2288,114,Bayan Gül Müsemma Çetin,bayan.gul.musemma.cetin114@example.com,+905554665905,2025-07-31,2025-09-14,Malatya,Yeşilyurt,Türkiye,237.45,39
2289,48,Hayrünnisa Ağbegim Yüksel,hayrunnisa.agbegim.yuksel48@example.com,+905745299124,2025-05-05,2025-06-21,Van,İpekyolu,Türkiye,295.18,55
2290,82,Dr. Sökmen Erdoğan,dr.sokmen.erdogan82@example.com,+905210470952,2025-06-11,2026-01-30,Konya,Meram,Türkiye,193.51,36
2291,88,Sevginur Misra İhsanoğlu,sevginur.misra.ihsanoglu88@example.com,+905537735158,2022-05-02,2025-12-05,Mersin,Yenişehir,Türkiye,200.8,40
2292,494,Tanyolaç Ergül,tanyolac.ergul494@example.com,+905050506138,2023-05-19,2026-05-09,Diyarbakır,Kayapınar,Türkiye,512.92,61
2293,475,Yasan Şehamet Fırat Akdeniz,yasan.sehamet.firat.akdeniz475@example.com,+905778795654,2024-04-29,2026-06-16,Eskişehir,Odunpazarı,Türkiye,149.05,28
2294,40,Uz. Servinaz Adila Gül,uz.servinaz.adila.gul40@example.com,+905798687277,2024-06-30,2025-11-06,Malatya,Yeşilyurt,Türkiye,336.21,66
2295,341,Doç. Menişan Rehime Demir Yaman,doc.menisan.rehime.demir.yaman341@example.com,+905914283411,2025-11-04,2025-12-21,Bursa,Nilüfer,Türkiye,419.17,72
2296,321,Gürcüye Gülev Mansız Eraslan,gurcuye.gulev.mansiz.eraslan321@example.com,+905620034244,2025-02-16,2025-11-28,Bursa,Nilüfer,Türkiye,372.19,71
2297,144,Bilender Yıldırım,bilender.yildirim144@example.com,+905473647102,2023-06-26,2025-03-09,Şanlıurfa,Eyyübiye,Türkiye,315.57,44
2298,153,Mücellib Bektaşi Sezgin Ertaş,mucellib.bektasi.sezgin.ertas153@example.com,+905888794705,2024-02-03,2025-04-08,Van,İpekyolu,Türkiye,316.85,61
2299,16,Alanalp Ülker,alanalp.ulker16@example.com,+905997376311,2022-04-03,2026-04-25,Konya,Selçuklu,Türkiye,264.29,45
2300,66,Altınkaya Koşukhan Gül Şama,altinkaya.kosukhan.gul.sama66@example.com,+905874296717,2023-12-31,2026-03-01,Adana,Çukurova,Türkiye,228.95,44
2301,124,Gözem Zengin,gozem.zengin124@example.com,+905432898614,2024-08-13,2025-05-17,İzmir,Konak,Türkiye,179.74,37
2302,314,Gülmisal Nurveren Akdeniz,gulmisal.nurveren.akdeniz314@example.com,+905571130554,2022-11-17,2025-08-25,Manisa,Şehzadeler,Türkiye,302.99,51
2303,86,Hayel Eraslan,hayel.eraslan86@example.com,+905746120047,2025-04-19,2025-06-28,Gaziantep,Şahinbey,Türkiye,139.82,24
2304,24,Dr. Günkurt Şanlı Öcalan,dr.gunkurt.sanli.ocalan24@example.com,+905183842513,2023-11-17,2025-11-23,Manisa,Şehzadeler,Türkiye,199.72,36
2305,217,Doç. Zümre Münezzer Ergül,doc.zumre.munezzer.ergul217@example.com,+905219034043,2022-12-07,2025-08-10,Diyarbakır,Kayapınar,Türkiye,151.71,36
2306,172,Bayan Oluş Şama Ülker,bayan.olus.sama.ulker172@example.com,+905640391065,2022-01-08,2025-09-29,Kayseri,Melikgazi,Türkiye,162.53,22
2307,278,Arifcan Aslan,arifcan.aslan278@example.com,+905246299606,2024-02-03,2025-10-31,Şanlıurfa,Eyyübiye,Türkiye,310.15,62
2308,45,Arş. Gör. Özakan İhsanoğlu,ars.gor.ozakan.ihsanoglu45@example.com,+905699016272,2025-09-01,2025-09-15,Antalya,Muratpaşa,Türkiye,245.91,34
2309,243,Servinaz Belkize Tarhan,servinaz.belkize.tarhan243@example.com,+905494937597,2021-08-13,2025-12-30,Samsun,İlkadım,Türkiye,351.79,67
2310,52,Arş. Gör. Firdevis Eraslan Fırat,ars.gor.firdevis.eraslan.firat52@example.com,+905473799650,2023-03-06,2025-04-12,Gaziantep,Şahinbey,Türkiye,379.19,72
2311,457,Tonguç Ülker,tonguc.ulker457@example.com,+905249321495,2022-12-01,2025-08-21,Eskişehir,Tepebaşı,Türkiye,233.76,46
2312,10,Ferahdiba Bilir,ferahdiba.bilir10@example.com,+905801845146,2025-01-23,2026-06-26,Malatya,Yeşilyurt,Türkiye,244.3,47
2313,401,Alkor Manço,alkor.manco401@example.com,+905387829456,2022-05-10,2025-03-17,Erzurum,Yakutiye,Türkiye,179.21,38
2314,414,Arş. Gör. Sebattin İvecen Ülker,ars.gor.sebattin.ivecen.ulker414@example.com,+905998136462,2025-03-17,2026-03-08,Trabzon,Ortahisar,Türkiye,177.78,39
2315,129,Jankat Şafak,jankat.safak129@example.com,+905430305486,2022-11-26,2025-04-23,Diyarbakır,Kayapınar,Türkiye,262.07,48
2316,360,Gökperi Demir,gokperi.demir360@example.com,+905589026012,2023-04-22,2026-02-26,Malatya,Yeşilyurt,Türkiye,322.79,56
2317,340,Tenvir Alemdar,tenvir.alemdar340@example.com,+905645257775,2021-08-09,2025-03-09,Gaziantep,Şahinbey,Türkiye,239.11,37
2318,370,Atagün Hayrioğlu,atagun.hayrioglu370@example.com,+905117908075,2022-06-20,2026-05-26,Antalya,Muratpaşa,Türkiye,274.56,38
2319,204,Av. Atnan Eşref Akgündüz,av.atnan.esref.akgunduz204@example.com,+905737416724,2024-08-04,2025-10-29,Erzurum,Yakutiye,Türkiye,207.39,34
2320,272,Ebuakil Karadeniz,ebuakil.karadeniz272@example.com,+905743490211,2022-03-15,2025-11-29,Mersin,Toroslar,Türkiye,381.83,40
2321,419,Kutay Afer Hayrioğlu Aksu,kutay.afer.hayrioglu.aksu419@example.com,+905514770538,2024-10-05,2025-09-29,Kayseri,Melikgazi,Türkiye,229.31,31
2322,378,Ruhugül Gül Sakarya,ruhugul.gul.sakarya378@example.com,+905061593998,2024-12-20,2025-06-19,Mersin,Toroslar,Türkiye,352.63,67
2323,351,Zinnure Neval Yorulmaz Gülen,zinnure.neval.yorulmaz.gulen351@example.com,+905990413797,2023-04-01,2025-05-04,Adana,Çukurova,Türkiye,120.95,28
2324,350,Av. Işıman Ayvas Tarhan,av.isiman.ayvas.tarhan350@example.com,+905299228092,2025-08-20,2026-03-23,Gaziantep,Şahinbey,Türkiye,143.17,28
2325,35,Yrd. Doç. Banü Nurşan Kısakürek,yrd.doc.banu.nursan.kisakurek35@example.com,+905823662994,2023-09-03,2026-03-26,Trabzon,Ortahisar,Türkiye,462.96,53
2326,365,Prof. Nevsale Uğur Zengin Sakarya,prof.nevsale.ugur.zengin.sakarya365@example.com,+905904268181,2023-02-16,2026-01-07,Diyarbakır,Kayapınar,Türkiye,177.29,36
2327,111,Dr. Ağakişi Hükümdar Öcalan,dr.agakisi.hukumdar.ocalan111@example.com,+905581477005,2024-05-04,2025-02-17,Van,İpekyolu,Türkiye,148.83,22
2328,231,Seydo Şener,seydo.sener231@example.com,+905652341389,2022-08-02,2025-07-07,Trabzon,Ortahisar,Türkiye,383.45,64
2329,147,Yekda Sezer,yekda.sezer147@example.com,+905953278774,2023-02-28,2026-04-07,Adana,Çukurova,Türkiye,87.07,19
2330,238,Teber Bilir,teber.bilir238@example.com,+905252410564,2023-01-05,2026-02-13,Malatya,Yeşilyurt,Türkiye,144.27,22
2331,27,Dirlik Çamurcuoğlu,dirlik.camurcuoglu27@example.com,+905052427868,2025-11-23,2026-04-26,Mersin,Yenişehir,Türkiye,136.91,25
2332,387,Bişar Ülker,bisar.ulker387@example.com,+905807740649,2024-08-26,2025-03-16,Kayseri,Kocasinan,Türkiye,351.4,68
2333,246,Dr. Bilgütay Erten Alemdar,dr.bilgutay.erten.alemdar246@example.com,+905571918261,2022-08-18,2025-04-09,Malatya,Yeşilyurt,Türkiye,229.08,54
2334,53,Öğr. Zerafet Gülper Demirel,ogr.zerafet.gulper.demirel53@example.com,+905545494808,2024-11-16,2025-01-22,Şanlıurfa,Eyyübiye,Türkiye,120.29,23
2335,389,Dilşat Laze Durdu Bilgin,dilsat.laze.durdu.bilgin389@example.com,+905484631224,2025-04-30,2026-06-20,Gaziantep,Şehitkamil,Türkiye,338.44,58
2336,70,Aliihsan Tunahan Duran Karadeniz,aliihsan.tunahan.duran.karadeniz70@example.com,+905131712748,2021-12-29,2025-05-22,İstanbul,Şişli,Türkiye,218.41,35
2337,24,Dr. Günkurt Şanlı Öcalan,dr.gunkurt.sanli.ocalan24@example.com,+905183842513,2023-11-17,2026-01-10,Manisa,Şehzadeler,Türkiye,180.4,36
2338,105,Arş. Gör. Salimet Övün Yılmaz Demir,ars.gor.salimet.ovun.yilmaz.demir105@example.com,+905683885160,2023-07-03,2025-01-12,Adana,Seyhan,Türkiye,134.91,19
2339,413,Uz. Kavurt Duran,uz.kavurt.duran413@example.com,+905805892583,2025-02-02,2025-11-18,Ankara,Keçiören,Türkiye,156.61,21
2340,141,Dr. Atgun Arslan,dr.atgun.arslan141@example.com,+905824225358,2024-05-10,2025-09-21,Ankara,Çankaya,Türkiye,370.96,72
2341,453,Hiçsönmez Hançer,hicsonmez.hancer453@example.com,+905357845218,2022-02-26,2026-02-17,Şanlıurfa,Eyyübiye,Türkiye,138.33,26
2342,69,Av. Arıkol Mirbadin Sezgin,av.arikol.mirbadin.sezgin69@example.com,+905824771093,2021-12-20,2026-01-23,Konya,Meram,Türkiye,143.47,28
2343,373,Nurser Tevetoğlu,nurser.tevetoglu373@example.com,+905915594284,2024-08-14,2025-01-15,Konya,Meram,Türkiye,229.64,35
2344,292,Dr. Yekbun Sevgen Yılmaz Gül,dr.yekbun.sevgen.yilmaz.gul292@example.com,+905099917381,2022-02-17,2025-07-28,Bursa,Osmangazi,Türkiye,266.89,42
2345,256,Öğr. Rafih Şensoy,ogr.rafih.sensoy256@example.com,+905598564205,2022-08-08,2026-01-24,Şanlıurfa,Eyyübiye,Türkiye,179.88,32
2346,70,Aliihsan Tunahan Duran Karadeniz,aliihsan.tunahan.duran.karadeniz70@example.com,+905131712748,2021-12-29,2025-08-09,İstanbul,Şişli,Türkiye,238.03,35
2347,70,Aliihsan Tunahan Duran Karadeniz,aliihsan.tunahan.duran.karadeniz70@example.com,+905131712748,2021-12-29,2026-03-05,İstanbul,Şişli,Türkiye,206.89,35
2348,243,Servinaz Belkize Tarhan,servinaz.belkize.tarhan243@example.com,+905494937597,2021-08-13,2025-12-03,Samsun,İlkadım,Türkiye,327.82,67
2349,82,Dr. Sökmen Erdoğan,dr.sokmen.erdogan82@example.com,+905210470952,2025-06-11,2025-10-01,Konya,Meram,Türkiye,196.97,36
2350,160,Hasret Kumral Şama,hasret.kumral.sama160@example.com,+905842199330,2022-03-12,2025-08-14,Erzurum,Yakutiye,Türkiye,443.76,75
2351,485,Çerçi Demirel,cerci.demirel485@example.com,+905391119269,2024-11-29,2026-04-11,Ankara,Yenimahalle,Türkiye,390.44,75
2352,118,Haliye Habibe Yıldırım,haliye.habibe.yildirim118@example.com,+905592962229,2025-01-07,2025-06-05,Malatya,Yeşilyurt,Türkiye,372.8,64
2353,20,Tınal Aslan,tinal.aslan20@example.com,+905872343098,2025-08-10,2025-12-01,Kayseri,Kocasinan,Türkiye,348.44,65
2354,338,Deryanur Hasgül Güçlü Yıldırım,deryanur.hasgul.guclu.yildirim338@example.com,+905975523149,2025-07-23,2025-09-15,Bursa,Nilüfer,Türkiye,413.04,75
2355,371,Apaydın Yaman,apaydin.yaman371@example.com,+905728463920,2023-01-01,2025-01-30,Van,İpekyolu,Türkiye,415.37,69
2356,425,Ruhsat Oymak Akar Akçay,ruhsat.oymak.akar.akcay425@example.com,+905689363926,2024-03-13,2026-06-09,Antalya,Muratpaşa,Türkiye,311.63,56
2357,5,Arş. Gör. Sıylıhan Akbaş Durmuş,ars.gor.siylihan.akbas.durmus5@example.com,+905341316475,2025-01-13,2026-03-05,Ankara,Yenimahalle,Türkiye,270.51,41
2358,110,Aygönenç Neslinur Bilir Tarhan,aygonenc.neslinur.bilir.tarhan110@example.com,+905995527177,2022-05-29,2025-10-16,Van,İpekyolu,Türkiye,387.16,37
2359,387,Bişar Ülker,bisar.ulker387@example.com,+905807740649,2024-08-26,2025-10-09,Kayseri,Kocasinan,Türkiye,381.52,68
2360,247,Arpağ Yorulmaz,arpag.yorulmaz247@example.com,+905445655743,2025-07-13,2026-01-24,Antalya,Muratpaşa,Türkiye,162.89,30
2361,461,Galip Akdeniz,galip.akdeniz461@example.com,+905701715772,2024-05-13,2025-05-04,Eskişehir,Tepebaşı,Türkiye,327.22,67
2362,61,Yigit İhsanoğlu,yigit.ihsanoglu61@example.com,+905913341232,2022-11-08,2025-11-21,Manisa,Şehzadeler,Türkiye,126.99,22
2363,308,Ekmel Ertaş,ekmel.ertas308@example.com,+905902771670,2025-08-05,2025-08-19,Trabzon,Ortahisar,Türkiye,240.57,34
2364,70,Aliihsan Tunahan Duran Karadeniz,aliihsan.tunahan.duran.karadeniz70@example.com,+905131712748,2021-12-29,2025-03-26,İstanbul,Şişli,Türkiye,197.16,35
2365,451,Şefiye Bilge,sefiye.bilge451@example.com,+905291450461,2023-03-01,2025-05-03,Adana,Çukurova,Türkiye,376.13,74
2366,338,Deryanur Hasgül Güçlü Yıldırım,deryanur.hasgul.guclu.yildirim338@example.com,+905975523149,2025-07-23,2026-02-06,Bursa,Nilüfer,Türkiye,392.68,75
2367,287,Bayan Muarra Sonnur Demirel,bayan.muarra.sonnur.demirel287@example.com,+905899441715,2024-05-25,2026-01-19,Malatya,Yeşilyurt,Türkiye,292.87,58
2368,163,Fayize Demirel Bilir,fayize.demirel.bilir163@example.com,+905620672400,2024-04-10,2025-04-05,Ankara,Çankaya,Türkiye,355.42,54
2369,404,Öğr. Şemsinisa Selime Seven,ogr.semsinisa.selime.seven404@example.com,+905058650948,2025-09-20,2025-10-09,İzmir,Bornova,Türkiye,351.31,64
2370,51,Başok Ülker,basok.ulker51@example.com,+905628498776,2021-11-06,2025-11-09,Diyarbakır,Kayapınar,Türkiye,302.95,55
2371,147,Yekda Sezer,yekda.sezer147@example.com,+905953278774,2023-02-28,2026-01-05,Adana,Çukurova,Türkiye,87.72,19
2372,371,Apaydın Yaman,apaydin.yaman371@example.com,+905728463920,2023-01-01,2025-03-13,Van,İpekyolu,Türkiye,405.98,69
2373,83,Öğr. Baydu Serda Yüksel,ogr.baydu.serda.yuksel83@example.com,+905328588424,2023-04-01,2026-03-17,Denizli,Pamukkale,Türkiye,326.52,69
2374,75,Kaver İhsanoğlu Çetin,kaver.ihsanoglu.cetin75@example.com,+905621745961,2024-02-09,2025-03-13,İstanbul,Beşiktaş,Türkiye,424.59,72
2375,132,Yeneral Ginyas Zorlu Hançer,yeneral.ginyas.zorlu.hancer132@example.com,+905447962757,2025-09-17,2026-06-27,İzmir,Bornova,Türkiye,532.95,64
2376,69,Av. Arıkol Mirbadin Sezgin,av.arikol.mirbadin.sezgin69@example.com,+905824771093,2021-12-20,2025-02-17,Konya,Meram,Türkiye,156.59,28
2377,459,Gülay Günar Şama,gulay.gunar.sama459@example.com,+905453817921,2022-01-12,2025-04-27,Diyarbakır,Kayapınar,Türkiye,240.5,47
2378,170,Arş. Gör. Zöhrehan Şefiye Akçay,ars.gor.zohrehan.sefiye.akcay170@example.com,+905088398225,2023-01-12,2025-07-25,Van,İpekyolu,Türkiye,253.93,46
2379,121,Necva Şensoy,necva.sensoy121@example.com,+905818141247,2023-01-26,2026-03-26,Şanlıurfa,Eyyübiye,Türkiye,325.28,27
2380,325,Aybora Çamurcuoğlu,aybora.camurcuoglu325@example.com,+905606484229,2024-07-08,2025-10-30,Adana,Seyhan,Türkiye,78.75,18
2381,407,Arş. Gör. Meveddet Türk Bilgin,ars.gor.meveddet.turk.bilgin407@example.com,+905558556659,2024-08-07,2026-03-12,Adana,Çukurova,Türkiye,301.77,54
2382,382,Mengi Sakarya,mengi.sakarya382@example.com,+905261117800,2021-08-17,2026-03-01,İzmir,Konak,Türkiye,269.85,43
2383,385,Safinaz Ayçan Arslan Tevetoğlu,safinaz.aycan.arslan.tevetoglu385@example.com,+905997968845,2023-04-01,2026-05-22,Erzurum,Yakutiye,Türkiye,271.07,52
2384,88,Sevginur Misra İhsanoğlu,sevginur.misra.ihsanoglu88@example.com,+905537735158,2022-05-02,2025-05-28,Mersin,Yenişehir,Türkiye,203.1,40
2385,283,Okt. Müsemma Durmuş İnönü,okt.musemma.durmus.inonu283@example.com,+905357972798,2023-12-27,2025-04-16,Bursa,Nilüfer,Türkiye,194.3,40
2386,382,Mengi Sakarya,mengi.sakarya382@example.com,+905261117800,2021-08-17,2025-11-02,İzmir,Konak,Türkiye,275.66,43
2387,416,Merzuk Adlan Ertaş,merzuk.adlan.ertas416@example.com,+905898331465,2022-02-09,2025-06-12,Trabzon,Ortahisar,Türkiye,269.63,54
2388,302,Mishat Buyrukhan Sezer Hançer,mishat.buyrukhan.sezer.hancer302@example.com,+905173934835,2022-01-02,2026-01-03,Kayseri,Melikgazi,Türkiye,206.57,44
2389,53,Öğr. Zerafet Gülper Demirel,ogr.zerafet.gulper.demirel53@example.com,+905545494808,2024-11-16,2026-03-24,Şanlıurfa,Eyyübiye,Türkiye,118.74,23
2390,402,Prof. Tartış Yorulmaz,prof.tartis.yorulmaz402@example.com,+905022031731,2025-10-08,2025-11-24,Malatya,Yeşilyurt,Türkiye,341.56,54
2391,476,Fenni Atatöre İnönü Aksu,fenni.atatore.inonu.aksu476@example.com,+905940792904,2021-10-24,2025-06-09,Manisa,Şehzadeler,Türkiye,306.38,57
2392,191,Seyithan Akatay İhsanoğlu Hançer,seyithan.akatay.ihsanoglu.hancer191@example.com,+905016668700,2022-01-03,2025-10-13,İzmir,Karşıyaka,Türkiye,175.67,28
2393,160,Hasret Kumral Şama,hasret.kumral.sama160@example.com,+905842199330,2022-03-12,2026-06-04,Erzurum,Yakutiye,Türkiye,474.24,75
2394,299,Elöve Şener,elove.sener299@example.com,+905150648909,2025-09-05,2025-09-12,Malatya,Yeşilyurt,Türkiye,266.72,60
2395,451,Şefiye Bilge,sefiye.bilge451@example.com,+905291450461,2023-03-01,2025-05-07,Adana,Çukurova,Türkiye,415.63,74
2396,284,Sevdinar İhsanoğlu Hayrioğlu,sevdinar.ihsanoglu.hayrioglu284@example.com,+905406029333,2022-02-24,2026-04-01,Mersin,Yenişehir,Türkiye,198.5,31
2397,339,Şeref Bilgin,seref.bilgin339@example.com,+905594929955,2023-07-19,2025-03-30,Şanlıurfa,Eyyübiye,Türkiye,167.32,28
2398,299,Elöve Şener,elove.sener299@example.com,+905150648909,2025-09-05,2025-11-11,Malatya,Yeşilyurt,Türkiye,291.63,60
2399,83,Öğr. Baydu Serda Yüksel,ogr.baydu.serda.yuksel83@example.com,+905328588424,2023-04-01,2025-02-12,Denizli,Pamukkale,Türkiye,382.6,69
2400,216,Sonnur Çağlar Fırat Ergül,sonnur.caglar.firat.ergul216@example.com,+905507236887,2023-08-28,2025-09-03,Diyarbakır,Kayapınar,Türkiye,364.13,61
2401,369,Okanay Yavuz Çamurcuoğlu Dumanlı,okanay.yavuz.camurcuoglu.dumanli369@example.com,+905373334333,2024-07-19,2026-05-18,Mersin,Yenişehir,Türkiye,451.6,71
2402,475,Yasan Şehamet Fırat Akdeniz,yasan.sehamet.firat.akdeniz475@example.com,+905778795654,2024-04-29,2025-07-31,Eskişehir,Odunpazarı,Türkiye,136.32,28
2403,123,Barışcan Akgündüz,bariscan.akgunduz123@example.com,+905152204727,2023-06-08,2026-05-12,İstanbul,Üsküdar,Türkiye,295.72,57
2404,461,Galip Akdeniz,galip.akdeniz461@example.com,+905701715772,2024-05-13,2026-06-24,Eskişehir,Tepebaşı,Türkiye,340.82,67
2405,490,Alcan Enes Seven Şener,alcan.enes.seven.sener490@example.com,+905661830671,2022-10-08,2025-07-03,Şanlıurfa,Eyyübiye,Türkiye,332.78,52
2406,137,Göken Arslan,goken.arslan137@example.com,+905271551884,2024-04-07,2025-06-19,İzmir,Bornova,Türkiye,424.24,72
2407,378,Ruhugül Gül Sakarya,ruhugul.gul.sakarya378@example.com,+905061593998,2024-12-20,2025-09-05,Mersin,Toroslar,Türkiye,377.1,67
2408,30,Erdibay Korutürk,erdibay.koruturk30@example.com,+905342160733,2023-05-15,2025-10-02,Eskişehir,Tepebaşı,Türkiye,190.26,40
2409,25,Eflâtun İlgi Türk,efltun.ilgi.turk25@example.com,+905980841241,2025-05-07,2025-09-03,Erzurum,Yakutiye,Türkiye,385.24,65
2410,406,Hazrat Melihcan Demir Arslan,hazrat.melihcan.demir.arslan406@example.com,+905195761228,2023-09-12,2025-04-25,Adana,Çukurova,Türkiye,283.12,50
2411,328,Yurtseven Tule Çamurcuoğlu Aslan,yurtseven.tule.camurcuoglu.aslan328@example.com,+905554398780,2025-04-22,2025-08-17,Konya,Meram,Türkiye,316.68,60
2412,220,Öğr. Doğuhan Korutürk,ogr.doguhan.koruturk220@example.com,+905959629233,2025-08-13,2026-05-31,Gaziantep,Şahinbey,Türkiye,332.91,54
2413,53,Öğr. Zerafet Gülper Demirel,ogr.zerafet.gulper.demirel53@example.com,+905545494808,2024-11-16,2025-09-10,Şanlıurfa,Eyyübiye,Türkiye,112.69,23
2414,91,Emine. İhsanoğlu,emine.ihsanoglu91@example.com,+905020539502,2024-06-17,2025-09-15,Adana,Seyhan,Türkiye,111.73,21
2415,278,Arifcan Aslan,arifcan.aslan278@example.com,+905246299606,2024-02-03,2025-05-17,Şanlıurfa,Eyyübiye,Türkiye,298.18,62
2416,376,Melihcan Dumanlı,melihcan.dumanli376@example.com,+905288574489,2025-09-06,2026-04-12,Denizli,Pamukkale,Türkiye,204.59,43
2417,335,Alaz Eraslan Duran,alaz.eraslan.duran335@example.com,+905842450882,2025-04-04,2026-02-10,Antalya,Kepez,Türkiye,80.84,20
2418,181,Çev. Bidayet Sirap Yıldırım,cev.bidayet.sirap.yildirim181@example.com,+905351751830,2024-06-11,2025-04-13,Gaziantep,Şehitkamil,Türkiye,263.78,42
2419,343,Aytek Elöve Akgündüz Duran,aytek.elove.akgunduz.duran343@example.com,+905278816580,2022-03-26,2026-04-25,Van,İpekyolu,Türkiye,351.98,33
2420,48,Hayrünnisa Ağbegim Yüksel,hayrunnisa.agbegim.yuksel48@example.com,+905745299124,2025-05-05,2026-02-17,Van,İpekyolu,Türkiye,245.92,55
2421,454,Elifnur Tevetoğlu Demirel,elifnur.tevetoglu.demirel454@example.com,+905681040915,2023-05-01,2026-05-26,Ankara,Keçiören,Türkiye,413.35,74
2422,325,Aybora Çamurcuoğlu,aybora.camurcuoglu325@example.com,+905606484229,2024-07-08,2025-08-20,Adana,Seyhan,Türkiye,109.59,18
2423,394,Necva Yılmaz,necva.yilmaz394@example.com,+905645208814,2023-04-02,2026-01-08,Konya,Meram,Türkiye,273.13,58
2424,215,Öğr. Uğurtan Erbil Hançer,ogr.ugurtan.erbil.hancer215@example.com,+905627828274,2025-02-28,2026-01-05,Antalya,Kepez,Türkiye,112.36,29
2425,317,İnançlı Ülker,inancli.ulker317@example.com,+905869782922,2025-05-14,2025-11-07,İstanbul,Kadıköy,Türkiye,258.76,42
2426,120,Belgizar Öcalan,belgizar.ocalan120@example.com,+905746886239,2025-03-04,2026-05-13,Samsun,Atakum,Türkiye,376.12,73
2427,254,Çoğay Tarhan,cogay.tarhan254@example.com,+905720999347,2023-08-22,2025-06-22,Mersin,Toroslar,Türkiye,470.18,74
2428,454,Elifnur Tevetoğlu Demirel,elifnur.tevetoglu.demirel454@example.com,+905681040915,2023-05-01,2025-03-12,Ankara,Keçiören,Türkiye,396.95,74
2429,61,Yigit İhsanoğlu,yigit.ihsanoglu61@example.com,+905913341232,2022-11-08,2025-05-29,Manisa,Şehzadeler,Türkiye,77.33,22
2430,60,Çev. Tüzeer Nurullah Bilir,cev.tuzeer.nurullah.bilir60@example.com,+905999386774,2022-08-25,2026-06-19,Bursa,Osmangazi,Türkiye,234.52,45
2431,252,Doç. Musaffa Şehreban Eraslan,doc.musaffa.sehreban.eraslan252@example.com,+905941013721,2024-02-02,2026-01-27,İzmir,Karşıyaka,Türkiye,118.78,25
2432,53,Öğr. Zerafet Gülper Demirel,ogr.zerafet.gulper.demirel53@example.com,+905545494808,2024-11-16,2025-07-20,Şanlıurfa,Eyyübiye,Türkiye,105.18,23
2433,352,Gülev Demir,gulev.demir352@example.com,+905929842579,2022-08-21,2025-12-29,Denizli,Pamukkale,Türkiye,90.97,22
2434,376,Melihcan Dumanlı,melihcan.dumanli376@example.com,+905288574489,2025-09-06,2026-06-08,Denizli,Pamukkale,Türkiye,236.39,43
2435,2,Uz. Zamir Açıkel Tarhan,uz.zamir.acikel.tarhan2@example.com,+905838637940,2021-09-10,2025-08-29,Gaziantep,Şahinbey,Türkiye,326.01,69
2436,289,Okyalaz Türk,okyalaz.turk289@example.com,+905466609935,2021-11-16,2025-05-29,Şanlıurfa,Eyyübiye,Türkiye,350.69,63
2437,336,Muvaffak Kanak Tarhan Korutürk,muvaffak.kanak.tarhan.koruturk336@example.com,+905881435368,2025-02-24,2025-10-24,Manisa,Şehzadeler,Türkiye,108.59,28
2438,307,Hazine Soylu Çamurcuoğlu,hazine.soylu.camurcuoglu307@example.com,+905120216979,2022-02-22,2026-05-20,Denizli,Pamukkale,Türkiye,257.06,46
2439,67,Erdursun Dalkılıç Akar Duran,erdursun.dalkilic.akar.duran67@example.com,+905567468071,2024-03-08,2025-09-27,Bursa,Nilüfer,Türkiye,201.69,34
2440,308,Ekmel Ertaş,ekmel.ertas308@example.com,+905902771670,2025-08-05,2025-08-17,Trabzon,Ortahisar,Türkiye,249.96,34
2441,201,Şöhret Sezgin,sohret.sezgin201@example.com,+905712406596,2024-02-07,2025-09-21,Manisa,Şehzadeler,Türkiye,224.35,46
2442,41,Tomurcuk İnönü,tomurcuk.inonu41@example.com,+905347143455,2022-12-02,2025-03-29,Mersin,Toroslar,Türkiye,93.23,23
2443,352,Gülev Demir,gulev.demir352@example.com,+905929842579,2022-08-21,2026-03-06,Denizli,Pamukkale,Türkiye,107.31,22
2444,54,Piran Nurda Dumanlı,piran.nurda.dumanli54@example.com,+905837770143,2023-09-06,2026-03-08,Denizli,Pamukkale,Türkiye,308.35,62
2445,92,Behiza Hezniye Arsoy Arslan,behiza.hezniye.arsoy.arslan92@example.com,+905177589178,2024-09-15,2025-07-04,Denizli,Pamukkale,Türkiye,319.69,57
2446,425,Ruhsat Oymak Akar Akçay,ruhsat.oymak.akar.akcay425@example.com,+905689363926,2024-03-13,2025-06-06,Antalya,Muratpaşa,Türkiye,312.04,56
2447,102,Av. Kısmet Aynımah Yılmaz,av.kismet.aynimah.yilmaz102@example.com,+905022901476,2023-03-24,2026-02-24,Van,İpekyolu,Türkiye,382.46,56
2448,47,Bayan Dilfeza İhsanoğlu Arsoy,bayan.dilfeza.ihsanoglu.arsoy47@example.com,+905100330923,2025-03-29,2025-12-11,Samsun,İlkadım,Türkiye,329.14,48
2449,409,Giz Akça,giz.akca409@example.com,+905433504888,2022-10-01,2026-01-18,Kayseri,Melikgazi,Türkiye,299.38,54
2450,376,Melihcan Dumanlı,melihcan.dumanli376@example.com,+905288574489,2025-09-06,2026-04-26,Denizli,Pamukkale,Türkiye,202.74,43
2451,131,Minibe Ülker,minibe.ulker131@example.com,+905584161692,2022-11-21,2025-05-16,Şanlıurfa,Eyyübiye,Türkiye,204.57,36
2452,88,Sevginur Misra İhsanoğlu,sevginur.misra.ihsanoglu88@example.com,+905537735158,2022-05-02,2026-02-23,Mersin,Yenişehir,Türkiye,220.85,40
2453,198,Akyıldız Akdeniz,akyildiz.akdeniz198@example.com,+905101581995,2023-10-16,2025-09-29,Malatya,Yeşilyurt,Türkiye,99.82,18
2454,52,Arş. Gör. Firdevis Eraslan Fırat,ars.gor.firdevis.eraslan.firat52@example.com,+905473799650,2023-03-06,2025-04-01,Gaziantep,Şahinbey,Türkiye,391.82,72
2455,448,Şahnuray Yorulmaz,sahnuray.yorulmaz448@example.com,+905699023557,2023-04-16,2025-06-23,Eskişehir,Tepebaşı,Türkiye,367.21,69
2456,263,Muvahhide Demir,muvahhide.demir263@example.com,+905096902959,2024-09-16,2026-01-22,Antalya,Muratpaşa,Türkiye,340.8,58
2457,404,Öğr. Şemsinisa Selime Seven,ogr.semsinisa.selime.seven404@example.com,+905058650948,2025-09-20,2026-02-28,İzmir,Bornova,Türkiye,354.37,64
2458,374,Servinaz Tülin Tevetoğlu,servinaz.tulin.tevetoglu374@example.com,+905527636556,2024-05-19,2025-12-21,Manisa,Şehzadeler,Türkiye,250.5,46
2459,460,Öğr. Hafıza Yaman Manço,ogr.hafiza.yaman.manco460@example.com,+905733294562,2022-01-10,2026-05-05,Kayseri,Kocasinan,Türkiye,288.01,60
2460,13,Şehreban Kardelen Sezgin Türk,sehreban.kardelen.sezgin.turk13@example.com,+905227824896,2024-10-05,2026-06-29,İzmir,Karşıyaka,Türkiye,458.55,52
2461,274,Oliver İhsanoğlu,oliver.ihsanoglu274@example.com,+905989921722,2024-10-05,2026-05-04,Ankara,Yenimahalle,Türkiye,351.38,69
2462,273,Mürit Baturay Şensoy Karadeniz,murit.baturay.sensoy.karadeniz273@example.com,+905806868793,2023-04-12,2026-02-28,Denizli,Pamukkale,Türkiye,182.3,37
2463,148,Taçnur Gülen Yüksel,tacnur.gulen.yuksel148@example.com,+905339500479,2022-04-13,2025-04-18,Trabzon,Ortahisar,Türkiye,333.15,61
2464,46,Sümeyye Hayrioğlu,sumeyye.hayrioglu46@example.com,+905556464170,2021-09-30,2025-05-05,Konya,Meram,Türkiye,280.06,52
2465,30,Erdibay Korutürk,erdibay.koruturk30@example.com,+905342160733,2023-05-15,2025-12-28,Eskişehir,Tepebaşı,Türkiye,197.14,40
2466,306,Uz. Cannur Çorlu,uz.cannur.corlu306@example.com,+905155216674,2023-10-15,2026-05-27,Manisa,Şehzadeler,Türkiye,498.38,62
2467,475,Yasan Şehamet Fırat Akdeniz,yasan.sehamet.firat.akdeniz475@example.com,+905778795654,2024-04-29,2026-06-13,Eskişehir,Odunpazarı,Türkiye,158.4,28
2468,442,Arş. Gör. Fatinur Yorulmaz Dumanlı,ars.gor.fatinur.yorulmaz.dumanli442@example.com,+905795014556,2025-07-27,2026-06-12,Manisa,Şehzadeler,Türkiye,364.85,66
2469,269,Dr. Asiman Şener Tevetoğlu,dr.asiman.sener.tevetoglu269@example.com,+905443106987,2025-02-01,2026-01-27,Erzurum,Yakutiye,Türkiye,119.1,21
2470,411,Maksüde Hayrioğlu,maksude.hayrioglu411@example.com,+905157279194,2025-09-27,2026-01-07,Van,İpekyolu,Türkiye,544.12,64
2471,3,Suat Şafak,suat.safak3@example.com,+905423511615,2024-01-08,2025-12-07,Denizli,Pamukkale,Türkiye,259.67,56
2472,97,Lezize Tevetoğlu,lezize.tevetoglu97@example.com,+905809885165,2022-03-21,2025-06-30,Samsun,İlkadım,Türkiye,362.02,66
2473,246,Dr. Bilgütay Erten Alemdar,dr.bilgutay.erten.alemdar246@example.com,+905571918261,2022-08-18,2025-09-09,Malatya,Yeşilyurt,Türkiye,269.26,54
2474,418,Yrd. Doç. Rana Rümeysa Arslan,yrd.doc.rana.rumeysa.arslan418@example.com,+905703352110,2024-08-02,2025-08-14,Diyarbakır,Kayapınar,Türkiye,336.47,57
2475,136,Rayla Zülbiye Karadeniz,rayla.zulbiye.karadeniz136@example.com,+905814473947,2024-10-29,2025-02-27,Şanlıurfa,Eyyübiye,Türkiye,104.21,25
2476,438,Tanyolaç Tevetoğlu,tanyolac.tevetoglu438@example.com,+905447421230,2022-06-16,2025-11-01,Ankara,Keçiören,Türkiye,350.59,66
2477,230,Koçak Soylu,kocak.soylu230@example.com,+905326973112,2021-09-23,2025-07-16,Diyarbakır,Kayapınar,Türkiye,165.06,25
2478,91,Emine. İhsanoğlu,emine.ihsanoglu91@example.com,+905020539502,2024-06-17,2026-05-23,Adana,Seyhan,Türkiye,95.56,21
2479,180,Nurmelek Aslan,nurmelek.aslan180@example.com,+905334270866,2022-10-28,2025-06-30,Adana,Çukurova,Türkiye,254.39,51
2480,247,Arpağ Yorulmaz,arpag.yorulmaz247@example.com,+905445655743,2025-07-13,2026-05-29,Antalya,Muratpaşa,Türkiye,182.97,30
2481,401,Alkor Manço,alkor.manco401@example.com,+905387829456,2022-05-10,2025-08-02,Erzurum,Yakutiye,Türkiye,213.8,38
2482,346,Kıvılcım Şensoy,kivilcim.sensoy346@example.com,+905518449892,2023-11-02,2026-01-19,Ankara,Yenimahalle,Türkiye,372.57,59
2483,92,Behiza Hezniye Arsoy Arslan,behiza.hezniye.arsoy.arslan92@example.com,+905177589178,2024-09-15,2025-02-02,Denizli,Pamukkale,Türkiye,281.14,57
2484,51,Başok Ülker,basok.ulker51@example.com,+905628498776,2021-11-06,2026-04-25,Diyarbakır,Kayapınar,Türkiye,299.41,55
2485,100,Tülin Soylu,tulin.soylu100@example.com,+905244550229,2022-04-06,2025-07-31,Mersin,Yenişehir,Türkiye,234.88,43
2486,333,Av. Ulutay Yilmaz Tarhan,av.ulutay.yilmaz.tarhan333@example.com,+905061809190,2022-01-07,2025-08-04,Denizli,Pamukkale,Türkiye,383.42,72
2487,188,Nafii Sezer,nafii.sezer188@example.com,+905509977008,2022-11-09,2025-07-18,Malatya,Yeşilyurt,Türkiye,233.43,44
2488,266,Dr. Selime İnönü Yorulmaz,dr.selime.inonu.yorulmaz266@example.com,+905179327104,2025-11-01,2026-05-11,Erzurum,Yakutiye,Türkiye,195.79,38
2489,321,Gürcüye Gülev Mansız Eraslan,gurcuye.gulev.mansiz.eraslan321@example.com,+905620034244,2025-02-16,2025-12-20,Bursa,Nilüfer,Türkiye,341.59,71
2490,328,Yurtseven Tule Çamurcuoğlu Aslan,yurtseven.tule.camurcuoglu.aslan328@example.com,+905554398780,2025-04-22,2026-06-08,Konya,Meram,Türkiye,342.97,60
2491,332,Berran İnönü,berran.inonu332@example.com,+905024819346,2023-10-10,2025-12-25,İzmir,Konak,Türkiye,244.82,46
2492,365,Prof. Nevsale Uğur Zengin Sakarya,prof.nevsale.ugur.zengin.sakarya365@example.com,+905904268181,2023-02-16,2026-02-25,Diyarbakır,Kayapınar,Türkiye,168.51,36
2493,493,Doç. Beyler Feyruz Şafak,doc.beyler.feyruz.safak493@example.com,+905030937618,2022-05-05,2025-10-09,Konya,Selçuklu,Türkiye,218.21,37
2494,192,Permun Akça Demirel,permun.akca.demirel192@example.com,+905918033974,2025-09-08,2026-01-30,Denizli,Pamukkale,Türkiye,165.53,22
2495,164,Kıvılcım Seven,kivilcim.seven164@example.com,+905788728743,2025-04-26,2026-04-10,Eskişehir,Tepebaşı,Türkiye,198.98,39
2496,3,Suat Şafak,suat.safak3@example.com,+905423511615,2024-01-08,2025-05-25,Denizli,Pamukkale,Türkiye,304.89,56
2497,402,Prof. Tartış Yorulmaz,prof.tartis.yorulmaz402@example.com,+905022031731,2025-10-08,2026-06-26,Malatya,Yeşilyurt,Türkiye,302.32,54
2498,124,Gözem Zengin,gozem.zengin124@example.com,+905432898614,2024-08-13,2025-05-29,İzmir,Konak,Türkiye,181.1,37
2499,495,Yrd. Doç. Kızıltunç Cindoruk Ülker,yrd.doc.kiziltunc.cindoruk.ulker495@example.com,+905931027079,2025-09-10,2025-11-09,Erzurum,Yakutiye,Türkiye,385.36,33
2500,365,Prof. Nevsale Uğur Zengin Sakarya,prof.nevsale.ugur.zengin.sakarya365@example.com,+905904268181,2023-02-16,2025-09-22,Diyarbakır,Kayapınar,Türkiye,200.96,36
2501,222,Cemiyle Gülgüzel Arslan,cemiyle.gulguzel.arslan222@example.com,+905325367294,2022-06-06,2025-05-15,Antalya,Muratpaşa,Türkiye,273.99,44
2502,51,Başok Ülker,basok.ulker51@example.com,+905628498776,2021-11-06,2026-04-30,Diyarbakır,Kayapınar,Türkiye,315.95,55
2503,63,Aykutalp Sakarya,aykutalp.sakarya63@example.com,+905618324210,2025-01-07,2025-11-15,Van,İpekyolu,Türkiye,357.71,68
2504,477,Serda Akçay,serda.akcay477@example.com,+905281442944,2024-07-04,2025-08-07,Şanlıurfa,Eyyübiye,Türkiye,268.4,18
2505,6,Yağızkurt Şensoy,yagizkurt.sensoy6@example.com,+905928327648,2024-09-19,2025-05-27,Mersin,Yenişehir,Türkiye,308.94,61
2506,141,Dr. Atgun Arslan,dr.atgun.arslan141@example.com,+905824225358,2024-05-10,2025-12-01,Ankara,Çankaya,Türkiye,381.54,72
2507,486,Öğr. Şöhret Yılmaz Akçay,ogr.sohret.yilmaz.akcay486@example.com,+905471746542,2021-07-28,2026-05-24,Adana,Çukurova,Türkiye,97.62,22
2508,420,Av. Nevsale Birsan Şafak Akdeniz,av.nevsale.birsan.safak.akdeniz420@example.com,+905920698042,2025-08-11,2026-05-24,Mersin,Toroslar,Türkiye,210.72,36
2509,243,Servinaz Belkize Tarhan,servinaz.belkize.tarhan243@example.com,+905494937597,2021-08-13,2025-05-24,Samsun,İlkadım,Türkiye,369.12,67
2510,328,Yurtseven Tule Çamurcuoğlu Aslan,yurtseven.tule.camurcuoglu.aslan328@example.com,+905554398780,2025-04-22,2025-06-26,Konya,Meram,Türkiye,306.5,60
2511,386,Nefaret Cuheyna Durdu,nefaret.cuheyna.durdu386@example.com,+905456424008,2021-09-12,2025-01-22,İzmir,Bornova,Türkiye,357.4,72
2512,420,Av. Nevsale Birsan Şafak Akdeniz,av.nevsale.birsan.safak.akdeniz420@example.com,+905920698042,2025-08-11,2026-04-19,Mersin,Toroslar,Türkiye,178.24,36
2513,141,Dr. Atgun Arslan,dr.atgun.arslan141@example.com,+905824225358,2024-05-10,2025-05-19,Ankara,Çankaya,Türkiye,360.0,72
2514,204,Av. Atnan Eşref Akgündüz,av.atnan.esref.akgunduz204@example.com,+905737416724,2024-08-04,2026-02-09,Erzurum,Yakutiye,Türkiye,250.19,34
2515,26,Rabbiye Aslan,rabbiye.aslan26@example.com,+905935348740,2025-06-06,2026-06-18,Mersin,Toroslar,Türkiye,359.22,58
2516,247,Arpağ Yorulmaz,arpag.yorulmaz247@example.com,+905445655743,2025-07-13,2025-07-18,Antalya,Muratpaşa,Türkiye,176.95,30
2517,23,Öğr. Kasim Aslan,ogr.kasim.aslan23@example.com,+905353462475,2021-09-25,2026-05-07,Eskişehir,Tepebaşı,Türkiye,87.44,22
2518,335,Alaz Eraslan Duran,alaz.eraslan.duran335@example.com,+905842450882,2025-04-04,2026-06-28,Antalya,Kepez,Türkiye,99.69,20
2519,19,Dr. Nezize Feyzin Arsoy Ergül,dr.nezize.feyzin.arsoy.ergul19@example.com,+905773602606,2024-06-17,2025-06-22,Adana,Çukurova,Türkiye,551.33,68
2520,7,Öğr. Seniha İnsaf Aslan,ogr.seniha.insaf.aslan7@example.com,+905056413953,2022-04-10,2025-03-02,Ankara,Çankaya,Türkiye,285.72,49
2521,41,Tomurcuk İnönü,tomurcuk.inonu41@example.com,+905347143455,2022-12-02,2025-05-19,Mersin,Toroslar,Türkiye,139.96,23
2522,53,Öğr. Zerafet Gülper Demirel,ogr.zerafet.gulper.demirel53@example.com,+905545494808,2024-11-16,2026-05-03,Şanlıurfa,Eyyübiye,Türkiye,126.7,23
2523,387,Bişar Ülker,bisar.ulker387@example.com,+905807740649,2024-08-26,2026-01-27,Kayseri,Kocasinan,Türkiye,358.91,68
2524,179,Muvaffak Hayrioğlu,muvaffak.hayrioglu179@example.com,+905687056856,2023-08-29,2025-02-09,Van,İpekyolu,Türkiye,120.68,27
2525,373,Nurser Tevetoğlu,nurser.tevetoglu373@example.com,+905915594284,2024-08-14,2025-05-16,Konya,Meram,Türkiye,226.84,35
2526,124,Gözem Zengin,gozem.zengin124@example.com,+905432898614,2024-08-13,2025-05-13,İzmir,Konak,Türkiye,173.73,37
2527,82,Dr. Sökmen Erdoğan,dr.sokmen.erdogan82@example.com,+905210470952,2025-06-11,2026-06-14,Konya,Meram,Türkiye,170.76,36
2528,336,Muvaffak Kanak Tarhan Korutürk,muvaffak.kanak.tarhan.koruturk336@example.com,+905881435368,2025-02-24,2026-05-20,Manisa,Şehzadeler,Türkiye,141.92,28
2529,460,Öğr. Hafıza Yaman Manço,ogr.hafiza.yaman.manco460@example.com,+905733294562,2022-01-10,2025-03-06,Kayseri,Kocasinan,Türkiye,330.65,60
2530,37,Uraltay Gül,uraltay.gul37@example.com,+905489513433,2025-02-14,2026-03-21,Adana,Seyhan,Türkiye,125.54,19
2531,339,Şeref Bilgin,seref.bilgin339@example.com,+905594929955,2023-07-19,2025-04-09,Şanlıurfa,Eyyübiye,Türkiye,170.87,28
2532,362,Havse İncifir Hayrioğlu Yıldırım,havse.incifir.hayrioglu.yildirim362@example.com,+905770384309,2023-02-01,2025-12-12,Ankara,Çankaya,Türkiye,298.47,51
2533,147,Yekda Sezer,yekda.sezer147@example.com,+905953278774,2023-02-28,2025-06-21,Adana,Çukurova,Türkiye,86.53,19
2534,481,Hatin Nüdret Çorlu Arsoy,hatin.nudret.corlu.arsoy481@example.com,+905674286047,2023-10-22,2025-04-03,Gaziantep,Şehitkamil,Türkiye,298.98,61
2535,409,Giz Akça,giz.akca409@example.com,+905433504888,2022-10-01,2025-05-22,Kayseri,Melikgazi,Türkiye,254.86,54
2536,60,Çev. Tüzeer Nurullah Bilir,cev.tuzeer.nurullah.bilir60@example.com,+905999386774,2022-08-25,2026-04-20,Bursa,Osmangazi,Türkiye,247.02,45
2537,165,Zeyno Ertaş,zeyno.ertas165@example.com,+905205493296,2023-07-21,2026-03-15,Diyarbakır,Kayapınar,Türkiye,259.85,50
2538,100,Tülin Soylu,tulin.soylu100@example.com,+905244550229,2022-04-06,2026-01-31,Mersin,Yenişehir,Türkiye,231.79,43
2539,227,Dr. Akyıldız Durdu Arslan,dr.akyildiz.durdu.arslan227@example.com,+905436110371,2025-03-16,2026-01-02,Ankara,Keçiören,Türkiye,285.05,55
2540,70,Aliihsan Tunahan Duran Karadeniz,aliihsan.tunahan.duran.karadeniz70@example.com,+905131712748,2021-12-29,2025-09-30,İstanbul,Şişli,Türkiye,218.68,35
2541,474,Av. Nura Durmuş İhsanoğlu,av.nura.durmus.ihsanoglu474@example.com,+905818913718,2022-09-12,2025-07-02,Mersin,Toroslar,Türkiye,244.01,37
2542,181,Çev. Bidayet Sirap Yıldırım,cev.bidayet.sirap.yildirim181@example.com,+905351751830,2024-06-11,2025-11-10,Gaziantep,Şehitkamil,Türkiye,254.21,42
2543,448,Şahnuray Yorulmaz,sahnuray.yorulmaz448@example.com,+905699023557,2023-04-16,2025-03-27,Eskişehir,Tepebaşı,Türkiye,373.3,69
2544,120,Belgizar Öcalan,belgizar.ocalan120@example.com,+905746886239,2025-03-04,2026-03-15,Samsun,Atakum,Türkiye,363.53,73
2545,481,Hatin Nüdret Çorlu Arsoy,hatin.nudret.corlu.arsoy481@example.com,+905674286047,2023-10-22,2025-09-28,Gaziantep,Şehitkamil,Türkiye,344.34,61
2546,420,Av. Nevsale Birsan Şafak Akdeniz,av.nevsale.birsan.safak.akdeniz420@example.com,+905920698042,2025-08-11,2025-09-17,Mersin,Toroslar,Türkiye,181.7,36
2547,446,Öğr. Yazgül Yasemen Mansız Aksu,ogr.yazgul.yasemen.mansiz.aksu446@example.com,+905107139660,2024-01-29,2026-04-02,Konya,Selçuklu,Türkiye,235.43,40
2548,198,Akyıldız Akdeniz,akyildiz.akdeniz198@example.com,+905101581995,2023-10-16,2025-08-09,Malatya,Yeşilyurt,Türkiye,83.86,18
2549,87,Emal Ülker Şensoy,emal.ulker.sensoy87@example.com,+905675869261,2023-03-16,2025-07-17,Erzurum,Yakutiye,Türkiye,347.01,57
2550,366,Arş. Gör. Güverçin Şirivan Türk Gül,ars.gor.guvercin.sirivan.turk.gul366@example.com,+905894769735,2021-08-07,2026-05-20,Bursa,Osmangazi,Türkiye,266.23,47
2551,3,Suat Şafak,suat.safak3@example.com,+905423511615,2024-01-08,2026-04-24,Denizli,Pamukkale,Türkiye,311.95,56
2552,406,Hazrat Melihcan Demir Arslan,hazrat.melihcan.demir.arslan406@example.com,+905195761228,2023-09-12,2025-09-06,Adana,Çukurova,Türkiye,237.57,50
2553,387,Bişar Ülker,bisar.ulker387@example.com,+905807740649,2024-08-26,2026-06-08,Kayseri,Kocasinan,Türkiye,369.38,68
2554,451,Şefiye Bilge,sefiye.bilge451@example.com,+905291450461,2023-03-01,2026-06-20,Adana,Çukurova,Türkiye,394.03,74
2555,426,Necva Fadıla Yüksel Sakarya,necva.fadila.yuksel.sakarya426@example.com,+905329832482,2023-07-16,2025-06-08,Erzurum,Yakutiye,Türkiye,346.87,67
2556,270,Doç. Bozbağ Görgünay Durmuş,doc.bozbag.gorgunay.durmus270@example.com,+905497310324,2025-06-28,2026-05-04,Denizli,Pamukkale,Türkiye,439.45,48
2557,290,Onuker Zengin,onuker.zengin290@example.com,+905584282417,2025-03-25,2025-04-24,Erzurum,Yakutiye,Türkiye,361.7,65
2558,376,Melihcan Dumanlı,melihcan.dumanli376@example.com,+905288574489,2025-09-06,2026-06-23,Denizli,Pamukkale,Türkiye,239.5,43
2559,412,Abdülahat Oldağ Korutürk Şafak,abdulahat.oldag.koruturk.safak412@example.com,+905055661390,2022-05-24,2025-05-22,Trabzon,Ortahisar,Türkiye,418.94,67
2560,10,Ferahdiba Bilir,ferahdiba.bilir10@example.com,+905801845146,2025-01-23,2025-07-21,Malatya,Yeşilyurt,Türkiye,248.25,47
2561,130,Tümer Çamurcuoğlu,tumer.camurcuoglu130@example.com,+905505415667,2023-10-13,2025-04-17,Konya,Meram,Türkiye,225.18,39
2562,216,Sonnur Çağlar Fırat Ergül,sonnur.caglar.firat.ergul216@example.com,+905507236887,2023-08-28,2025-09-28,Diyarbakır,Kayapınar,Türkiye,361.24,61
2563,339,Şeref Bilgin,seref.bilgin339@example.com,+905594929955,2023-07-19,2025-12-21,Şanlıurfa,Eyyübiye,Türkiye,110.02,28
2564,178,Nurmelek Hayrioğlu,nurmelek.hayrioglu178@example.com,+905995342836,2024-04-06,2026-04-07,Van,İpekyolu,Türkiye,165.71,35
2565,166,Bayan Gülsü Sabır Kısakürek,bayan.gulsu.sabir.kisakurek166@example.com,+905227530463,2023-06-12,2025-06-06,Trabzon,Ortahisar,Türkiye,364.17,66
2566,335,Alaz Eraslan Duran,alaz.eraslan.duran335@example.com,+905842450882,2025-04-04,2025-05-07,Antalya,Kepez,Türkiye,90.97,20
2567,485,Çerçi Demirel,cerci.demirel485@example.com,+905391119269,2024-11-29,2025-04-25,Ankara,Yenimahalle,Türkiye,367.23,75
2568,124,Gözem Zengin,gozem.zengin124@example.com,+905432898614,2024-08-13,2025-01-11,İzmir,Konak,Türkiye,191.38,37
2569,68,Uz. Sadiye Gülbiye Aslan Ertaş,uz.sadiye.gulbiye.aslan.ertas68@example.com,+905876038597,2022-06-11,2026-02-26,Trabzon,Ortahisar,Türkiye,440.48,46
2570,155,Av. Zülbiye Semat Akçay,av.zulbiye.semat.akcay155@example.com,+905230913075,2023-08-08,2026-03-13,Manisa,Şehzadeler,Türkiye,206.25,27
2571,294,Arıel Güçlü,ariel.guclu294@example.com,+905250074329,2021-08-30,2026-02-09,Şanlıurfa,Eyyübiye,Türkiye,183.99,28
2572,284,Sevdinar İhsanoğlu Hayrioğlu,sevdinar.ihsanoglu.hayrioglu284@example.com,+905406029333,2022-02-24,2025-10-23,Mersin,Yenişehir,Türkiye,173.71,31
2573,139,Seçgül Dumanlı,secgul.dumanli139@example.com,+905911467866,2022-09-22,2025-08-30,Erzurum,Yakutiye,Türkiye,101.63,22
2574,25,Eflâtun İlgi Türk,efltun.ilgi.turk25@example.com,+905980841241,2025-05-07,2025-11-09,Erzurum,Yakutiye,Türkiye,374.71,65
2575,153,Mücellib Bektaşi Sezgin Ertaş,mucellib.bektasi.sezgin.ertas153@example.com,+905888794705,2024-02-03,2025-11-29,Van,İpekyolu,Türkiye,298.26,61
2576,414,Arş. Gör. Sebattin İvecen Ülker,ars.gor.sebattin.ivecen.ulker414@example.com,+905998136462,2025-03-17,2025-12-22,Trabzon,Ortahisar,Türkiye,232.25,39
2577,256,Öğr. Rafih Şensoy,ogr.rafih.sensoy256@example.com,+905598564205,2022-08-08,2026-02-13,Şanlıurfa,Eyyübiye,Türkiye,177.82,32
2578,225,Saydam Feza Sezer,saydam.feza.sezer225@example.com,+905975001701,2025-01-23,2025-12-17,Eskişehir,Odunpazarı,Türkiye,295.81,46
2579,324,Sezal Kader Gül,sezal.kader.gul324@example.com,+905598933472,2022-02-13,2025-10-22,Diyarbakır,Kayapınar,Türkiye,80.18,22
2580,45,Arş. Gör. Özakan İhsanoğlu,ars.gor.ozakan.ihsanoglu45@example.com,+905699016272,2025-09-01,2025-12-20,Antalya,Muratpaşa,Türkiye,242.88,34
2581,37,Uraltay Gül,uraltay.gul37@example.com,+905489513433,2025-02-14,2026-01-10,Adana,Seyhan,Türkiye,88.51,19
2582,324,Sezal Kader Gül,sezal.kader.gul324@example.com,+905598933472,2022-02-13,2026-03-27,Diyarbakır,Kayapınar,Türkiye,109.44,22
2583,250,Rahiye Kumral Zorlu,rahiye.kumral.zorlu250@example.com,+905804420678,2021-10-02,2025-04-04,Samsun,Atakum,Türkiye,270.87,53
2584,335,Alaz Eraslan Duran,alaz.eraslan.duran335@example.com,+905842450882,2025-04-04,2026-01-16,Antalya,Kepez,Türkiye,103.07,20
2585,232,Binışık Bilgütay Sezgin,binisik.bilgutay.sezgin232@example.com,+905389836403,2023-03-05,2026-03-17,İstanbul,Üsküdar,Türkiye,212.94,42
2586,383,Elvan Çisem Yorulmaz Zengin,elvan.cisem.yorulmaz.zengin383@example.com,+905492164334,2023-06-19,2026-04-24,İzmir,Konak,Türkiye,302.26,58
2587,440,Muktedir Ünübol Durdu,muktedir.unubol.durdu440@example.com,+905384983022,2025-08-22,2026-02-02,Manisa,Şehzadeler,Türkiye,325.85,59
2588,338,Deryanur Hasgül Güçlü Yıldırım,deryanur.hasgul.guclu.yildirim338@example.com,+905975523149,2025-07-23,2026-06-07,Bursa,Nilüfer,Türkiye,433.95,75
2589,402,Prof. Tartış Yorulmaz,prof.tartis.yorulmaz402@example.com,+905022031731,2025-10-08,2025-11-19,Malatya,Yeşilyurt,Türkiye,329.92,54
2590,287,Bayan Muarra Sonnur Demirel,bayan.muarra.sonnur.demirel287@example.com,+905899441715,2024-05-25,2025-04-19,Malatya,Yeşilyurt,Türkiye,294.75,58
2591,238,Teber Bilir,teber.bilir238@example.com,+905252410564,2023-01-05,2026-02-16,Malatya,Yeşilyurt,Türkiye,154.29,22
2592,37,Uraltay Gül,uraltay.gul37@example.com,+905489513433,2025-02-14,2025-04-13,Adana,Seyhan,Türkiye,94.32,19
2593,20,Tınal Aslan,tinal.aslan20@example.com,+905872343098,2025-08-10,2026-02-11,Kayseri,Kocasinan,Türkiye,326.13,65
2594,394,Necva Yılmaz,necva.yilmaz394@example.com,+905645208814,2023-04-02,2025-08-09,Konya,Meram,Türkiye,276.77,58
2595,475,Yasan Şehamet Fırat Akdeniz,yasan.sehamet.firat.akdeniz475@example.com,+905778795654,2024-04-29,2026-02-07,Eskişehir,Odunpazarı,Türkiye,154.03,28
2596,208,Hürdoğan Sezgin,hurdogan.sezgin208@example.com,+905507146112,2023-12-30,2025-07-23,Malatya,Yeşilyurt,Türkiye,182.77,37
2597,26,Rabbiye Aslan,rabbiye.aslan26@example.com,+905935348740,2025-06-06,2025-08-07,Mersin,Toroslar,Türkiye,364.84,58
2598,80,Sittik Nevsal Zorlu,sittik.nevsal.zorlu80@example.com,+905743671369,2023-12-08,2025-12-15,Denizli,Pamukkale,Türkiye,272.66,54
2599,196,Yıldız Samahat Ülker Arsoy,yildiz.samahat.ulker.arsoy196@example.com,+905943114262,2021-10-20,2026-02-12,Trabzon,Ortahisar,Türkiye,214.39,42
2600,334,Çolpan Arsoy Çorlu,colpan.arsoy.corlu334@example.com,+905449147660,2023-04-17,2025-07-29,Malatya,Yeşilyurt,Türkiye,164.21,28
2601,215,Öğr. Uğurtan Erbil Hançer,ogr.ugurtan.erbil.hancer215@example.com,+905627828274,2025-02-28,2025-05-14,Antalya,Kepez,Türkiye,162.71,29
2602,141,Dr. Atgun Arslan,dr.atgun.arslan141@example.com,+905824225358,2024-05-10,2026-03-23,Ankara,Çankaya,Türkiye,405.14,72
2603,198,Akyıldız Akdeniz,akyildiz.akdeniz198@example.com,+905101581995,2023-10-16,2025-04-25,Malatya,Yeşilyurt,Türkiye,101.59,18
2604,207,Gülbeyan Soylu,gulbeyan.soylu207@example.com,+905888993756,2023-05-09,2025-08-24,Mersin,Yenişehir,Türkiye,411.33,67
2605,323,Gökçil Özertem Dumanlı,gokcil.ozertem.dumanli323@example.com,+905666580043,2022-06-21,2026-01-15,Kayseri,Melikgazi,Türkiye,583.7,73
2606,94,Şevketfeza Yosma Yılmaz,sevketfeza.yosma.yilmaz94@example.com,+905124998569,2022-12-22,2025-08-15,Manisa,Şehzadeler,Türkiye,253.63,36
2607,359,Bedri Duran,bedri.duran359@example.com,+905449562137,2022-01-10,2025-10-06,Erzurum,Yakutiye,Türkiye,127.12,28
2608,359,Bedri Duran,bedri.duran359@example.com,+905449562137,2022-01-10,2025-03-13,Erzurum,Yakutiye,Türkiye,137.06,28
2609,193,Arıkol Zengin,arikol.zengin193@example.com,+905250392614,2025-01-14,2025-11-28,Mersin,Yenişehir,Türkiye,256.8,54
2610,127,Kaşif Seydo Akar Eraslan,kasif.seydo.akar.eraslan127@example.com,+905670654051,2024-01-06,2026-01-31,Erzurum,Yakutiye,Türkiye,355.43,33
2611,53,Öğr. Zerafet Gülper Demirel,ogr.zerafet.gulper.demirel53@example.com,+905545494808,2024-11-16,2025-02-02,Şanlıurfa,Eyyübiye,Türkiye,101.49,23
2612,357,Okt. Öngen Bilgen Çetin,okt.ongen.bilgen.cetin357@example.com,+905806356512,2023-07-24,2026-01-22,İstanbul,Kadıköy,Türkiye,349.59,59
2613,366,Arş. Gör. Güverçin Şirivan Türk Gül,ars.gor.guvercin.sirivan.turk.gul366@example.com,+905894769735,2021-08-07,2026-01-30,Bursa,Osmangazi,Türkiye,279.9,47
2614,174,Tayyip Duran,tayyip.duran174@example.com,+905182512868,2025-03-27,2026-02-24,Trabzon,Ortahisar,Türkiye,390.52,64
2615,475,Yasan Şehamet Fırat Akdeniz,yasan.sehamet.firat.akdeniz475@example.com,+905778795654,2024-04-29,2025-06-21,Eskişehir,Odunpazarı,Türkiye,143.11,28
2616,43,Türknur Şennur Akar,turknur.sennur.akar43@example.com,+905967054668,2021-10-04,2026-03-21,Trabzon,Ortahisar,Türkiye,414.32,65
2617,39,Dilfeza Arslan,dilfeza.arslan39@example.com,+905328708317,2025-03-14,2025-12-18,Bursa,Osmangazi,Türkiye,401.12,69
2618,165,Zeyno Ertaş,zeyno.ertas165@example.com,+905205493296,2023-07-21,2025-08-11,Diyarbakır,Kayapınar,Türkiye,274.92,50
2619,356,Songurkan Bilir,songurkan.bilir356@example.com,+905624731498,2023-08-29,2026-05-24,Van,İpekyolu,Türkiye,165.54,34
2620,298,Av. Zevlüde Türk Mansız,av.zevlude.turk.mansiz298@example.com,+905753260332,2024-10-06,2026-01-15,Antalya,Kepez,Türkiye,307.37,64
2621,26,Rabbiye Aslan,rabbiye.aslan26@example.com,+905935348740,2025-06-06,2026-02-22,Mersin,Toroslar,Türkiye,360.91,58
2622,250,Rahiye Kumral Zorlu,rahiye.kumral.zorlu250@example.com,+905804420678,2021-10-02,2025-04-06,Samsun,Atakum,Türkiye,286.44,53
2623,378,Ruhugül Gül Sakarya,ruhugul.gul.sakarya378@example.com,+905061593998,2024-12-20,2025-04-25,Mersin,Toroslar,Türkiye,354.59,67
2624,485,Çerçi Demirel,cerci.demirel485@example.com,+905391119269,2024-11-29,2025-04-26,Ankara,Yenimahalle,Türkiye,377.55,75
2625,69,Av. Arıkol Mirbadin Sezgin,av.arikol.mirbadin.sezgin69@example.com,+905824771093,2021-12-20,2025-04-19,Konya,Meram,Türkiye,141.13,28
2626,199,Av. Tangül Deha Şafak,av.tangul.deha.safak199@example.com,+905839826224,2024-04-05,2026-06-27,Trabzon,Ortahisar,Türkiye,211.39,35
2627,161,Zeride Çorlu,zeride.corlu161@example.com,+905165712082,2023-09-01,2025-12-19,Gaziantep,Şahinbey,Türkiye,346.86,59
2628,2,Uz. Zamir Açıkel Tarhan,uz.zamir.acikel.tarhan2@example.com,+905838637940,2021-09-10,2025-04-22,Gaziantep,Şahinbey,Türkiye,374.47,69
2629,348,Atiyye Sezer,atiyye.sezer348@example.com,+905723184322,2025-01-24,2025-12-06,Malatya,Yeşilyurt,Türkiye,236.62,41
2630,338,Deryanur Hasgül Güçlü Yıldırım,deryanur.hasgul.guclu.yildirim338@example.com,+905975523149,2025-07-23,2026-01-16,Bursa,Nilüfer,Türkiye,406.57,75
2631,114,Bayan Gül Müsemma Çetin,bayan.gul.musemma.cetin114@example.com,+905554665905,2025-07-31,2026-03-10,Malatya,Yeşilyurt,Türkiye,221.63,39
2632,6,Yağızkurt Şensoy,yagizkurt.sensoy6@example.com,+905928327648,2024-09-19,2025-02-08,Mersin,Yenişehir,Türkiye,338.75,61
2633,177,Uz. Sevsevil Gülbeyan Yorulmaz,uz.sevsevil.gulbeyan.yorulmaz177@example.com,+905067383028,2024-04-29,2026-06-20,Ankara,Çankaya,Türkiye,342.21,32
2634,123,Barışcan Akgündüz,bariscan.akgunduz123@example.com,+905152204727,2023-06-08,2025-07-10,İstanbul,Üsküdar,Türkiye,290.97,57
2635,433,Nayil Dumanlı,nayil.dumanli433@example.com,+905886086803,2024-04-25,2025-08-07,Ankara,Çankaya,Türkiye,290.54,46
2636,166,Bayan Gülsü Sabır Kısakürek,bayan.gulsu.sabir.kisakurek166@example.com,+905227530463,2023-06-12,2026-02-08,Trabzon,Ortahisar,Türkiye,343.86,66
2637,229,Erginel Nezihi Demir,erginel.nezihi.demir229@example.com,+905542622189,2025-11-25,2026-02-23,Bursa,Osmangazi,Türkiye,343.04,57
2638,386,Nefaret Cuheyna Durdu,nefaret.cuheyna.durdu386@example.com,+905456424008,2021-09-12,2025-08-26,İzmir,Bornova,Türkiye,387.05,72
2639,27,Dirlik Çamurcuoğlu,dirlik.camurcuoglu27@example.com,+905052427868,2025-11-23,2026-04-10,Mersin,Yenişehir,Türkiye,113.86,25
2640,405,Günebakan İnönü,gunebakan.inonu405@example.com,+905381138633,2022-12-31,2025-03-23,Kayseri,Melikgazi,Türkiye,309.55,60
2641,136,Rayla Zülbiye Karadeniz,rayla.zulbiye.karadeniz136@example.com,+905814473947,2024-10-29,2025-03-23,Şanlıurfa,Eyyübiye,Türkiye,134.01,25
2642,15,Nevsale Ürper Akar,nevsale.urper.akar15@example.com,+905010310518,2024-08-12,2025-03-14,Gaziantep,Şahinbey,Türkiye,238.19,35
2643,375,Dr. Dilşat Âlemşah Gül,dr.dilsat.lemsah.gul375@example.com,+905143866322,2023-04-19,2025-07-19,Antalya,Muratpaşa,Türkiye,338.48,69
2644,211,Atilhan Yüksel,atilhan.yuksel211@example.com,+905660937966,2025-12-03,2026-06-22,Adana,Seyhan,Türkiye,351.66,63
2645,344,Kerman Ertaş,kerman.ertas344@example.com,+905827229927,2023-12-09,2025-07-13,Manisa,Şehzadeler,Türkiye,109.84,20
2646,202,Öğr. Seblâ Alemdar Gül,ogr.sebl.alemdar.gul202@example.com,+905459375265,2024-04-25,2025-03-20,Manisa,Şehzadeler,Türkiye,401.73,65
2647,451,Şefiye Bilge,sefiye.bilge451@example.com,+905291450461,2023-03-01,2025-11-28,Adana,Çukurova,Türkiye,404.76,74
2648,325,Aybora Çamurcuoğlu,aybora.camurcuoglu325@example.com,+905606484229,2024-07-08,2025-01-21,Adana,Seyhan,Türkiye,84.7,18
2649,347,İvecen Oganer Mansız Seven,ivecen.oganer.mansiz.seven347@example.com,+905846386557,2023-03-31,2025-09-05,Van,İpekyolu,Türkiye,416.78,74
2650,404,Öğr. Şemsinisa Selime Seven,ogr.semsinisa.selime.seven404@example.com,+905058650948,2025-09-20,2025-12-30,İzmir,Bornova,Türkiye,348.32,64
2651,69,Av. Arıkol Mirbadin Sezgin,av.arikol.mirbadin.sezgin69@example.com,+905824771093,2021-12-20,2025-03-18,Konya,Meram,Türkiye,162.56,28
2652,103,Elvan Şener,elvan.sener103@example.com,+905815614978,2022-03-17,2025-02-03,Mersin,Yenişehir,Türkiye,180.43,37
2653,260,Boztaş Gürelcem Seven Sezer,boztas.gurelcem.seven.sezer260@example.com,+905059325250,2025-10-29,2025-12-09,İstanbul,Şişli,Türkiye,164.43,27
2654,500,Hüsmen Çetin,husmen.cetin500@example.com,+905946723248,2023-06-04,2025-10-18,İzmir,Karşıyaka,Türkiye,212.97,44
2655,290,Onuker Zengin,onuker.zengin290@example.com,+905584282417,2025-03-25,2026-05-07,Erzurum,Yakutiye,Türkiye,324.41,65
2656,489,Dr. Mahter Havse Hançer,dr.mahter.havse.hancer489@example.com,+905072006425,2023-10-03,2026-03-31,Mersin,Toroslar,Türkiye,288.88,54
2657,164,Kıvılcım Seven,kivilcim.seven164@example.com,+905788728743,2025-04-26,2025-11-16,Eskişehir,Tepebaşı,Türkiye,209.72,39
2658,256,Öğr. Rafih Şensoy,ogr.rafih.sensoy256@example.com,+905598564205,2022-08-08,2025-07-01,Şanlıurfa,Eyyübiye,Türkiye,156.93,32
2659,19,Dr. Nezize Feyzin Arsoy Ergül,dr.nezize.feyzin.arsoy.ergul19@example.com,+905773602606,2024-06-17,2026-01-05,Adana,Çukurova,Türkiye,572.58,68
2660,196,Yıldız Samahat Ülker Arsoy,yildiz.samahat.ulker.arsoy196@example.com,+905943114262,2021-10-20,2025-11-11,Trabzon,Ortahisar,Türkiye,221.23,42
2661,360,Gökperi Demir,gokperi.demir360@example.com,+905589026012,2023-04-22,2025-02-23,Malatya,Yeşilyurt,Türkiye,310.44,56
2662,372,İlper Durmuş,ilper.durmus372@example.com,+905856271875,2022-01-31,2025-01-30,Erzurum,Yakutiye,Türkiye,63.66,18
2663,257,Çev. Gülbani İlper Şafak Şener,cev.gulbani.ilper.safak.sener257@example.com,+905785932133,2024-06-15,2025-11-27,Mersin,Yenişehir,Türkiye,453.04,52
2664,151,Özakan Mazlum Bilgin Akçay,ozakan.mazlum.bilgin.akcay151@example.com,+905239868000,2025-03-07,2025-09-19,Eskişehir,Tepebaşı,Türkiye,368.07,63
2665,390,Av. Övün Şilan Tarhan,av.ovun.silan.tarhan390@example.com,+905973502080,2024-11-27,2025-09-26,Diyarbakır,Kayapınar,Türkiye,124.63,24
2666,332,Berran İnönü,berran.inonu332@example.com,+905024819346,2023-10-10,2025-12-05,İzmir,Konak,Türkiye,332.12,46
2667,100,Tülin Soylu,tulin.soylu100@example.com,+905244550229,2022-04-06,2025-12-11,Mersin,Yenişehir,Türkiye,208.52,43
2668,122,Zehranur Şama Akça,zehranur.sama.akca122@example.com,+905750606853,2023-10-14,2025-07-01,İzmir,Konak,Türkiye,165.45,23
2669,392,Asiman Akçay,asiman.akcay392@example.com,+905051204618,2023-04-25,2025-06-23,Samsun,Atakum,Türkiye,153.15,29
2670,491,Dr. Dilcan Ticen Tevetoğlu Duran,dr.dilcan.ticen.tevetoglu.duran491@example.com,+905460158517,2021-09-07,2025-09-28,Samsun,Atakum,Türkiye,376.23,67
2671,186,Enes Yaman,enes.yaman186@example.com,+905854777252,2025-03-01,2026-02-26,Gaziantep,Şehitkamil,Türkiye,362.42,64
2672,500,Hüsmen Çetin,husmen.cetin500@example.com,+905946723248,2023-06-04,2026-03-08,İzmir,Karşıyaka,Türkiye,238.42,44
2673,30,Erdibay Korutürk,erdibay.koruturk30@example.com,+905342160733,2023-05-15,2026-01-02,Eskişehir,Tepebaşı,Türkiye,195.51,40
2674,246,Dr. Bilgütay Erten Alemdar,dr.bilgutay.erten.alemdar246@example.com,+905571918261,2022-08-18,2025-06-27,Malatya,Yeşilyurt,Türkiye,293.26,54
2675,86,Hayel Eraslan,hayel.eraslan86@example.com,+905746120047,2025-04-19,2026-05-26,Gaziantep,Şahinbey,Türkiye,124.34,24
2676,5,Arş. Gör. Sıylıhan Akbaş Durmuş,ars.gor.siylihan.akbas.durmus5@example.com,+905341316475,2025-01-13,2025-04-15,Ankara,Yenimahalle,Türkiye,280.43,41
2677,37,Uraltay Gül,uraltay.gul37@example.com,+905489513433,2025-02-14,2026-04-13,Adana,Seyhan,Türkiye,102.12,19
2678,206,Nades Yıldırım Soylu,nades.yildirim.soylu206@example.com,+905135290965,2023-07-15,2025-03-07,Samsun,İlkadım,Türkiye,122.71,24
2679,429,Cantez Akça,cantez.akca429@example.com,+905933051728,2022-07-23,2025-09-20,Manisa,Şehzadeler,Türkiye,459.1,48
2680,401,Alkor Manço,alkor.manco401@example.com,+905387829456,2022-05-10,2025-11-01,Erzurum,Yakutiye,Türkiye,160.24,38
2681,441,Gündüzalp Tevetoğlu,gunduzalp.tevetoglu441@example.com,+905994510162,2025-01-16,2025-02-03,Antalya,Muratpaşa,Türkiye,303.39,61
2682,99,Uzsoy Şener,uzsoy.sener99@example.com,+905149368998,2025-10-20,2026-04-27,Erzurum,Yakutiye,Türkiye,363.46,56
2683,74,Burakhan Kasim Yılmaz,burakhan.kasim.yilmaz74@example.com,+905270289517,2025-05-22,2025-06-24,Trabzon,Ortahisar,Türkiye,305.88,51
2684,394,Necva Yılmaz,necva.yilmaz394@example.com,+905645208814,2023-04-02,2025-03-07,Konya,Meram,Türkiye,342.41,58
2685,1,Akar Ziyaettin Aslan Yüksel,akar.ziyaettin.aslan.yuksel1@example.com,+905433218196,2025-10-08,2026-04-04,Bursa,Nilüfer,Türkiye,102.69,19
2686,382,Mengi Sakarya,mengi.sakarya382@example.com,+905261117800,2021-08-17,2025-07-15,İzmir,Konak,Türkiye,255.21,43
2687,48,Hayrünnisa Ağbegim Yüksel,hayrunnisa.agbegim.yuksel48@example.com,+905745299124,2025-05-05,2026-03-03,Van,İpekyolu,Türkiye,292.91,55
2688,156,Doç. Nerim Dumanlı,doc.nerim.dumanli156@example.com,+905897028385,2022-03-27,2025-03-22,Konya,Meram,Türkiye,314.2,48
2689,404,Öğr. Şemsinisa Selime Seven,ogr.semsinisa.selime.seven404@example.com,+905058650948,2025-09-20,2026-04-14,İzmir,Bornova,Türkiye,349.42,64
2690,136,Rayla Zülbiye Karadeniz,rayla.zulbiye.karadeniz136@example.com,+905814473947,2024-10-29,2025-04-02,Şanlıurfa,Eyyübiye,Türkiye,134.96,25
2691,426,Necva Fadıla Yüksel Sakarya,necva.fadila.yuksel.sakarya426@example.com,+905329832482,2023-07-16,2025-02-23,Erzurum,Yakutiye,Türkiye,358.03,67
2692,362,Havse İncifir Hayrioğlu Yıldırım,havse.incifir.hayrioglu.yildirim362@example.com,+905770384309,2023-02-01,2025-04-30,Ankara,Çankaya,Türkiye,319.72,51
2693,238,Teber Bilir,teber.bilir238@example.com,+905252410564,2023-01-05,2026-05-03,Malatya,Yeşilyurt,Türkiye,132.19,22
2694,12,Canseven Ergül Akdeniz,canseven.ergul.akdeniz12@example.com,+905701543039,2025-07-04,2025-09-13,İstanbul,Üsküdar,Türkiye,268.11,23
2695,372,İlper Durmuş,ilper.durmus372@example.com,+905856271875,2022-01-31,2025-04-04,Erzurum,Yakutiye,Türkiye,74.0,18
2696,92,Behiza Hezniye Arsoy Arslan,behiza.hezniye.arsoy.arslan92@example.com,+905177589178,2024-09-15,2025-12-27,Denizli,Pamukkale,Türkiye,272.53,57
2697,415,Benek Permun Bilge Korutürk,benek.permun.bilge.koruturk415@example.com,+905864168622,2023-04-03,2026-04-11,Van,İpekyolu,Türkiye,275.09,53
2698,32,Nevsale Bilgin Yaman,nevsale.bilgin.yaman32@example.com,+905014294019,2023-07-07,2026-06-04,Erzurum,Yakutiye,Türkiye,388.61,40
2699,226,Tezcan Bilge,tezcan.bilge226@example.com,+905242415415,2022-03-23,2026-05-19,Denizli,Pamukkale,Türkiye,455.29,75
2700,263,Muvahhide Demir,muvahhide.demir263@example.com,+905096902959,2024-09-16,2026-01-14,Antalya,Muratpaşa,Türkiye,315.28,58
2701,170,Arş. Gör. Zöhrehan Şefiye Akçay,ars.gor.zohrehan.sefiye.akcay170@example.com,+905088398225,2023-01-12,2026-02-15,Van,İpekyolu,Türkiye,267.19,46
2702,189,Nili Aksu,nili.aksu189@example.com,+905840862118,2025-02-11,2026-01-25,Malatya,Yeşilyurt,Türkiye,167.44,33
2703,78,Sezal Zahid Duran,sezal.zahid.duran78@example.com,+905922219693,2023-02-27,2025-09-01,Malatya,Yeşilyurt,Türkiye,268.25,55
2704,8,Çerçi Sezgin,cerci.sezgin8@example.com,+905423884969,2023-09-17,2026-04-19,Diyarbakır,Kayapınar,Türkiye,175.4,41
2705,350,Av. Işıman Ayvas Tarhan,av.isiman.ayvas.tarhan350@example.com,+905299228092,2025-08-20,2025-09-15,Gaziantep,Şahinbey,Türkiye,141.99,28
2706,53,Öğr. Zerafet Gülper Demirel,ogr.zerafet.gulper.demirel53@example.com,+905545494808,2024-11-16,2025-01-28,Şanlıurfa,Eyyübiye,Türkiye,116.71,23
2707,226,Tezcan Bilge,tezcan.bilge226@example.com,+905242415415,2022-03-23,2025-10-25,Denizli,Pamukkale,Türkiye,419.9,75
2708,298,Av. Zevlüde Türk Mansız,av.zevlude.turk.mansiz298@example.com,+905753260332,2024-10-06,2026-02-23,Antalya,Kepez,Türkiye,343.43,64
2709,273,Mürit Baturay Şensoy Karadeniz,murit.baturay.sensoy.karadeniz273@example.com,+905806868793,2023-04-12,2026-02-08,Denizli,Pamukkale,Türkiye,151.21,37
2710,55,Dr. Hoşkadem Hadrey Erdoğan Şama,dr.hoskadem.hadrey.erdogan.sama55@example.com,+905788568557,2024-06-06,2025-11-12,Van,İpekyolu,Türkiye,189.91,37
2711,48,Hayrünnisa Ağbegim Yüksel,hayrunnisa.agbegim.yuksel48@example.com,+905745299124,2025-05-05,2025-06-15,Van,İpekyolu,Türkiye,278.61,55
2712,54,Piran Nurda Dumanlı,piran.nurda.dumanli54@example.com,+905837770143,2023-09-06,2025-05-18,Denizli,Pamukkale,Türkiye,333.66,62
2713,136,Rayla Zülbiye Karadeniz,rayla.zulbiye.karadeniz136@example.com,+905814473947,2024-10-29,2026-01-04,Şanlıurfa,Eyyübiye,Türkiye,139.35,25
2714,55,Dr. Hoşkadem Hadrey Erdoğan Şama,dr.hoskadem.hadrey.erdogan.sama55@example.com,+905788568557,2024-06-06,2026-05-19,Van,İpekyolu,Türkiye,220.03,37
2715,350,Av. Işıman Ayvas Tarhan,av.isiman.ayvas.tarhan350@example.com,+905299228092,2025-08-20,2025-10-14,Gaziantep,Şahinbey,Türkiye,122.13,28
2716,15,Nevsale Ürper Akar,nevsale.urper.akar15@example.com,+905010310518,2024-08-12,2025-05-28,Gaziantep,Şahinbey,Türkiye,231.98,35
2717,443,Ürfettin Şabettin Şama Demirel,urfettin.sabettin.sama.demirel443@example.com,+905472145868,2024-10-09,2025-08-27,Erzurum,Yakutiye,Türkiye,366.11,62
2718,367,Sevican Asu Yorulmaz,sevican.asu.yorulmaz367@example.com,+905714163356,2023-12-20,2025-03-17,Van,İpekyolu,Türkiye,283.42,51
2719,290,Onuker Zengin,onuker.zengin290@example.com,+905584282417,2025-03-25,2025-11-11,Erzurum,Yakutiye,Türkiye,338.4,65
2720,24,Dr. Günkurt Şanlı Öcalan,dr.gunkurt.sanli.ocalan24@example.com,+905183842513,2023-11-17,2025-03-18,Manisa,Şehzadeler,Türkiye,198.98,36
2721,460,Öğr. Hafıza Yaman Manço,ogr.hafiza.yaman.manco460@example.com,+905733294562,2022-01-10,2026-03-14,Kayseri,Kocasinan,Türkiye,319.54,60
2722,188,Nafii Sezer,nafii.sezer188@example.com,+905509977008,2022-11-09,2025-04-19,Malatya,Yeşilyurt,Türkiye,220.95,44
2723,191,Seyithan Akatay İhsanoğlu Hançer,seyithan.akatay.ihsanoglu.hancer191@example.com,+905016668700,2022-01-03,2026-05-31,İzmir,Karşıyaka,Türkiye,185.17,28
2724,321,Gürcüye Gülev Mansız Eraslan,gurcuye.gulev.mansiz.eraslan321@example.com,+905620034244,2025-02-16,2025-12-23,Bursa,Nilüfer,Türkiye,374.95,71
2725,20,Tınal Aslan,tinal.aslan20@example.com,+905872343098,2025-08-10,2026-01-31,Kayseri,Kocasinan,Türkiye,357.34,65
2726,346,Kıvılcım Şensoy,kivilcim.sensoy346@example.com,+905518449892,2023-11-02,2025-11-22,Ankara,Yenimahalle,Türkiye,317.92,59
2727,5,Arş. Gör. Sıylıhan Akbaş Durmuş,ars.gor.siylihan.akbas.durmus5@example.com,+905341316475,2025-01-13,2025-04-23,Ankara,Yenimahalle,Türkiye,229.63,41
2728,406,Hazrat Melihcan Demir Arslan,hazrat.melihcan.demir.arslan406@example.com,+905195761228,2023-09-12,2026-01-10,Adana,Çukurova,Türkiye,256.65,50
2729,434,Kâzime İslime Yorulmaz,kzime.islime.yorulmaz434@example.com,+905726490827,2022-04-29,2025-05-11,Kayseri,Kocasinan,Türkiye,258.67,46
2730,116,Kaygusuz Akver Akdeniz Güçlü,kaygusuz.akver.akdeniz.guclu116@example.com,+905486528168,2023-12-02,2025-05-16,Antalya,Muratpaşa,Türkiye,125.56,19
2731,87,Emal Ülker Şensoy,emal.ulker.sensoy87@example.com,+905675869261,2023-03-16,2026-02-25,Erzurum,Yakutiye,Türkiye,359.78,57
2732,232,Binışık Bilgütay Sezgin,binisik.bilgutay.sezgin232@example.com,+905389836403,2023-03-05,2026-02-11,İstanbul,Üsküdar,Türkiye,201.49,42
2733,427,Erinçer Akar,erincer.akar427@example.com,+905518812520,2021-08-28,2025-09-30,Van,İpekyolu,Türkiye,381.02,38
2734,47,Bayan Dilfeza İhsanoğlu Arsoy,bayan.dilfeza.ihsanoglu.arsoy47@example.com,+905100330923,2025-03-29,2025-11-07,Samsun,İlkadım,Türkiye,322.11,48
2735,201,Şöhret Sezgin,sohret.sezgin201@example.com,+905712406596,2024-02-07,2025-07-29,Manisa,Şehzadeler,Türkiye,221.37,46
2736,420,Av. Nevsale Birsan Şafak Akdeniz,av.nevsale.birsan.safak.akdeniz420@example.com,+905920698042,2025-08-11,2026-03-01,Mersin,Toroslar,Türkiye,193.71,36
2737,362,Havse İncifir Hayrioğlu Yıldırım,havse.incifir.hayrioglu.yildirim362@example.com,+905770384309,2023-02-01,2025-06-23,Ankara,Çankaya,Türkiye,294.89,51
2738,265,Öğr. Ayşenur Gülenay Fırat Arsoy,ogr.aysenur.gulenay.firat.arsoy265@example.com,+905410067626,2023-03-09,2025-06-03,İzmir,Bornova,Türkiye,434.96,74
2739,392,Asiman Akçay,asiman.akcay392@example.com,+905051204618,2023-04-25,2025-06-10,Samsun,Atakum,Türkiye,131.69,29
2740,229,Erginel Nezihi Demir,erginel.nezihi.demir229@example.com,+905542622189,2025-11-25,2026-04-05,Bursa,Osmangazi,Türkiye,368.56,57
2741,30,Erdibay Korutürk,erdibay.koruturk30@example.com,+905342160733,2023-05-15,2025-03-04,Eskişehir,Tepebaşı,Türkiye,201.0,40
2742,160,Hasret Kumral Şama,hasret.kumral.sama160@example.com,+905842199330,2022-03-12,2025-04-11,Erzurum,Yakutiye,Türkiye,458.85,75
2743,262,Muvaffak Avşin Hayrioğlu,muvaffak.avsin.hayrioglu262@example.com,+905528953926,2024-03-24,2026-02-21,Denizli,Pamukkale,Türkiye,385.97,64
2744,263,Muvahhide Demir,muvahhide.demir263@example.com,+905096902959,2024-09-16,2025-07-08,Antalya,Muratpaşa,Türkiye,331.65,58
2745,30,Erdibay Korutürk,erdibay.koruturk30@example.com,+905342160733,2023-05-15,2025-10-06,Eskişehir,Tepebaşı,Türkiye,188.93,40
2746,192,Permun Akça Demirel,permun.akca.demirel192@example.com,+905918033974,2025-09-08,2026-02-02,Denizli,Pamukkale,Türkiye,151.98,22
2747,469,Çev. Ünsever Özdil Güçlü,cev.unsever.ozdil.guclu469@example.com,+905666683272,2024-11-22,2025-03-24,Trabzon,Ortahisar,Türkiye,323.46,53
2748,481,Hatin Nüdret Çorlu Arsoy,hatin.nudret.corlu.arsoy481@example.com,+905674286047,2023-10-22,2026-03-04,Gaziantep,Şehitkamil,Türkiye,331.26,61
2749,320,Hanbiken Şemsinisa Sezgin,hanbiken.semsinisa.sezgin320@example.com,+905158799684,2023-07-31,2025-04-08,Adana,Çukurova,Türkiye,363.71,69
2750,415,Benek Permun Bilge Korutürk,benek.permun.bilge.koruturk415@example.com,+905864168622,2023-04-03,2025-09-09,Van,İpekyolu,Türkiye,262.16,53
2751,238,Teber Bilir,teber.bilir238@example.com,+905252410564,2023-01-05,2025-08-01,Malatya,Yeşilyurt,Türkiye,103.65,22
2752,172,Bayan Oluş Şama Ülker,bayan.olus.sama.ulker172@example.com,+905640391065,2022-01-08,2025-08-30,Kayseri,Melikgazi,Türkiye,148.67,22
2753,369,Okanay Yavuz Çamurcuoğlu Dumanlı,okanay.yavuz.camurcuoglu.dumanli369@example.com,+905373334333,2024-07-19,2025-07-05,Mersin,Yenişehir,Türkiye,421.61,71
2754,222,Cemiyle Gülgüzel Arslan,cemiyle.gulguzel.arslan222@example.com,+905325367294,2022-06-06,2026-06-07,Antalya,Muratpaşa,Türkiye,278.83,44
2755,489,Dr. Mahter Havse Hançer,dr.mahter.havse.hancer489@example.com,+905072006425,2023-10-03,2026-05-17,Mersin,Toroslar,Türkiye,279.18,54
2756,184,Çağlasın Akdurmuş Akça,caglasin.akdurmus.akca184@example.com,+905587717535,2024-03-12,2025-09-11,Kayseri,Kocasinan,Türkiye,224.59,44
2757,500,Hüsmen Çetin,husmen.cetin500@example.com,+905946723248,2023-06-04,2025-10-13,İzmir,Karşıyaka,Türkiye,207.09,44
2758,176,Atatöre Şensoy,atatore.sensoy176@example.com,+905690331190,2023-06-12,2025-01-11,Bursa,Nilüfer,Türkiye,340.51,56
2759,324,Sezal Kader Gül,sezal.kader.gul324@example.com,+905598933472,2022-02-13,2026-03-18,Diyarbakır,Kayapınar,Türkiye,91.07,22
2760,108,İldeş Çalım Manço Şafak,ildes.calim.manco.safak108@example.com,+905521818835,2023-12-24,2025-07-15,Eskişehir,Odunpazarı,Türkiye,396.86,64
2761,500,Hüsmen Çetin,husmen.cetin500@example.com,+905946723248,2023-06-04,2025-09-17,İzmir,Karşıyaka,Türkiye,240.81,44
2762,416,Merzuk Adlan Ertaş,merzuk.adlan.ertas416@example.com,+905898331465,2022-02-09,2025-03-09,Trabzon,Ortahisar,Türkiye,296.24,54
2763,173,Firdevis Karadeniz Ertaş,firdevis.karadeniz.ertas173@example.com,+905704622656,2023-06-08,2026-01-07,Ankara,Çankaya,Türkiye,443.84,73
2764,491,Dr. Dilcan Ticen Tevetoğlu Duran,dr.dilcan.ticen.tevetoglu.duran491@example.com,+905460158517,2021-09-07,2025-10-03,Samsun,Atakum,Türkiye,367.18,67
2765,124,Gözem Zengin,gozem.zengin124@example.com,+905432898614,2024-08-13,2026-03-15,İzmir,Konak,Türkiye,205.57,37
2766,325,Aybora Çamurcuoğlu,aybora.camurcuoglu325@example.com,+905606484229,2024-07-08,2026-05-16,Adana,Seyhan,Türkiye,64.68,18
2767,196,Yıldız Samahat Ülker Arsoy,yildiz.samahat.ulker.arsoy196@example.com,+905943114262,2021-10-20,2025-12-19,Trabzon,Ortahisar,Türkiye,201.48,42
2768,105,Arş. Gör. Salimet Övün Yılmaz Demir,ars.gor.salimet.ovun.yilmaz.demir105@example.com,+905683885160,2023-07-03,2026-02-17,Adana,Seyhan,Türkiye,146.76,19
2769,264,Vacibe Alemdar Yılmaz,vacibe.alemdar.yilmaz264@example.com,+905513552157,2025-11-19,2026-01-03,Şanlıurfa,Eyyübiye,Türkiye,169.89,34
2770,485,Çerçi Demirel,cerci.demirel485@example.com,+905391119269,2024-11-29,2026-01-16,Ankara,Yenimahalle,Türkiye,391.53,75
2771,23,Öğr. Kasim Aslan,ogr.kasim.aslan23@example.com,+905353462475,2021-09-25,2025-09-10,Eskişehir,Tepebaşı,Türkiye,81.24,22
2772,253,Aydinç Bilgin,aydinc.bilgin253@example.com,+905296670662,2023-12-19,2025-09-21,Diyarbakır,Kayapınar,Türkiye,195.26,31
2773,323,Gökçil Özertem Dumanlı,gokcil.ozertem.dumanli323@example.com,+905666580043,2022-06-21,2025-07-17,Kayseri,Melikgazi,Türkiye,614.63,73
2774,159,Çev. Meşhur Asalet Demirel,cev.meshur.asalet.demirel159@example.com,+905524041574,2021-10-04,2025-03-26,Trabzon,Ortahisar,Türkiye,221.22,48
2775,238,Teber Bilir,teber.bilir238@example.com,+905252410564,2023-01-05,2025-10-13,Malatya,Yeşilyurt,Türkiye,105.7,22
2776,37,Uraltay Gül,uraltay.gul37@example.com,+905489513433,2025-02-14,2026-03-25,Adana,Seyhan,Türkiye,93.83,19
2777,313,Sevgen Akdeniz,sevgen.akdeniz313@example.com,+905883755037,2024-02-02,2025-12-03,Manisa,Şehzadeler,Türkiye,466.64,53
2778,247,Arpağ Yorulmaz,arpag.yorulmaz247@example.com,+905445655743,2025-07-13,2026-01-16,Antalya,Muratpaşa,Türkiye,140.8,30
2779,82,Dr. Sökmen Erdoğan,dr.sokmen.erdogan82@example.com,+905210470952,2025-06-11,2026-06-10,Konya,Meram,Türkiye,210.41,36
2780,193,Arıkol Zengin,arikol.zengin193@example.com,+905250392614,2025-01-14,2025-08-06,Mersin,Yenişehir,Türkiye,272.72,54
2781,140,Dr. Gülşeref Umuşan Güçlü Çetin,dr.gulseref.umusan.guclu.cetin140@example.com,+905778528922,2023-07-10,2025-02-27,Eskişehir,Odunpazarı,Türkiye,327.14,50
2782,308,Ekmel Ertaş,ekmel.ertas308@example.com,+905902771670,2025-08-05,2026-02-25,Trabzon,Ortahisar,Türkiye,215.0,34
2783,148,Taçnur Gülen Yüksel,tacnur.gulen.yuksel148@example.com,+905339500479,2022-04-13,2026-02-03,Trabzon,Ortahisar,Türkiye,367.79,61
2784,256,Öğr. Rafih Şensoy,ogr.rafih.sensoy256@example.com,+905598564205,2022-08-08,2025-06-06,Şanlıurfa,Eyyübiye,Türkiye,173.16,32
2785,208,Hürdoğan Sezgin,hurdogan.sezgin208@example.com,+905507146112,2023-12-30,2025-02-01,Malatya,Yeşilyurt,Türkiye,153.61,37
2786,394,Necva Yılmaz,necva.yilmaz394@example.com,+905645208814,2023-04-02,2025-02-12,Konya,Meram,Türkiye,310.76,58
2787,492,Temirhan Zorlu,temirhan.zorlu492@example.com,+905806346157,2025-06-22,2025-07-23,Konya,Selçuklu,Türkiye,436.67,74
2788,397,Aydinç Korutürk,aydinc.koruturk397@example.com,+905528127358,2022-05-02,2025-02-15,Ankara,Çankaya,Türkiye,365.5,66
2789,41,Tomurcuk İnönü,tomurcuk.inonu41@example.com,+905347143455,2022-12-02,2025-07-13,Mersin,Toroslar,Türkiye,82.79,23
2790,100,Tülin Soylu,tulin.soylu100@example.com,+905244550229,2022-04-06,2025-09-11,Mersin,Yenişehir,Türkiye,183.49,43
2791,128,Yamin Merzuk Yılmaz,yamin.merzuk.yilmaz128@example.com,+905205852772,2025-03-11,2026-03-01,Bursa,Osmangazi,Türkiye,294.29,22
2792,235,Serfinaz Çamurcuoğlu Dumanlı,serfinaz.camurcuoglu.dumanli235@example.com,+905661889241,2024-03-18,2026-06-29,Malatya,Yeşilyurt,Türkiye,157.31,23
2793,356,Songurkan Bilir,songurkan.bilir356@example.com,+905624731498,2023-08-29,2025-01-18,Van,İpekyolu,Türkiye,175.87,34
2794,385,Safinaz Ayçan Arslan Tevetoğlu,safinaz.aycan.arslan.tevetoglu385@example.com,+905997968845,2023-04-01,2025-05-15,Erzurum,Yakutiye,Türkiye,301.82,52
2795,331,Dilşat Ertaş,dilsat.ertas331@example.com,+905361386120,2023-05-17,2025-05-08,İzmir,Konak,Türkiye,303.13,63
2796,201,Şöhret Sezgin,sohret.sezgin201@example.com,+905712406596,2024-02-07,2025-02-13,Manisa,Şehzadeler,Türkiye,221.73,46
2797,83,Öğr. Baydu Serda Yüksel,ogr.baydu.serda.yuksel83@example.com,+905328588424,2023-04-01,2026-06-11,Denizli,Pamukkale,Türkiye,338.59,69
2798,493,Doç. Beyler Feyruz Şafak,doc.beyler.feyruz.safak493@example.com,+905030937618,2022-05-05,2025-04-11,Konya,Selçuklu,Türkiye,243.13,37
2799,191,Seyithan Akatay İhsanoğlu Hançer,seyithan.akatay.ihsanoglu.hancer191@example.com,+905016668700,2022-01-03,2025-10-15,İzmir,Karşıyaka,Türkiye,150.83,28
2800,150,Çapkan Bilge,capkan.bilge150@example.com,+905168784991,2025-03-24,2025-07-26,Samsun,Atakum,Türkiye,148.33,24
2801,20,Tınal Aslan,tinal.aslan20@example.com,+905872343098,2025-08-10,2026-03-24,Kayseri,Kocasinan,Türkiye,358.32,65
2802,42,Arş. Gör. Baba Bilge,ars.gor.baba.bilge42@example.com,+905231665876,2025-08-07,2026-02-24,Gaziantep,Şehitkamil,Türkiye,359.22,31
2803,441,Gündüzalp Tevetoğlu,gunduzalp.tevetoglu441@example.com,+905994510162,2025-01-16,2025-09-16,Antalya,Muratpaşa,Türkiye,304.31,61
2804,48,Hayrünnisa Ağbegim Yüksel,hayrunnisa.agbegim.yuksel48@example.com,+905745299124,2025-05-05,2025-05-18,Van,İpekyolu,Türkiye,276.12,55
2805,319,Tali Âdem Soylu,tali.dem.soylu319@example.com,+905858333945,2022-03-06,2025-07-08,Denizli,Pamukkale,Türkiye,212.42,26
2806,180,Nurmelek Aslan,nurmelek.aslan180@example.com,+905334270866,2022-10-28,2025-02-25,Adana,Çukurova,Türkiye,254.47,51
2807,434,Kâzime İslime Yorulmaz,kzime.islime.yorulmaz434@example.com,+905726490827,2022-04-29,2026-06-07,Kayseri,Kocasinan,Türkiye,193.61,46
2808,466,Doç. Metinkaya Türk,doc.metinkaya.turk466@example.com,+905227846997,2024-11-07,2026-05-12,Van,İpekyolu,Türkiye,162.92,31
2809,78,Sezal Zahid Duran,sezal.zahid.duran78@example.com,+905922219693,2023-02-27,2026-04-03,Malatya,Yeşilyurt,Türkiye,279.48,55
2810,475,Yasan Şehamet Fırat Akdeniz,yasan.sehamet.firat.akdeniz475@example.com,+905778795654,2024-04-29,2025-07-14,Eskişehir,Odunpazarı,Türkiye,127.29,28
2811,365,Prof. Nevsale Uğur Zengin Sakarya,prof.nevsale.ugur.zengin.sakarya365@example.com,+905904268181,2023-02-16,2025-03-20,Diyarbakır,Kayapınar,Türkiye,215.53,36
2812,51,Başok Ülker,basok.ulker51@example.com,+905628498776,2021-11-06,2025-06-13,Diyarbakır,Kayapınar,Türkiye,261.9,55
2813,243,Servinaz Belkize Tarhan,servinaz.belkize.tarhan243@example.com,+905494937597,2021-08-13,2026-01-21,Samsun,İlkadım,Türkiye,311.56,67
2814,63,Aykutalp Sakarya,aykutalp.sakarya63@example.com,+905618324210,2025-01-07,2025-02-09,Van,İpekyolu,Türkiye,340.35,68
2815,279,Okt. Türknur Kerime Alemdar,okt.turknur.kerime.alemdar279@example.com,+905505444713,2025-03-12,2025-06-09,Şanlıurfa,Eyyübiye,Türkiye,250.93,37
2816,441,Gündüzalp Tevetoğlu,gunduzalp.tevetoglu441@example.com,+905994510162,2025-01-16,2025-07-04,Antalya,Muratpaşa,Türkiye,321.6,61
2817,149,Turabi Sezer,turabi.sezer149@example.com,+905162456506,2025-08-30,2025-11-09,Erzurum,Yakutiye,Türkiye,320.94,54
2818,347,İvecen Oganer Mansız Seven,ivecen.oganer.mansiz.seven347@example.com,+905846386557,2023-03-31,2025-01-25,Van,İpekyolu,Türkiye,438.45,74
2819,70,Aliihsan Tunahan Duran Karadeniz,aliihsan.tunahan.duran.karadeniz70@example.com,+905131712748,2021-12-29,2026-02-12,İstanbul,Şişli,Türkiye,228.55,35
2820,198,Akyıldız Akdeniz,akyildiz.akdeniz198@example.com,+905101581995,2023-10-16,2026-03-24,Malatya,Yeşilyurt,Türkiye,64.71,18
2821,242,Çev. Atiyye Bilgin Arslan,cev.atiyye.bilgin.arslan242@example.com,+905380617445,2025-06-19,2025-08-29,Ankara,Çankaya,Türkiye,309.31,53
2822,121,Necva Şensoy,necva.sensoy121@example.com,+905818141247,2023-01-26,2026-05-06,Şanlıurfa,Eyyübiye,Türkiye,324.87,27
2823,336,Muvaffak Kanak Tarhan Korutürk,muvaffak.kanak.tarhan.koruturk336@example.com,+905881435368,2025-02-24,2025-12-21,Manisa,Şehzadeler,Türkiye,143.45,28
2824,328,Yurtseven Tule Çamurcuoğlu Aslan,yurtseven.tule.camurcuoglu.aslan328@example.com,+905554398780,2025-04-22,2025-11-10,Konya,Meram,Türkiye,336.79,60
2825,346,Kıvılcım Şensoy,kivilcim.sensoy346@example.com,+905518449892,2023-11-02,2026-01-23,Ankara,Yenimahalle,Türkiye,341.6,59
2826,243,Servinaz Belkize Tarhan,servinaz.belkize.tarhan243@example.com,+905494937597,2021-08-13,2025-10-30,Samsun,İlkadım,Türkiye,367.95,67
2827,277,Kayrabay Akar,kayrabay.akar277@example.com,+905191485646,2022-04-11,2026-05-24,Van,İpekyolu,Türkiye,300.22,49
2828,307,Hazine Soylu Çamurcuoğlu,hazine.soylu.camurcuoglu307@example.com,+905120216979,2022-02-22,2026-05-27,Denizli,Pamukkale,Türkiye,217.8,46
2829,434,Kâzime İslime Yorulmaz,kzime.islime.yorulmaz434@example.com,+905726490827,2022-04-29,2025-08-21,Kayseri,Kocasinan,Türkiye,240.69,46
2830,434,Kâzime İslime Yorulmaz,kzime.islime.yorulmaz434@example.com,+905726490827,2022-04-29,2026-05-25,Kayseri,Kocasinan,Türkiye,255.14,46
2831,376,Melihcan Dumanlı,melihcan.dumanli376@example.com,+905288574489,2025-09-06,2026-01-13,Denizli,Pamukkale,Türkiye,241.04,43
2832,131,Minibe Ülker,minibe.ulker131@example.com,+905584161692,2022-11-21,2026-04-30,Şanlıurfa,Eyyübiye,Türkiye,231.12,36
2833,170,Arş. Gör. Zöhrehan Şefiye Akçay,ars.gor.zohrehan.sefiye.akcay170@example.com,+905088398225,2023-01-12,2025-04-05,Van,İpekyolu,Türkiye,240.77,46
2834,189,Nili Aksu,nili.aksu189@example.com,+905840862118,2025-02-11,2026-06-24,Malatya,Yeşilyurt,Türkiye,174.59,33
2835,331,Dilşat Ertaş,dilsat.ertas331@example.com,+905361386120,2023-05-17,2026-05-08,İzmir,Konak,Türkiye,335.66,63
2836,180,Nurmelek Aslan,nurmelek.aslan180@example.com,+905334270866,2022-10-28,2026-02-22,Adana,Çukurova,Türkiye,257.74,51
2837,336,Muvaffak Kanak Tarhan Korutürk,muvaffak.kanak.tarhan.koruturk336@example.com,+905881435368,2025-02-24,2026-05-23,Manisa,Şehzadeler,Türkiye,103.81,28
2838,296,Bezek Akdeniz Şama,bezek.akdeniz.sama296@example.com,+905830033542,2025-05-16,2025-06-02,İstanbul,Üsküdar,Türkiye,293.88,42
2839,439,Seyhan Zengin Durmuş,seyhan.zengin.durmus439@example.com,+905780973397,2023-05-28,2025-05-05,Diyarbakır,Kayapınar,Türkiye,240.8,44
2840,379,Salimet Hayrioğlu,salimet.hayrioglu379@example.com,+905716947225,2023-08-02,2026-04-03,Eskişehir,Tepebaşı,Türkiye,348.15,58
2841,149,Turabi Sezer,turabi.sezer149@example.com,+905162456506,2025-08-30,2025-10-11,Erzurum,Yakutiye,Türkiye,342.8,54
2842,286,Hasgül Akdeniz Öcalan,hasgul.akdeniz.ocalan286@example.com,+905657437489,2023-09-21,2025-01-11,Mersin,Toroslar,Türkiye,275.68,55
2843,2,Uz. Zamir Açıkel Tarhan,uz.zamir.acikel.tarhan2@example.com,+905838637940,2021-09-10,2025-12-05,Gaziantep,Şahinbey,Türkiye,388.53,69
2844,423,Nalân Güverçin Şama,naln.guvercin.sama423@example.com,+905038457620,2024-01-02,2025-02-05,Erzurum,Yakutiye,Türkiye,377.94,61
2845,392,Asiman Akçay,asiman.akcay392@example.com,+905051204618,2023-04-25,2026-01-16,Samsun,Atakum,Türkiye,153.15,29
2846,181,Çev. Bidayet Sirap Yıldırım,cev.bidayet.sirap.yildirim181@example.com,+905351751830,2024-06-11,2026-04-16,Gaziantep,Şehitkamil,Türkiye,278.27,42
2847,346,Kıvılcım Şensoy,kivilcim.sensoy346@example.com,+905518449892,2023-11-02,2026-03-09,Ankara,Yenimahalle,Türkiye,362.07,59
2848,250,Rahiye Kumral Zorlu,rahiye.kumral.zorlu250@example.com,+905804420678,2021-10-02,2025-05-29,Samsun,Atakum,Türkiye,247.19,53
2849,42,Arş. Gör. Baba Bilge,ars.gor.baba.bilge42@example.com,+905231665876,2025-08-07,2026-05-26,Gaziantep,Şehitkamil,Türkiye,354.35,31
2850,273,Mürit Baturay Şensoy Karadeniz,murit.baturay.sensoy.karadeniz273@example.com,+905806868793,2023-04-12,2026-05-04,Denizli,Pamukkale,Türkiye,200.66,37
2851,20,Tınal Aslan,tinal.aslan20@example.com,+905872343098,2025-08-10,2025-09-27,Kayseri,Kocasinan,Türkiye,307.34,65
2852,24,Dr. Günkurt Şanlı Öcalan,dr.gunkurt.sanli.ocalan24@example.com,+905183842513,2023-11-17,2025-04-20,Manisa,Şehzadeler,Türkiye,197.06,36
2853,112,Yrd. Doç. Fehmiye Havali Bilge,yrd.doc.fehmiye.havali.bilge112@example.com,+905986798079,2022-04-18,2025-09-17,İzmir,Karşıyaka,Türkiye,139.31,30
2854,407,Arş. Gör. Meveddet Türk Bilgin,ars.gor.meveddet.turk.bilgin407@example.com,+905558556659,2024-08-07,2025-05-17,Adana,Çukurova,Türkiye,336.34,54
2855,482,Bay Gümüştekin Ayvas Karadeniz,bay.gumustekin.ayvas.karadeniz482@example.com,+905185694544,2025-05-25,2025-10-17,Malatya,Yeşilyurt,Türkiye,241.09,34
2856,414,Arş. Gör. Sebattin İvecen Ülker,ars.gor.sebattin.ivecen.ulker414@example.com,+905998136462,2025-03-17,2025-12-14,Trabzon,Ortahisar,Türkiye,223.27,39
2857,466,Doç. Metinkaya Türk,doc.metinkaya.turk466@example.com,+905227846997,2024-11-07,2025-11-30,Van,İpekyolu,Türkiye,200.16,31
2858,131,Minibe Ülker,minibe.ulker131@example.com,+905584161692,2022-11-21,2025-08-28,Şanlıurfa,Eyyübiye,Türkiye,179.3,36
2859,209,Narhanim Aslan,narhanim.aslan209@example.com,+905571775140,2021-12-18,2025-07-09,Konya,Meram,Türkiye,126.84,25
2860,24,Dr. Günkurt Şanlı Öcalan,dr.gunkurt.sanli.ocalan24@example.com,+905183842513,2023-11-17,2025-06-01,Manisa,Şehzadeler,Türkiye,163.48,36
2861,48,Hayrünnisa Ağbegim Yüksel,hayrunnisa.agbegim.yuksel48@example.com,+905745299124,2025-05-05,2025-07-07,Van,İpekyolu,Türkiye,257.71,55
2862,248,Prof. Gökten Tevetoğlu,prof.gokten.tevetoglu248@example.com,+905212775618,2023-12-10,2025-10-15,Van,İpekyolu,Türkiye,346.56,67
2863,100,Tülin Soylu,tulin.soylu100@example.com,+905244550229,2022-04-06,2025-10-25,Mersin,Yenişehir,Türkiye,233.69,43
2864,183,Özaslan Şensoy,ozaslan.sensoy183@example.com,+905393638546,2023-05-03,2025-04-06,Bursa,Osmangazi,Türkiye,310.67,52
2865,50,Av. Behiza İnönü Duran,av.behiza.inonu.duran50@example.com,+905518506716,2023-12-02,2025-11-07,Erzurum,Yakutiye,Türkiye,508.27,58
2866,380,Nurdeniz Manço,nurdeniz.manco380@example.com,+905125355449,2022-05-02,2025-06-16,Trabzon,Ortahisar,Türkiye,226.1,43
2867,61,Yigit İhsanoğlu,yigit.ihsanoglu61@example.com,+905913341232,2022-11-08,2025-12-14,Manisa,Şehzadeler,Türkiye,100.86,22
2868,274,Oliver İhsanoğlu,oliver.ihsanoglu274@example.com,+905989921722,2024-10-05,2025-08-05,Ankara,Yenimahalle,Türkiye,401.29,69
2869,96,Bahaddin Zoral Durmuş Manço,bahaddin.zoral.durmus.manco96@example.com,+905654527111,2025-06-05,2025-09-25,Bursa,Osmangazi,Türkiye,233.44,45
2870,356,Songurkan Bilir,songurkan.bilir356@example.com,+905624731498,2023-08-29,2025-08-29,Van,İpekyolu,Türkiye,172.82,34
2871,1,Akar Ziyaettin Aslan Yüksel,akar.ziyaettin.aslan.yuksel1@example.com,+905433218196,2025-10-08,2026-04-11,Bursa,Nilüfer,Türkiye,64.87,19
2872,215,Öğr. Uğurtan Erbil Hançer,ogr.ugurtan.erbil.hancer215@example.com,+905627828274,2025-02-28,2025-05-02,Antalya,Kepez,Türkiye,130.1,29
2873,336,Muvaffak Kanak Tarhan Korutürk,muvaffak.kanak.tarhan.koruturk336@example.com,+905881435368,2025-02-24,2025-03-31,Manisa,Şehzadeler,Türkiye,149.06,28
2874,63,Aykutalp Sakarya,aykutalp.sakarya63@example.com,+905618324210,2025-01-07,2025-05-10,Van,İpekyolu,Türkiye,348.01,68
2875,52,Arş. Gör. Firdevis Eraslan Fırat,ars.gor.firdevis.eraslan.firat52@example.com,+905473799650,2023-03-06,2025-10-04,Gaziantep,Şahinbey,Türkiye,416.66,72
2876,405,Günebakan İnönü,gunebakan.inonu405@example.com,+905381138633,2022-12-31,2025-03-23,Kayseri,Melikgazi,Türkiye,330.67,60
2877,403,Esenbay Dumanlı,esenbay.dumanli403@example.com,+905899405391,2025-11-16,2026-02-11,Trabzon,Ortahisar,Türkiye,199.97,31
2878,443,Ürfettin Şabettin Şama Demirel,urfettin.sabettin.sama.demirel443@example.com,+905472145868,2024-10-09,2026-02-27,Erzurum,Yakutiye,Türkiye,292.12,62
2879,332,Berran İnönü,berran.inonu332@example.com,+905024819346,2023-10-10,2026-05-23,İzmir,Konak,Türkiye,275.91,46
2880,201,Şöhret Sezgin,sohret.sezgin201@example.com,+905712406596,2024-02-07,2025-09-19,Manisa,Şehzadeler,Türkiye,234.98,46
2881,37,Uraltay Gül,uraltay.gul37@example.com,+905489513433,2025-02-14,2025-09-09,Adana,Seyhan,Türkiye,113.89,19
2882,40,Uz. Servinaz Adila Gül,uz.servinaz.adila.gul40@example.com,+905798687277,2024-06-30,2026-01-12,Malatya,Yeşilyurt,Türkiye,342.96,66
2883,285,Veis Yüksel,veis.yuksel285@example.com,+905072290349,2024-03-27,2025-11-09,Denizli,Pamukkale,Türkiye,382.09,63
2884,499,Bayan Nürice Arsoy Eraslan,bayan.nurice.arsoy.eraslan499@example.com,+905902196207,2025-06-30,2025-09-15,Diyarbakır,Kayapınar,Türkiye,82.3,18
2885,215,Öğr. Uğurtan Erbil Hançer,ogr.ugurtan.erbil.hancer215@example.com,+905627828274,2025-02-28,2026-06-02,Antalya,Kepez,Türkiye,163.07,29
2886,321,Gürcüye Gülev Mansız Eraslan,gurcuye.gulev.mansiz.eraslan321@example.com,+905620034244,2025-02-16,2025-12-30,Bursa,Nilüfer,Türkiye,372.3,71
2887,227,Dr. Akyıldız Durdu Arslan,dr.akyildiz.durdu.arslan227@example.com,+905436110371,2025-03-16,2026-01-20,Ankara,Keçiören,Türkiye,326.56,55
2888,43,Türknur Şennur Akar,turknur.sennur.akar43@example.com,+905967054668,2021-10-04,2025-01-20,Trabzon,Ortahisar,Türkiye,393.54,65
2889,434,Kâzime İslime Yorulmaz,kzime.islime.yorulmaz434@example.com,+905726490827,2022-04-29,2026-02-26,Kayseri,Kocasinan,Türkiye,263.82,46
2890,75,Kaver İhsanoğlu Çetin,kaver.ihsanoglu.cetin75@example.com,+905621745961,2024-02-09,2025-01-08,İstanbul,Beşiktaş,Türkiye,398.73,72
2891,418,Yrd. Doç. Rana Rümeysa Arslan,yrd.doc.rana.rumeysa.arslan418@example.com,+905703352110,2024-08-02,2026-04-14,Diyarbakır,Kayapınar,Türkiye,348.19,57
2892,139,Seçgül Dumanlı,secgul.dumanli139@example.com,+905911467866,2022-09-22,2025-07-18,Erzurum,Yakutiye,Türkiye,107.24,22
2893,266,Dr. Selime İnönü Yorulmaz,dr.selime.inonu.yorulmaz266@example.com,+905179327104,2025-11-01,2026-05-14,Erzurum,Yakutiye,Türkiye,208.47,38
2894,461,Galip Akdeniz,galip.akdeniz461@example.com,+905701715772,2024-05-13,2025-08-21,Eskişehir,Tepebaşı,Türkiye,353.59,67
2895,397,Aydinç Korutürk,aydinc.koruturk397@example.com,+905528127358,2022-05-02,2026-01-10,Ankara,Çankaya,Türkiye,363.25,66
2896,88,Sevginur Misra İhsanoğlu,sevginur.misra.ihsanoglu88@example.com,+905537735158,2022-05-02,2026-03-31,Mersin,Yenişehir,Türkiye,177.37,40
2897,100,Tülin Soylu,tulin.soylu100@example.com,+905244550229,2022-04-06,2026-03-06,Mersin,Yenişehir,Türkiye,221.54,43
2898,304,Filit Idık Arsoy,filit.idik.arsoy304@example.com,+905114374470,2025-05-22,2025-12-08,İzmir,Karşıyaka,Türkiye,359.11,70
2899,378,Ruhugül Gül Sakarya,ruhugul.gul.sakarya378@example.com,+905061593998,2024-12-20,2025-08-12,Mersin,Toroslar,Türkiye,359.51,67
2900,430,Öğr. Özdeş İnönü Zengin,ogr.ozdes.inonu.zengin430@example.com,+905677223306,2021-08-30,2026-02-09,Samsun,İlkadım,Türkiye,193.36,18
2901,287,Bayan Muarra Sonnur Demirel,bayan.muarra.sonnur.demirel287@example.com,+905899441715,2024-05-25,2026-06-05,Malatya,Yeşilyurt,Türkiye,3405.84,58
2902,51,Başok Ülker,basok.ulker51@example.com,+905628498776,2021-11-06,2025-05-16,Diyarbakır,Kayapınar,Türkiye,299.42,55
2903,37,Uraltay Gül,uraltay.gul37@example.com,+905489513433,2025-02-14,2025-06-30,Adana,Seyhan,Türkiye,63.54,19
2904,2,Uz. Zamir Açıkel Tarhan,uz.zamir.acikel.tarhan2@example.com,+905838637940,2021-09-10,2025-08-19,Gaziantep,Şahinbey,Türkiye,344.12,69
2905,163,Fayize Demirel Bilir,fayize.demirel.bilir163@example.com,+905620672400,2024-04-10,2026-05-05,Ankara,Çankaya,Türkiye,328.6,54
2906,189,Nili Aksu,nili.aksu189@example.com,+905840862118,2025-02-11,2025-10-19,Malatya,Yeşilyurt,Türkiye,161.97,33
2907,356,Songurkan Bilir,songurkan.bilir356@example.com,+905624731498,2023-08-29,2025-07-10,Van,İpekyolu,Türkiye,183.81,34
2908,331,Dilşat Ertaş,dilsat.ertas331@example.com,+905361386120,2023-05-17,2025-03-13,İzmir,Konak,Türkiye,326.91,63
2909,88,Sevginur Misra İhsanoğlu,sevginur.misra.ihsanoglu88@example.com,+905537735158,2022-05-02,2026-02-10,Mersin,Yenişehir,Türkiye,203.49,40
2910,470,Kamar Tarhan,kamar.tarhan470@example.com,+905242201027,2022-04-05,2026-05-25,Samsun,Atakum,Türkiye,302.79,45
2911,96,Bahaddin Zoral Durmuş Manço,bahaddin.zoral.durmus.manco96@example.com,+905654527111,2025-06-05,2025-06-12,Bursa,Osmangazi,Türkiye,242.32,45
2912,278,Arifcan Aslan,arifcan.aslan278@example.com,+905246299606,2024-02-03,2025-11-03,Şanlıurfa,Eyyübiye,Türkiye,329.0,62
2913,162,Binbaşar Bilgin,binbasar.bilgin162@example.com,+905345401938,2021-10-22,2025-04-15,Şanlıurfa,Eyyübiye,Türkiye,554.73,64
2914,75,Kaver İhsanoğlu Çetin,kaver.ihsanoglu.cetin75@example.com,+905621745961,2024-02-09,2025-09-21,İstanbul,Beşiktaş,Türkiye,424.6,72
2915,120,Belgizar Öcalan,belgizar.ocalan120@example.com,+905746886239,2025-03-04,2026-05-21,Samsun,Atakum,Türkiye,415.03,73
2916,93,Öğr. İvecen Duran,ogr.ivecen.duran93@example.com,+905700766177,2025-07-15,2025-11-20,Malatya,Yeşilyurt,Türkiye,383.26,75
2917,272,Ebuakil Karadeniz,ebuakil.karadeniz272@example.com,+905743490211,2022-03-15,2026-03-10,Mersin,Toroslar,Türkiye,394.81,40
2918,30,Erdibay Korutürk,erdibay.koruturk30@example.com,+905342160733,2023-05-15,2026-04-22,Eskişehir,Tepebaşı,Türkiye,169.74,40
2919,159,Çev. Meşhur Asalet Demirel,cev.meshur.asalet.demirel159@example.com,+905524041574,2021-10-04,2026-01-06,Trabzon,Ortahisar,Türkiye,269.49,48
2920,240,Uz. Savni Arıel Aksu,uz.savni.ariel.aksu240@example.com,+905380003075,2023-10-20,2025-08-08,Van,İpekyolu,Türkiye,123.22,27
2921,489,Dr. Mahter Havse Hançer,dr.mahter.havse.hancer489@example.com,+905072006425,2023-10-03,2025-02-25,Mersin,Toroslar,Türkiye,267.95,54
2922,405,Günebakan İnönü,gunebakan.inonu405@example.com,+905381138633,2022-12-31,2025-10-24,Kayseri,Melikgazi,Türkiye,318.17,60
2923,124,Gözem Zengin,gozem.zengin124@example.com,+905432898614,2024-08-13,2025-11-02,İzmir,Konak,Türkiye,200.93,37
2924,233,Binay Huban Demir,binay.huban.demir233@example.com,+905805526965,2022-11-20,2026-02-28,Şanlıurfa,Eyyübiye,Türkiye,318.72,61
2925,371,Apaydın Yaman,apaydin.yaman371@example.com,+905728463920,2023-01-01,2026-06-27,Van,İpekyolu,Türkiye,391.15,69
2926,38,Us Sadittin İnönü Aslan,us.sadittin.inonu.aslan38@example.com,+905769367632,2022-04-09,2025-04-25,Şanlıurfa,Eyyübiye,Türkiye,321.02,62
2927,29,Öğr. Sevican Manço Eraslan,ogr.sevican.manco.eraslan29@example.com,+905586923226,2025-10-23,2026-02-24,Gaziantep,Şahinbey,Türkiye,360.85,29
2928,8,Çerçi Sezgin,cerci.sezgin8@example.com,+905423884969,2023-09-17,2025-10-31,Diyarbakır,Kayapınar,Türkiye,219.45,41
2929,336,Muvaffak Kanak Tarhan Korutürk,muvaffak.kanak.tarhan.koruturk336@example.com,+905881435368,2025-02-24,2025-09-13,Manisa,Şehzadeler,Türkiye,150.4,28
2930,407,Arş. Gör. Meveddet Türk Bilgin,ars.gor.meveddet.turk.bilgin407@example.com,+905558556659,2024-08-07,2026-03-03,Adana,Çukurova,Türkiye,363.67,54
2931,1,Akar Ziyaettin Aslan Yüksel,akar.ziyaettin.aslan.yuksel1@example.com,+905433218196,2025-10-08,2025-10-27,Bursa,Nilüfer,Türkiye,84.43,19
2932,291,Cemiyle Bilge,cemiyle.bilge291@example.com,+905513534655,2024-06-27,2026-01-04,Erzurum,Yakutiye,Türkiye,282.59,55
2933,211,Atilhan Yüksel,atilhan.yuksel211@example.com,+905660937966,2025-12-03,2026-05-02,Adana,Seyhan,Türkiye,319.26,63
2934,412,Abdülahat Oldağ Korutürk Şafak,abdulahat.oldag.koruturk.safak412@example.com,+905055661390,2022-05-24,2025-09-03,Trabzon,Ortahisar,Türkiye,358.98,67
2935,78,Sezal Zahid Duran,sezal.zahid.duran78@example.com,+905922219693,2023-02-27,2025-03-14,Malatya,Yeşilyurt,Türkiye,311.44,55
2936,451,Şefiye Bilge,sefiye.bilge451@example.com,+905291450461,2023-03-01,2026-03-18,Adana,Çukurova,Türkiye,407.82,74
2937,2,Uz. Zamir Açıkel Tarhan,uz.zamir.acikel.tarhan2@example.com,+905838637940,2021-09-10,2026-04-15,Gaziantep,Şahinbey,Türkiye,392.59,69
2938,69,Av. Arıkol Mirbadin Sezgin,av.arikol.mirbadin.sezgin69@example.com,+905824771093,2021-12-20,2025-05-14,Konya,Meram,Türkiye,112.95,28
2939,297,Miyesser Şener Demirel,miyesser.sener.demirel297@example.com,+905104478985,2023-07-08,2026-04-01,Kayseri,Melikgazi,Türkiye,441.13,74
2940,252,Doç. Musaffa Şehreban Eraslan,doc.musaffa.sehreban.eraslan252@example.com,+905941013721,2024-02-02,2026-04-18,İzmir,Karşıyaka,Türkiye,120.07,25
2941,185,Öğr. Şahat Adıgün Mansız,ogr.sahat.adigun.mansiz185@example.com,+905048996423,2024-02-06,2025-12-20,Gaziantep,Şahinbey,Türkiye,217.93,32
2942,448,Şahnuray Yorulmaz,sahnuray.yorulmaz448@example.com,+905699023557,2023-04-16,2026-04-29,Eskişehir,Tepebaşı,Türkiye,352.62,69
2943,287,Bayan Muarra Sonnur Demirel,bayan.muarra.sonnur.demirel287@example.com,+905899441715,2024-05-25,2025-02-22,Malatya,Yeşilyurt,Türkiye,295.33,58
2944,215,Öğr. Uğurtan Erbil Hançer,ogr.ugurtan.erbil.hancer215@example.com,+905627828274,2025-02-28,2025-04-09,Antalya,Kepez,Türkiye,157.37,29
2945,478,İntihap Şafak,intihap.safak478@example.com,+905927524372,2022-12-28,2026-02-14,Manisa,Şehzadeler,Türkiye,393.49,73
2946,455,Gönen Durmuş,gonen.durmus455@example.com,+905094353344,2022-12-18,2026-01-24,Malatya,Yeşilyurt,Türkiye,382.41,38
2947,198,Akyıldız Akdeniz,akyildiz.akdeniz198@example.com,+905101581995,2023-10-16,2025-05-09,Malatya,Yeşilyurt,Türkiye,95.79,18
2948,327,Bekbay Çetin,bekbay.cetin327@example.com,+905281826886,2025-06-07,2026-05-29,Eskişehir,Odunpazarı,Türkiye,192.11,40
2949,59,Gürsal Arkut Zorlu,gursal.arkut.zorlu59@example.com,+905167190229,2024-03-30,2025-09-14,Şanlıurfa,Eyyübiye,Türkiye,193.18,23
2950,71,Aygutalp İhsanoğlu,aygutalp.ihsanoglu71@example.com,+905378263982,2025-07-23,2025-09-24,Şanlıurfa,Eyyübiye,Türkiye,389.72,35
2951,154,Selmin Mansız,selmin.mansiz154@example.com,+905097499309,2023-04-04,2025-12-29,Denizli,Pamukkale,Türkiye,180.99,28
2952,211,Atilhan Yüksel,atilhan.yuksel211@example.com,+905660937966,2025-12-03,2025-12-12,Adana,Seyhan,Türkiye,323.18,63
2953,153,Mücellib Bektaşi Sezgin Ertaş,mucellib.bektasi.sezgin.ertas153@example.com,+905888794705,2024-02-03,2026-05-13,Van,İpekyolu,Türkiye,299.95,61
2954,406,Hazrat Melihcan Demir Arslan,hazrat.melihcan.demir.arslan406@example.com,+905195761228,2023-09-12,2025-01-10,Adana,Çukurova,Türkiye,264.12,50
2955,30,Erdibay Korutürk,erdibay.koruturk30@example.com,+905342160733,2023-05-15,2026-05-01,Eskişehir,Tepebaşı,Türkiye,222.46,40
2956,455,Gönen Durmuş,gonen.durmus455@example.com,+905094353344,2022-12-18,2025-09-20,Malatya,Yeşilyurt,Türkiye,405.48,38
2957,45,Arş. Gör. Özakan İhsanoğlu,ars.gor.ozakan.ihsanoglu45@example.com,+905699016272,2025-09-01,2026-01-13,Antalya,Muratpaşa,Türkiye,187.99,34
2958,342,Aktemür Göken Soylu,aktemur.goken.soylu342@example.com,+905930848872,2023-11-24,2026-01-20,İstanbul,Şişli,Türkiye,215.02,43
2959,301,Çetinsu Temizkal Demirel Bilge,cetinsu.temizkal.demirel.bilge301@example.com,+905618499261,2023-01-30,2025-08-26,İstanbul,Üsküdar,Türkiye,386.39,64
2960,192,Permun Akça Demirel,permun.akca.demirel192@example.com,+905918033974,2025-09-08,2025-09-28,Denizli,Pamukkale,Türkiye,147.96,22
2961,284,Sevdinar İhsanoğlu Hayrioğlu,sevdinar.ihsanoglu.hayrioglu284@example.com,+905406029333,2022-02-24,2025-08-14,Mersin,Yenişehir,Türkiye,161.47,31
2962,351,Zinnure Neval Yorulmaz Gülen,zinnure.neval.yorulmaz.gulen351@example.com,+905990413797,2023-04-01,2025-04-10,Adana,Çukurova,Türkiye,155.11,28
2963,77,Uz. Gülev Arslan Bilir,uz.gulev.arslan.bilir77@example.com,+905724005045,2023-11-06,2025-03-13,Bursa,Nilüfer,Türkiye,264.7,45
2964,453,Hiçsönmez Hançer,hicsonmez.hancer453@example.com,+905357845218,2022-02-26,2025-08-29,Şanlıurfa,Eyyübiye,Türkiye,152.01,26
2965,96,Bahaddin Zoral Durmuş Manço,bahaddin.zoral.durmus.manco96@example.com,+905654527111,2025-06-05,2026-01-10,Bursa,Osmangazi,Türkiye,225.26,45
2966,154,Selmin Mansız,selmin.mansiz154@example.com,+905097499309,2023-04-04,2026-05-06,Denizli,Pamukkale,Türkiye,189.55,28
2967,254,Çoğay Tarhan,cogay.tarhan254@example.com,+905720999347,2023-08-22,2025-12-17,Mersin,Toroslar,Türkiye,430.4,74
2968,76,Çev. Safinaz Çisem Ülker Demirel,cev.safinaz.cisem.ulker.demirel76@example.com,+905578091343,2021-10-05,2026-04-10,Erzurum,Yakutiye,Türkiye,168.34,23
2969,234,Yrd. Doç. Şahdiye Hafıza Öcalan,yrd.doc.sahdiye.hafiza.ocalan234@example.com,+905091043006,2023-02-09,2025-12-11,Şanlıurfa,Eyyübiye,Türkiye,190.48,36
2970,344,Kerman Ertaş,kerman.ertas344@example.com,+905827229927,2023-12-09,2026-06-21,Manisa,Şehzadeler,Türkiye,88.77,20
2971,409,Giz Akça,giz.akca409@example.com,+905433504888,2022-10-01,2025-04-29,Kayseri,Melikgazi,Türkiye,270.19,54
2972,354,Heva Yaman,heva.yaman354@example.com,+905881172980,2021-08-09,2025-07-25,Manisa,Şehzadeler,Türkiye,379.9,61
2973,440,Muktedir Ünübol Durdu,muktedir.unubol.durdu440@example.com,+905384983022,2025-08-22,2026-02-12,Manisa,Şehzadeler,Türkiye,295.8,59
2974,164,Kıvılcım Seven,kivilcim.seven164@example.com,+905788728743,2025-04-26,2025-05-16,Eskişehir,Tepebaşı,Türkiye,211.03,39
2975,79,Çakırca Gücal Yorulmaz,cakirca.gucal.yorulmaz79@example.com,+905740748217,2024-01-05,2025-11-20,Diyarbakır,Kayapınar,Türkiye,296.79,55
2976,325,Aybora Çamurcuoğlu,aybora.camurcuoglu325@example.com,+905606484229,2024-07-08,2025-09-09,Adana,Seyhan,Türkiye,136.83,18
2977,375,Dr. Dilşat Âlemşah Gül,dr.dilsat.lemsah.gul375@example.com,+905143866322,2023-04-19,2025-12-17,Antalya,Muratpaşa,Türkiye,395.08,69
2978,389,Dilşat Laze Durdu Bilgin,dilsat.laze.durdu.bilgin389@example.com,+905484631224,2025-04-30,2026-01-02,Gaziantep,Şehitkamil,Türkiye,356.71,58
2979,321,Gürcüye Gülev Mansız Eraslan,gurcuye.gulev.mansiz.eraslan321@example.com,+905620034244,2025-02-16,2026-05-25,Bursa,Nilüfer,Türkiye,378.32,71
2980,54,Piran Nurda Dumanlı,piran.nurda.dumanli54@example.com,+905837770143,2023-09-06,2026-05-20,Denizli,Pamukkale,Türkiye,327.63,62
2981,441,Gündüzalp Tevetoğlu,gunduzalp.tevetoglu441@example.com,+905994510162,2025-01-16,2025-03-11,Antalya,Muratpaşa,Türkiye,310.67,61
2982,100,Tülin Soylu,tulin.soylu100@example.com,+905244550229,2022-04-06,2025-08-03,Mersin,Yenişehir,Türkiye,202.83,43
2983,351,Zinnure Neval Yorulmaz Gülen,zinnure.neval.yorulmaz.gulen351@example.com,+905990413797,2023-04-01,2025-12-03,Adana,Çukurova,Türkiye,143.53,28
2984,224,Eskinalp Türk,eskinalp.turk224@example.com,+905751863637,2024-06-11,2025-04-26,İzmir,Karşıyaka,Türkiye,365.88,38
2985,171,Öğr. Durmuşali Esentürk Şafak,ogr.durmusali.esenturk.safak171@example.com,+905187072867,2022-10-15,2025-09-10,Konya,Meram,Türkiye,131.14,21
2986,288,Nüdret Ülker Çetin,nudret.ulker.cetin288@example.com,+905432830965,2022-02-17,2025-04-06,Mersin,Toroslar,Türkiye,310.42,26
2987,76,Çev. Safinaz Çisem Ülker Demirel,cev.safinaz.cisem.ulker.demirel76@example.com,+905578091343,2021-10-05,2025-03-30,Erzurum,Yakutiye,Türkiye,156.88,23
2988,387,Bişar Ülker,bisar.ulker387@example.com,+905807740649,2024-08-26,2026-04-01,Kayseri,Kocasinan,Türkiye,377.85,68
2989,439,Seyhan Zengin Durmuş,seyhan.zengin.durmus439@example.com,+905780973397,2023-05-28,2025-09-06,Diyarbakır,Kayapınar,Türkiye,289.51,44
2990,405,Günebakan İnönü,gunebakan.inonu405@example.com,+905381138633,2022-12-31,2025-11-06,Kayseri,Melikgazi,Türkiye,338.8,60
2991,167,Çoğay Durdu,cogay.durdu167@example.com,+905990453017,2024-03-24,2025-01-20,Eskişehir,Tepebaşı,Türkiye,169.83,28
2992,269,Dr. Asiman Şener Tevetoğlu,dr.asiman.sener.tevetoglu269@example.com,+905443106987,2025-02-01,2026-02-14,Erzurum,Yakutiye,Türkiye,195.77,21
2993,287,Bayan Muarra Sonnur Demirel,bayan.muarra.sonnur.demirel287@example.com,+905899441715,2024-05-25,2026-01-25,Malatya,Yeşilyurt,Türkiye,328.15,58
2994,273,Mürit Baturay Şensoy Karadeniz,murit.baturay.sensoy.karadeniz273@example.com,+905806868793,2023-04-12,2025-07-06,Denizli,Pamukkale,Türkiye,183.19,37
2995,64,Okt. Safinaz Revza Ertaş,okt.safinaz.revza.ertas64@example.com,+905717464887,2023-06-30,2025-05-11,Van,İpekyolu,Türkiye,161.46,23
2996,182,Hiçsönmez Eba Şensoy,hicsonmez.eba.sensoy182@example.com,+905139837354,2025-11-11,2025-11-23,Manisa,Şehzadeler,Türkiye,212.3,31
2997,444,Onursu Şensoy,onursu.sensoy444@example.com,+905981794695,2024-06-29,2025-11-23,Ankara,Çankaya,Türkiye,340.26,51
2998,193,Arıkol Zengin,arikol.zengin193@example.com,+905250392614,2025-01-14,2025-10-18,Mersin,Yenişehir,Türkiye,293.91,54
2999,208,Hürdoğan Sezgin,hurdogan.sezgin208@example.com,+905507146112,2023-12-30,2026-01-17,Malatya,Yeşilyurt,Türkiye,203.09,37
3000,273,Mürit Baturay Şensoy Karadeniz,murit.baturay.sensoy.karadeniz273@example.com,+905806868793,2023-04-12,2025-07-01,Denizli,Pamukkale,Türkiye,169.03,37
3001,475,Yasan Şehamet Fırat Akdeniz,yasan.sehamet.firat.akdeniz475@example.com,+905778795654,2024-04-29,2026-05-02,Eskişehir,Odunpazarı,Türkiye,126.56,28
3002,77,Uz. Gülev Arslan Bilir,uz.gulev.arslan.bilir77@example.com,+905724005045,2023-11-06,2025-01-30,Bursa,Nilüfer,Türkiye,239.8,45
3003,487,Adlan Eraslan,adlan.eraslan487@example.com,+905650442717,2024-10-28,2026-03-06,Ankara,Keçiören,Türkiye,348.51,57
3004,336,Muvaffak Kanak Tarhan Korutürk,muvaffak.kanak.tarhan.koruturk336@example.com,+905881435368,2025-02-24,2025-05-16,Manisa,Şehzadeler,Türkiye,146.73,28
3005,3,Suat Şafak,suat.safak3@example.com,+905423511615,2024-01-08,2025-07-23,Denizli,Pamukkale,Türkiye,299.34,56
3006,327,Bekbay Çetin,bekbay.cetin327@example.com,+905281826886,2025-06-07,2025-10-14,Eskişehir,Odunpazarı,Türkiye,192.35,40
3007,47,Bayan Dilfeza İhsanoğlu Arsoy,bayan.dilfeza.ihsanoglu.arsoy47@example.com,+905100330923,2025-03-29,2026-06-29,Samsun,İlkadım,Türkiye,270.73,48
3008,175,Koldan Zengin,koldan.zengin175@example.com,+905478686337,2024-01-04,2025-11-23,İstanbul,Kadıköy,Türkiye,117.38,27
3009,7,Öğr. Seniha İnsaf Aslan,ogr.seniha.insaf.aslan7@example.com,+905056413953,2022-04-10,2025-11-30,Ankara,Çankaya,Türkiye,316.57,49
3010,218,Çev. Meryeme Hüda Bilgin Demir,cev.meryeme.huda.bilgin.demir218@example.com,+905881914858,2021-09-15,2026-01-11,Diyarbakır,Kayapınar,Türkiye,281.48,20
3011,101,Ayçan Çorlu,aycan.corlu101@example.com,+905836675254,2021-11-26,2026-03-25,İstanbul,Kadıköy,Türkiye,396.69,38
3012,330,Prof. Mehdiye Korutürk Bilge,prof.mehdiye.koruturk.bilge330@example.com,+905704358112,2021-08-12,2025-07-13,Malatya,Yeşilyurt,Türkiye,308.99,52
3013,338,Deryanur Hasgül Güçlü Yıldırım,deryanur.hasgul.guclu.yildirim338@example.com,+905975523149,2025-07-23,2026-05-01,Bursa,Nilüfer,Türkiye,431.45,75
3014,449,Bağdat Şama,bagdat.sama449@example.com,+905278576084,2022-10-12,2025-07-19,Antalya,Kepez,Türkiye,346.12,64
3015,370,Atagün Hayrioğlu,atagun.hayrioglu370@example.com,+905117908075,2022-06-20,2025-11-11,Antalya,Muratpaşa,Türkiye,244.99,38
3016,426,Necva Fadıla Yüksel Sakarya,necva.fadila.yuksel.sakarya426@example.com,+905329832482,2023-07-16,2026-03-04,Erzurum,Yakutiye,Türkiye,359.91,67
3017,206,Nades Yıldırım Soylu,nades.yildirim.soylu206@example.com,+905135290965,2023-07-15,2025-03-19,Samsun,İlkadım,Türkiye,96.78,24
3018,404,Öğr. Şemsinisa Selime Seven,ogr.semsinisa.selime.seven404@example.com,+905058650948,2025-09-20,2025-11-18,İzmir,Bornova,Türkiye,316.83,64
3019,250,Rahiye Kumral Zorlu,rahiye.kumral.zorlu250@example.com,+905804420678,2021-10-02,2026-04-11,Samsun,Atakum,Türkiye,297.48,53
3020,71,Aygutalp İhsanoğlu,aygutalp.ihsanoglu71@example.com,+905378263982,2025-07-23,2025-07-27,Şanlıurfa,Eyyübiye,Türkiye,344.63,35
3021,51,Başok Ülker,basok.ulker51@example.com,+905628498776,2021-11-06,2025-10-07,Diyarbakır,Kayapınar,Türkiye,303.41,55
3022,10,Ferahdiba Bilir,ferahdiba.bilir10@example.com,+905801845146,2025-01-23,2025-06-20,Malatya,Yeşilyurt,Türkiye,255.45,47
3023,69,Av. Arıkol Mirbadin Sezgin,av.arikol.mirbadin.sezgin69@example.com,+905824771093,2021-12-20,2026-02-26,Konya,Meram,Türkiye,161.11,28
3024,137,Göken Arslan,goken.arslan137@example.com,+905271551884,2024-04-07,2025-10-05,İzmir,Bornova,Türkiye,366.46,72
3025,347,İvecen Oganer Mansız Seven,ivecen.oganer.mansiz.seven347@example.com,+905846386557,2023-03-31,2025-12-01,Van,İpekyolu,Türkiye,400.24,74
3026,400,Özpetek Tevetoğlu,ozpetek.tevetoglu400@example.com,+905708620959,2024-08-10,2026-05-29,Mersin,Toroslar,Türkiye,362.63,38
3027,11,Ceyhun Çorlu,ceyhun.corlu11@example.com,+905814893252,2022-12-04,2025-06-05,Mersin,Yenişehir,Türkiye,407.78,67
3028,217,Doç. Zümre Münezzer Ergül,doc.zumre.munezzer.ergul217@example.com,+905219034043,2022-12-07,2026-02-27,Diyarbakır,Kayapınar,Türkiye,135.32,36
3029,268,Ferihan Dumanlı,ferihan.dumanli268@example.com,+905296201533,2023-08-27,2025-03-12,İstanbul,Şişli,Türkiye,372.81,62
3030,335,Alaz Eraslan Duran,alaz.eraslan.duran335@example.com,+905842450882,2025-04-04,2025-04-08,Antalya,Kepez,Türkiye,91.17,20
3031,46,Sümeyye Hayrioğlu,sumeyye.hayrioglu46@example.com,+905556464170,2021-09-30,2025-05-31,Konya,Meram,Türkiye,291.18,52
3032,267,Ertuncay Durmuş,ertuncay.durmus267@example.com,+905526218159,2022-07-05,2026-03-06,Bursa,Nilüfer,Türkiye,442.89,75
3033,209,Narhanim Aslan,narhanim.aslan209@example.com,+905571775140,2021-12-18,2025-02-19,Konya,Meram,Türkiye,107.1,25
3034,98,Yaşattin Şama,yasattin.sama98@example.com,+905945198327,2024-09-09,2026-06-05,Ankara,Keçiören,Türkiye,378.95,72
3035,250,Rahiye Kumral Zorlu,rahiye.kumral.zorlu250@example.com,+905804420678,2021-10-02,2025-11-27,Samsun,Atakum,Türkiye,279.83,53
3036,437,Tolonbay Bilge,tolonbay.bilge437@example.com,+905686025922,2025-02-19,2025-12-10,Malatya,Yeşilyurt,Türkiye,320.86,29
3037,440,Muktedir Ünübol Durdu,muktedir.unubol.durdu440@example.com,+905384983022,2025-08-22,2026-05-15,Manisa,Şehzadeler,Türkiye,297.83,59
3038,476,Fenni Atatöre İnönü Aksu,fenni.atatore.inonu.aksu476@example.com,+905940792904,2021-10-24,2025-07-10,Manisa,Şehzadeler,Türkiye,303.94,57
3039,210,Çisem Yılmaz,cisem.yilmaz210@example.com,+905238282586,2023-05-11,2025-08-19,Eskişehir,Odunpazarı,Türkiye,324.31,32
3040,43,Türknur Şennur Akar,turknur.sennur.akar43@example.com,+905967054668,2021-10-04,2026-05-27,Trabzon,Ortahisar,Türkiye,346.62,65
3041,358,Eyyüp Akdeniz,eyyup.akdeniz358@example.com,+905959463688,2023-03-30,2026-05-08,Mersin,Toroslar,Türkiye,197.11,29
3042,287,Bayan Muarra Sonnur Demirel,bayan.muarra.sonnur.demirel287@example.com,+905899441715,2024-05-25,2025-07-29,Malatya,Yeşilyurt,Türkiye,288.55,58
3043,374,Servinaz Tülin Tevetoğlu,servinaz.tulin.tevetoglu374@example.com,+905527636556,2024-05-19,2026-01-19,Manisa,Şehzadeler,Türkiye,222.24,46
3044,383,Elvan Çisem Yorulmaz Zengin,elvan.cisem.yorulmaz.zengin383@example.com,+905492164334,2023-06-19,2025-07-16,İzmir,Konak,Türkiye,293.78,58
3045,393,Mevlüdiye Çamurcuoğlu,mevludiye.camurcuoglu393@example.com,+905013673037,2021-10-29,2026-06-28,Mersin,Toroslar,Türkiye,368.35,67
3046,312,Okt. İmrihan Melikkan Şener Şafak,okt.imrihan.melikkan.sener.safak312@example.com,+905170166088,2025-12-12,2026-03-09,Diyarbakır,Kayapınar,Türkiye,361.91,70
3047,279,Okt. Türknur Kerime Alemdar,okt.turknur.kerime.alemdar279@example.com,+905505444713,2025-03-12,2025-04-14,Şanlıurfa,Eyyübiye,Türkiye,246.66,37
3048,65,Ulu Tunçboğa Şensoy,ulu.tuncboga.sensoy65@example.com,+905940139904,2022-09-19,2025-12-17,Denizli,Pamukkale,Türkiye,261.63,20
3049,333,Av. Ulutay Yilmaz Tarhan,av.ulutay.yilmaz.tarhan333@example.com,+905061809190,2022-01-07,2025-07-24,Denizli,Pamukkale,Türkiye,392.47,72
3050,474,Av. Nura Durmuş İhsanoğlu,av.nura.durmus.ihsanoglu474@example.com,+905818913718,2022-09-12,2025-04-16,Mersin,Toroslar,Türkiye,236.64,37
3051,306,Uz. Cannur Çorlu,uz.cannur.corlu306@example.com,+905155216674,2023-10-15,2026-06-25,Manisa,Şehzadeler,Türkiye,545.79,62
3052,328,Yurtseven Tule Çamurcuoğlu Aslan,yurtseven.tule.camurcuoglu.aslan328@example.com,+905554398780,2025-04-22,2026-01-01,Konya,Meram,Türkiye,307.95,60
3053,328,Yurtseven Tule Çamurcuoğlu Aslan,yurtseven.tule.camurcuoglu.aslan328@example.com,+905554398780,2025-04-22,2025-07-09,Konya,Meram,Türkiye,315.83,60
3054,252,Doç. Musaffa Şehreban Eraslan,doc.musaffa.sehreban.eraslan252@example.com,+905941013721,2024-02-02,2025-12-02,İzmir,Karşıyaka,Türkiye,125.63,25
3055,320,Hanbiken Şemsinisa Sezgin,hanbiken.semsinisa.sezgin320@example.com,+905158799684,2023-07-31,2025-09-21,Adana,Çukurova,Türkiye,386.78,69
3056,136,Rayla Zülbiye Karadeniz,rayla.zulbiye.karadeniz136@example.com,+905814473947,2024-10-29,2026-03-02,Şanlıurfa,Eyyübiye,Türkiye,124.31,25
3057,312,Okt. İmrihan Melikkan Şener Şafak,okt.imrihan.melikkan.sener.safak312@example.com,+905170166088,2025-12-12,2026-01-24,Diyarbakır,Kayapınar,Türkiye,381.62,70
3058,460,Öğr. Hafıza Yaman Manço,ogr.hafiza.yaman.manco460@example.com,+905733294562,2022-01-10,2025-10-19,Kayseri,Kocasinan,Türkiye,310.98,60
3059,271,Savni Seven,savni.seven271@example.com,+905774186256,2023-11-17,2025-06-17,Kayseri,Kocasinan,Türkiye,173.55,29
3060,475,Yasan Şehamet Fırat Akdeniz,yasan.sehamet.firat.akdeniz475@example.com,+905778795654,2024-04-29,2025-03-09,Eskişehir,Odunpazarı,Türkiye,125.3,28
3061,499,Bayan Nürice Arsoy Eraslan,bayan.nurice.arsoy.eraslan499@example.com,+905902196207,2025-06-30,2025-08-01,Diyarbakır,Kayapınar,Türkiye,95.43,18
3062,86,Hayel Eraslan,hayel.eraslan86@example.com,+905746120047,2025-04-19,2025-04-23,Gaziantep,Şahinbey,Türkiye,113.7,24
3063,238,Teber Bilir,teber.bilir238@example.com,+905252410564,2023-01-05,2025-07-23,Malatya,Yeşilyurt,Türkiye,74.2,22
3064,363,Çev. Alkor Yaman,cev.alkor.yaman363@example.com,+905053021465,2022-03-12,2026-01-23,Manisa,Şehzadeler,Türkiye,286.08,43
3065,333,Av. Ulutay Yilmaz Tarhan,av.ulutay.yilmaz.tarhan333@example.com,+905061809190,2022-01-07,2026-02-25,Denizli,Pamukkale,Türkiye,395.89,72
3066,334,Çolpan Arsoy Çorlu,colpan.arsoy.corlu334@example.com,+905449147660,2023-04-17,2025-07-09,Malatya,Yeşilyurt,Türkiye,196.1,28
3067,416,Merzuk Adlan Ertaş,merzuk.adlan.ertas416@example.com,+905898331465,2022-02-09,2025-08-28,Trabzon,Ortahisar,Türkiye,309.79,54
3068,317,İnançlı Ülker,inancli.ulker317@example.com,+905869782922,2025-05-14,2026-05-16,İstanbul,Kadıköy,Türkiye,238.03,42
3069,217,Doç. Zümre Münezzer Ergül,doc.zumre.munezzer.ergul217@example.com,+905219034043,2022-12-07,2025-02-01,Diyarbakır,Kayapınar,Türkiye,192.93,36
3070,77,Uz. Gülev Arslan Bilir,uz.gulev.arslan.bilir77@example.com,+905724005045,2023-11-06,2025-02-09,Bursa,Nilüfer,Türkiye,218.98,45
3071,488,İzgü Manço,izgu.manco488@example.com,+905286391741,2025-10-02,2025-10-21,Şanlıurfa,Eyyübiye,Türkiye,105.91,22
3072,170,Arş. Gör. Zöhrehan Şefiye Akçay,ars.gor.zohrehan.sefiye.akcay170@example.com,+905088398225,2023-01-12,2026-01-31,Van,İpekyolu,Türkiye,257.53,46
3073,114,Bayan Gül Müsemma Çetin,bayan.gul.musemma.cetin114@example.com,+905554665905,2025-07-31,2025-10-25,Malatya,Yeşilyurt,Türkiye,219.33,39
3074,325,Aybora Çamurcuoğlu,aybora.camurcuoglu325@example.com,+905606484229,2024-07-08,2025-10-27,Adana,Seyhan,Türkiye,136.72,18
3075,246,Dr. Bilgütay Erten Alemdar,dr.bilgutay.erten.alemdar246@example.com,+905571918261,2022-08-18,2025-08-13,Malatya,Yeşilyurt,Türkiye,274.85,54
3076,250,Rahiye Kumral Zorlu,rahiye.kumral.zorlu250@example.com,+905804420678,2021-10-02,2025-05-21,Samsun,Atakum,Türkiye,303.1,53
3077,107,Sancak Türk,sancak.turk107@example.com,+905516136968,2025-07-04,2025-09-10,Manisa,Şehzadeler,Türkiye,426.85,43
3078,331,Dilşat Ertaş,dilsat.ertas331@example.com,+905361386120,2023-05-17,2025-02-11,İzmir,Konak,Türkiye,364.79,63
3079,484,Feremez İnançlı Güçlü,feremez.inancli.guclu484@example.com,+905181753443,2025-10-04,2026-05-03,İstanbul,Şişli,Türkiye,135.51,19
3080,450,Sağıt Umman Kısakürek Arslan,sagit.umman.kisakurek.arslan450@example.com,+905395512405,2023-11-05,2025-04-20,Erzurum,Yakutiye,Türkiye,340.53,58
3081,359,Bedri Duran,bedri.duran359@example.com,+905449562137,2022-01-10,2025-06-11,Erzurum,Yakutiye,Türkiye,142.27,28
3082,307,Hazine Soylu Çamurcuoğlu,hazine.soylu.camurcuoglu307@example.com,+905120216979,2022-02-22,2025-04-16,Denizli,Pamukkale,Türkiye,240.25,46
3083,24,Dr. Günkurt Şanlı Öcalan,dr.gunkurt.sanli.ocalan24@example.com,+905183842513,2023-11-17,2025-10-23,Manisa,Şehzadeler,Türkiye,190.87,36
3084,278,Arifcan Aslan,arifcan.aslan278@example.com,+905246299606,2024-02-03,2025-02-01,Şanlıurfa,Eyyübiye,Türkiye,342.91,62
3085,360,Gökperi Demir,gokperi.demir360@example.com,+905589026012,2023-04-22,2025-11-30,Malatya,Yeşilyurt,Türkiye,315.79,56
3086,156,Doç. Nerim Dumanlı,doc.nerim.dumanli156@example.com,+905897028385,2022-03-27,2025-05-29,Konya,Meram,Türkiye,303.23,48
3087,344,Kerman Ertaş,kerman.ertas344@example.com,+905827229927,2023-12-09,2025-06-18,Manisa,Şehzadeler,Türkiye,101.2,20
3088,358,Eyyüp Akdeniz,eyyup.akdeniz358@example.com,+905959463688,2023-03-30,2025-05-09,Mersin,Toroslar,Türkiye,204.97,29
3089,232,Binışık Bilgütay Sezgin,binisik.bilgutay.sezgin232@example.com,+905389836403,2023-03-05,2026-03-03,İstanbul,Üsküdar,Türkiye,185.66,42
3090,55,Dr. Hoşkadem Hadrey Erdoğan Şama,dr.hoskadem.hadrey.erdogan.sama55@example.com,+905788568557,2024-06-06,2025-01-24,Van,İpekyolu,Türkiye,193.91,37
3091,188,Nafii Sezer,nafii.sezer188@example.com,+905509977008,2022-11-09,2025-04-27,Malatya,Yeşilyurt,Türkiye,199.42,44
3092,321,Gürcüye Gülev Mansız Eraslan,gurcuye.gulev.mansiz.eraslan321@example.com,+905620034244,2025-02-16,2025-02-18,Bursa,Nilüfer,Türkiye,372.31,71
3093,264,Vacibe Alemdar Yılmaz,vacibe.alemdar.yilmaz264@example.com,+905513552157,2025-11-19,2026-03-16,Şanlıurfa,Eyyübiye,Türkiye,195.15,34
3094,1,Akar Ziyaettin Aslan Yüksel,akar.ziyaettin.aslan.yuksel1@example.com,+905433218196,2025-10-08,2025-11-04,Bursa,Nilüfer,Türkiye,97.27,19
3095,164,Kıvılcım Seven,kivilcim.seven164@example.com,+905788728743,2025-04-26,2026-06-20,Eskişehir,Tepebaşı,Türkiye,186.03,39
3096,129,Jankat Şafak,jankat.safak129@example.com,+905430305486,2022-11-26,2025-04-13,Diyarbakır,Kayapınar,Türkiye,237.96,48
3097,405,Günebakan İnönü,gunebakan.inonu405@example.com,+905381138633,2022-12-31,2025-01-29,Kayseri,Melikgazi,Türkiye,329.19,60
3098,52,Arş. Gör. Firdevis Eraslan Fırat,ars.gor.firdevis.eraslan.firat52@example.com,+905473799650,2023-03-06,2026-06-05,Gaziantep,Şahinbey,Türkiye,388.43,72
3099,406,Hazrat Melihcan Demir Arslan,hazrat.melihcan.demir.arslan406@example.com,+905195761228,2023-09-12,2026-06-11,Adana,Çukurova,Türkiye,250.72,50
3100,51,Başok Ülker,basok.ulker51@example.com,+905628498776,2021-11-06,2025-04-14,Diyarbakır,Kayapınar,Türkiye,266.69,55
3101,172,Bayan Oluş Şama Ülker,bayan.olus.sama.ulker172@example.com,+905640391065,2022-01-08,2025-02-03,Kayseri,Melikgazi,Türkiye,133.51,22
3102,215,Öğr. Uğurtan Erbil Hançer,ogr.ugurtan.erbil.hancer215@example.com,+905627828274,2025-02-28,2025-07-18,Antalya,Kepez,Türkiye,142.32,29
3103,229,Erginel Nezihi Demir,erginel.nezihi.demir229@example.com,+905542622189,2025-11-25,2025-12-14,Bursa,Osmangazi,Türkiye,330.74,57
3104,376,Melihcan Dumanlı,melihcan.dumanli376@example.com,+905288574489,2025-09-06,2026-03-23,Denizli,Pamukkale,Türkiye,209.96,43
3105,6,Yağızkurt Şensoy,yagizkurt.sensoy6@example.com,+905928327648,2024-09-19,2026-01-13,Mersin,Yenişehir,Türkiye,316.85,61
3106,45,Arş. Gör. Özakan İhsanoğlu,ars.gor.ozakan.ihsanoglu45@example.com,+905699016272,2025-09-01,2025-12-06,Antalya,Muratpaşa,Türkiye,230.52,34
3107,52,Arş. Gör. Firdevis Eraslan Fırat,ars.gor.firdevis.eraslan.firat52@example.com,+905473799650,2023-03-06,2025-07-14,Gaziantep,Şahinbey,Türkiye,380.54,72
3108,156,Doç. Nerim Dumanlı,doc.nerim.dumanli156@example.com,+905897028385,2022-03-27,2025-01-18,Konya,Meram,Türkiye,300.73,48
3109,247,Arpağ Yorulmaz,arpag.yorulmaz247@example.com,+905445655743,2025-07-13,2026-02-24,Antalya,Muratpaşa,Türkiye,148.12,30
3110,227,Dr. Akyıldız Durdu Arslan,dr.akyildiz.durdu.arslan227@example.com,+905436110371,2025-03-16,2026-05-19,Ankara,Keçiören,Türkiye,296.99,55
3111,387,Bişar Ülker,bisar.ulker387@example.com,+905807740649,2024-08-26,2026-06-08,Kayseri,Kocasinan,Türkiye,372.53,68
3112,252,Doç. Musaffa Şehreban Eraslan,doc.musaffa.sehreban.eraslan252@example.com,+905941013721,2024-02-02,2026-06-15,İzmir,Karşıyaka,Türkiye,121.46,25
3113,254,Çoğay Tarhan,cogay.tarhan254@example.com,+905720999347,2023-08-22,2025-09-02,Mersin,Toroslar,Türkiye,423.3,74
3114,26,Rabbiye Aslan,rabbiye.aslan26@example.com,+905935348740,2025-06-06,2026-02-11,Mersin,Toroslar,Türkiye,354.17,58
3115,397,Aydinç Korutürk,aydinc.koruturk397@example.com,+905528127358,2022-05-02,2026-01-22,Ankara,Çankaya,Türkiye,368.67,66
3116,8,Çerçi Sezgin,cerci.sezgin8@example.com,+905423884969,2023-09-17,2025-09-29,Diyarbakır,Kayapınar,Türkiye,162.9,41
3117,191,Seyithan Akatay İhsanoğlu Hançer,seyithan.akatay.ihsanoglu.hancer191@example.com,+905016668700,2022-01-03,2026-01-27,İzmir,Karşıyaka,Türkiye,161.98,28
3118,45,Arş. Gör. Özakan İhsanoğlu,ars.gor.ozakan.ihsanoglu45@example.com,+905699016272,2025-09-01,2026-03-09,Antalya,Muratpaşa,Türkiye,190.54,34
3119,256,Öğr. Rafih Şensoy,ogr.rafih.sensoy256@example.com,+905598564205,2022-08-08,2025-12-26,Şanlıurfa,Eyyübiye,Türkiye,145.12,32
3120,217,Doç. Zümre Münezzer Ergül,doc.zumre.munezzer.ergul217@example.com,+905219034043,2022-12-07,2026-06-05,Diyarbakır,Kayapınar,Türkiye,168.56,36
3121,342,Aktemür Göken Soylu,aktemur.goken.soylu342@example.com,+905930848872,2023-11-24,2026-04-23,İstanbul,Şişli,Türkiye,204.28,43
3122,477,Serda Akçay,serda.akcay477@example.com,+905281442944,2024-07-04,2026-01-30,Şanlıurfa,Eyyübiye,Türkiye,284.41,18
3123,190,Över İlalmış Aksu Hançer,over.ilalmis.aksu.hancer190@example.com,+905546156793,2022-01-15,2025-09-26,Malatya,Yeşilyurt,Türkiye,169.6,32
3124,462,Ortak Ömür Duran Karadeniz,ortak.omur.duran.karadeniz462@example.com,+905816158148,2023-05-13,2025-03-11,Van,İpekyolu,Türkiye,254.84,43
3125,214,Aygutalp Arslan,aygutalp.arslan214@example.com,+905251341252,2023-01-31,2025-09-06,Kayseri,Melikgazi,Türkiye,276.04,42
3126,481,Hatin Nüdret Çorlu Arsoy,hatin.nudret.corlu.arsoy481@example.com,+905674286047,2023-10-22,2025-08-30,Gaziantep,Şehitkamil,Türkiye,318.6,61
3127,99,Uzsoy Şener,uzsoy.sener99@example.com,+905149368998,2025-10-20,2026-05-09,Erzurum,Yakutiye,Türkiye,364.75,56
3128,237,Tandoğdu Zeynelabidin Sakarya,tandogdu.zeynelabidin.sakarya237@example.com,+905990421020,2025-01-11,2026-02-25,Bursa,Osmangazi,Türkiye,320.81,49
3129,435,Türknur Beray Hançer Ertaş,turknur.beray.hancer.ertas435@example.com,+905298266570,2024-12-11,2026-03-06,Malatya,Yeşilyurt,Türkiye,255.84,47
3130,269,Dr. Asiman Şener Tevetoğlu,dr.asiman.sener.tevetoglu269@example.com,+905443106987,2025-02-01,2025-11-26,Erzurum,Yakutiye,Türkiye,126.23,21
3131,8,Çerçi Sezgin,cerci.sezgin8@example.com,+905423884969,2023-09-17,2025-06-09,Diyarbakır,Kayapınar,Türkiye,217.09,41
3132,420,Av. Nevsale Birsan Şafak Akdeniz,av.nevsale.birsan.safak.akdeniz420@example.com,+905920698042,2025-08-11,2025-12-21,Mersin,Toroslar,Türkiye,201.94,36
3133,112,Yrd. Doç. Fehmiye Havali Bilge,yrd.doc.fehmiye.havali.bilge112@example.com,+905986798079,2022-04-18,2025-03-05,İzmir,Karşıyaka,Türkiye,134.89,30
3134,2,Uz. Zamir Açıkel Tarhan,uz.zamir.acikel.tarhan2@example.com,+905838637940,2021-09-10,2026-06-17,Gaziantep,Şahinbey,Türkiye,376.4,69
3135,20,Tınal Aslan,tinal.aslan20@example.com,+905872343098,2025-08-10,2026-03-11,Kayseri,Kocasinan,Türkiye,350.24,65
3136,54,Piran Nurda Dumanlı,piran.nurda.dumanli54@example.com,+905837770143,2023-09-06,2026-03-28,Denizli,Pamukkale,Türkiye,341.32,62
3137,390,Av. Övün Şilan Tarhan,av.ovun.silan.tarhan390@example.com,+905973502080,2024-11-27,2025-06-11,Diyarbakır,Kayapınar,Türkiye,110.06,24
3138,184,Çağlasın Akdurmuş Akça,caglasin.akdurmus.akca184@example.com,+905587717535,2024-03-12,2026-04-22,Kayseri,Kocasinan,Türkiye,188.16,44
3139,489,Dr. Mahter Havse Hançer,dr.mahter.havse.hancer489@example.com,+905072006425,2023-10-03,2025-07-28,Mersin,Toroslar,Türkiye,262.07,54
3140,493,Doç. Beyler Feyruz Şafak,doc.beyler.feyruz.safak493@example.com,+905030937618,2022-05-05,2025-11-29,Konya,Selçuklu,Türkiye,239.06,37
3141,179,Muvaffak Hayrioğlu,muvaffak.hayrioglu179@example.com,+905687056856,2023-08-29,2025-12-08,Van,İpekyolu,Türkiye,135.92,27
3142,183,Özaslan Şensoy,ozaslan.sensoy183@example.com,+905393638546,2023-05-03,2025-08-25,Bursa,Osmangazi,Türkiye,293.9,52
3143,107,Sancak Türk,sancak.turk107@example.com,+905516136968,2025-07-04,2026-03-10,Manisa,Şehzadeler,Türkiye,407.8,43
3144,76,Çev. Safinaz Çisem Ülker Demirel,cev.safinaz.cisem.ulker.demirel76@example.com,+905578091343,2021-10-05,2025-08-25,Erzurum,Yakutiye,Türkiye,195.25,23
3145,477,Serda Akçay,serda.akcay477@example.com,+905281442944,2024-07-04,2025-11-10,Şanlıurfa,Eyyübiye,Türkiye,262.22,18
3146,325,Aybora Çamurcuoğlu,aybora.camurcuoglu325@example.com,+905606484229,2024-07-08,2025-03-21,Adana,Seyhan,Türkiye,60.59,18
3147,443,Ürfettin Şabettin Şama Demirel,urfettin.sabettin.sama.demirel443@example.com,+905472145868,2024-10-09,2025-02-06,Erzurum,Yakutiye,Türkiye,330.98,62
3148,486,Öğr. Şöhret Yılmaz Akçay,ogr.sohret.yilmaz.akcay486@example.com,+905471746542,2021-07-28,2026-01-04,Adana,Çukurova,Türkiye,134.99,22
3149,247,Arpağ Yorulmaz,arpag.yorulmaz247@example.com,+905445655743,2025-07-13,2026-06-21,Antalya,Muratpaşa,Türkiye,148.32,30
3150,160,Hasret Kumral Şama,hasret.kumral.sama160@example.com,+905842199330,2022-03-12,2026-05-09,Erzurum,Yakutiye,Türkiye,447.26,75
3151,286,Hasgül Akdeniz Öcalan,hasgul.akdeniz.ocalan286@example.com,+905657437489,2023-09-21,2026-03-08,Mersin,Toroslar,Türkiye,289.37,55
3152,27,Dirlik Çamurcuoğlu,dirlik.camurcuoglu27@example.com,+905052427868,2025-11-23,2026-05-11,Mersin,Yenişehir,Türkiye,125.71,25
3153,438,Tanyolaç Tevetoğlu,tanyolac.tevetoglu438@example.com,+905447421230,2022-06-16,2026-06-07,Ankara,Keçiören,Türkiye,365.66,66
3154,300,Halenur Burcuhan Şafak,halenur.burcuhan.safak300@example.com,+905167618472,2024-10-18,2025-08-13,İstanbul,Kadıköy,Türkiye,354.64,62
3155,344,Kerman Ertaş,kerman.ertas344@example.com,+905827229927,2023-12-09,2025-07-01,Manisa,Şehzadeler,Türkiye,69.39,20
3156,49,Atilhan Gül,atilhan.gul49@example.com,+905631931491,2022-10-10,2025-04-10,Kayseri,Kocasinan,Türkiye,358.57,68
3157,374,Servinaz Tülin Tevetoğlu,servinaz.tulin.tevetoglu374@example.com,+905527636556,2024-05-19,2025-12-06,Manisa,Şehzadeler,Türkiye,250.47,46
3158,141,Dr. Atgun Arslan,dr.atgun.arslan141@example.com,+905824225358,2024-05-10,2025-04-15,Ankara,Çankaya,Türkiye,392.59,72
3159,378,Ruhugül Gül Sakarya,ruhugul.gul.sakarya378@example.com,+905061593998,2024-12-20,2025-08-19,Mersin,Toroslar,Türkiye,356.93,67
3160,185,Öğr. Şahat Adıgün Mansız,ogr.sahat.adigun.mansiz185@example.com,+905048996423,2024-02-06,2026-06-16,Gaziantep,Şahinbey,Türkiye,177.95,32
3161,166,Bayan Gülsü Sabır Kısakürek,bayan.gulsu.sabir.kisakurek166@example.com,+905227530463,2023-06-12,2025-10-02,Trabzon,Ortahisar,Türkiye,321.99,66
3162,327,Bekbay Çetin,bekbay.cetin327@example.com,+905281826886,2025-06-07,2025-09-12,Eskişehir,Odunpazarı,Türkiye,229.15,40
3163,137,Göken Arslan,goken.arslan137@example.com,+905271551884,2024-04-07,2025-05-29,İzmir,Bornova,Türkiye,364.9,72
3164,415,Benek Permun Bilge Korutürk,benek.permun.bilge.koruturk415@example.com,+905864168622,2023-04-03,2025-04-11,Van,İpekyolu,Türkiye,265.06,53
3165,38,Us Sadittin İnönü Aslan,us.sadittin.inonu.aslan38@example.com,+905769367632,2022-04-09,2026-02-26,Şanlıurfa,Eyyübiye,Türkiye,308.28,62
3166,166,Bayan Gülsü Sabır Kısakürek,bayan.gulsu.sabir.kisakurek166@example.com,+905227530463,2023-06-12,2025-11-26,Trabzon,Ortahisar,Türkiye,359.67,66
3167,52,Arş. Gör. Firdevis Eraslan Fırat,ars.gor.firdevis.eraslan.firat52@example.com,+905473799650,2023-03-06,2026-02-24,Gaziantep,Şahinbey,Türkiye,370.26,72
3168,222,Cemiyle Gülgüzel Arslan,cemiyle.gulguzel.arslan222@example.com,+905325367294,2022-06-06,2026-05-02,Antalya,Muratpaşa,Türkiye,294.81,44
3169,215,Öğr. Uğurtan Erbil Hançer,ogr.ugurtan.erbil.hancer215@example.com,+905627828274,2025-02-28,2025-10-31,Antalya,Kepez,Türkiye,124.6,29
3170,103,Elvan Şener,elvan.sener103@example.com,+905815614978,2022-03-17,2026-02-03,Mersin,Yenişehir,Türkiye,170.99,37
3171,170,Arş. Gör. Zöhrehan Şefiye Akçay,ars.gor.zohrehan.sefiye.akcay170@example.com,+905088398225,2023-01-12,2025-10-07,Van,İpekyolu,Türkiye,224.29,46
3172,48,Hayrünnisa Ağbegim Yüksel,hayrunnisa.agbegim.yuksel48@example.com,+905745299124,2025-05-05,2026-05-02,Van,İpekyolu,Türkiye,244.5,55
3173,324,Sezal Kader Gül,sezal.kader.gul324@example.com,+905598933472,2022-02-13,2025-04-22,Diyarbakır,Kayapınar,Türkiye,107.96,22
3174,6,Yağızkurt Şensoy,yagizkurt.sensoy6@example.com,+905928327648,2024-09-19,2025-01-30,Mersin,Yenişehir,Türkiye,286.46,61
3175,67,Erdursun Dalkılıç Akar Duran,erdursun.dalkilic.akar.duran67@example.com,+905567468071,2024-03-08,2026-02-21,Bursa,Nilüfer,Türkiye,130.11,34
3176,225,Saydam Feza Sezer,saydam.feza.sezer225@example.com,+905975001701,2025-01-23,2025-06-27,Eskişehir,Odunpazarı,Türkiye,268.6,46
3177,410,Çıvgın Yaman,civgin.yaman410@example.com,+905522459334,2024-04-06,2025-01-09,Ankara,Keçiören,Türkiye,150.26,23
3178,284,Sevdinar İhsanoğlu Hayrioğlu,sevdinar.ihsanoglu.hayrioglu284@example.com,+905406029333,2022-02-24,2025-07-12,Mersin,Yenişehir,Türkiye,178.44,31
3179,390,Av. Övün Şilan Tarhan,av.ovun.silan.tarhan390@example.com,+905973502080,2024-11-27,2026-03-04,Diyarbakır,Kayapınar,Türkiye,96.79,24
3180,329,Çev. İlmafer Akça,cev.ilmafer.akca329@example.com,+905056164840,2023-01-19,2025-07-04,Gaziantep,Şahinbey,Türkiye,527.34,70
3181,387,Bişar Ülker,bisar.ulker387@example.com,+905807740649,2024-08-26,2026-02-03,Kayseri,Kocasinan,Türkiye,354.85,68
3182,349,Günsel Selvi Dumanlı Akça,gunsel.selvi.dumanli.akca349@example.com,+905651777392,2022-04-27,2025-01-09,Bursa,Nilüfer,Türkiye,404.99,71
3183,370,Atagün Hayrioğlu,atagun.hayrioglu370@example.com,+905117908075,2022-06-20,2026-04-06,Antalya,Muratpaşa,Türkiye,246.92,38
3184,299,Elöve Şener,elove.sener299@example.com,+905150648909,2025-09-05,2026-02-06,Malatya,Yeşilyurt,Türkiye,310.07,60
3185,17,Prof. Ferzi Asım Akdeniz,prof.ferzi.asim.akdeniz17@example.com,+905010651333,2022-12-10,2025-10-27,Denizli,Pamukkale,Türkiye,254.84,46
3186,26,Rabbiye Aslan,rabbiye.aslan26@example.com,+905935348740,2025-06-06,2025-12-30,Mersin,Toroslar,Türkiye,369.97,58
3187,63,Aykutalp Sakarya,aykutalp.sakarya63@example.com,+905618324210,2025-01-07,2026-05-23,Van,İpekyolu,Türkiye,358.4,68
3188,476,Fenni Atatöre İnönü Aksu,fenni.atatore.inonu.aksu476@example.com,+905940792904,2021-10-24,2026-04-22,Manisa,Şehzadeler,Türkiye,305.49,57
3189,252,Doç. Musaffa Şehreban Eraslan,doc.musaffa.sehreban.eraslan252@example.com,+905941013721,2024-02-02,2026-01-08,İzmir,Karşıyaka,Türkiye,130.1,25
3190,488,İzgü Manço,izgu.manco488@example.com,+905286391741,2025-10-02,2026-01-30,Şanlıurfa,Eyyübiye,Türkiye,91.95,22
3191,489,Dr. Mahter Havse Hançer,dr.mahter.havse.hancer489@example.com,+905072006425,2023-10-03,2025-11-06,Mersin,Toroslar,Türkiye,306.65,54
3192,307,Hazine Soylu Çamurcuoğlu,hazine.soylu.camurcuoglu307@example.com,+905120216979,2022-02-22,2026-03-26,Denizli,Pamukkale,Türkiye,262.91,46
3193,398,Karataş Seven,karatas.seven398@example.com,+905065240778,2024-04-18,2025-02-14,Diyarbakır,Kayapınar,Türkiye,353.78,52
3194,38,Us Sadittin İnönü Aslan,us.sadittin.inonu.aslan38@example.com,+905769367632,2022-04-09,2026-02-09,Şanlıurfa,Eyyübiye,Türkiye,337.6,62
3195,8,Çerçi Sezgin,cerci.sezgin8@example.com,+905423884969,2023-09-17,2025-04-05,Diyarbakır,Kayapınar,Türkiye,201.76,41
3196,1,Akar Ziyaettin Aslan Yüksel,akar.ziyaettin.aslan.yuksel1@example.com,+905433218196,2025-10-08,2026-01-06,Bursa,Nilüfer,Türkiye,86.93,19
3197,95,Cuheyna Enfes Eraslan,cuheyna.enfes.eraslan95@example.com,+905118367365,2023-05-29,2025-01-20,Manisa,Şehzadeler,Türkiye,266.93,43
3198,135,Gökperi Mansız Durdu,gokperi.mansiz.durdu135@example.com,+905192856543,2025-04-24,2026-02-28,Samsun,Atakum,Türkiye,310.81,19
3199,100,Tülin Soylu,tulin.soylu100@example.com,+905244550229,2022-04-06,2026-06-09,Mersin,Yenişehir,Türkiye,203.44,43
3200,499,Bayan Nürice Arsoy Eraslan,bayan.nurice.arsoy.eraslan499@example.com,+905902196207,2025-06-30,2026-03-30,Diyarbakır,Kayapınar,Türkiye,63.2,18
3201,63,Aykutalp Sakarya,aykutalp.sakarya63@example.com,+905618324210,2025-01-07,2025-06-01,Van,İpekyolu,Türkiye,361.81,68
3202,26,Rabbiye Aslan,rabbiye.aslan26@example.com,+905935348740,2025-06-06,2026-03-30,Mersin,Toroslar,Türkiye,334.63,58
3203,66,Altınkaya Koşukhan Gül Şama,altinkaya.kosukhan.gul.sama66@example.com,+905874296717,2023-12-31,2025-10-14,Adana,Çukurova,Türkiye,227.83,44
3204,482,Bay Gümüştekin Ayvas Karadeniz,bay.gumustekin.ayvas.karadeniz482@example.com,+905185694544,2025-05-25,2025-11-19,Malatya,Yeşilyurt,Türkiye,200.24,34
3205,91,Emine. İhsanoğlu,emine.ihsanoglu91@example.com,+905020539502,2024-06-17,2025-04-09,Adana,Seyhan,Türkiye,101.68,21
3206,120,Belgizar Öcalan,belgizar.ocalan120@example.com,+905746886239,2025-03-04,2026-02-23,Samsun,Atakum,Türkiye,383.93,73
3207,328,Yurtseven Tule Çamurcuoğlu Aslan,yurtseven.tule.camurcuoglu.aslan328@example.com,+905554398780,2025-04-22,2025-07-04,Konya,Meram,Türkiye,302.19,60
3208,338,Deryanur Hasgül Güçlü Yıldırım,deryanur.hasgul.guclu.yildirim338@example.com,+905975523149,2025-07-23,2026-03-20,Bursa,Nilüfer,Türkiye,408.86,75
3209,408,Şahıgül Yorulmaz Yılmaz,sahigul.yorulmaz.yilmaz408@example.com,+905577600490,2023-01-17,2025-05-21,Trabzon,Ortahisar,Türkiye,166.2,26
3210,29,Öğr. Sevican Manço Eraslan,ogr.sevican.manco.eraslan29@example.com,+905586923226,2025-10-23,2026-02-25,Gaziantep,Şahinbey,Türkiye,358.45,29
3211,467,Okt. Havse Selvi Mansız,okt.havse.selvi.mansiz467@example.com,+905946519098,2023-09-07,2025-04-08,Eskişehir,Tepebaşı,Türkiye,361.52,72
3212,499,Bayan Nürice Arsoy Eraslan,bayan.nurice.arsoy.eraslan499@example.com,+905902196207,2025-06-30,2026-04-26,Diyarbakır,Kayapınar,Türkiye,117.03,18
3213,93,Öğr. İvecen Duran,ogr.ivecen.duran93@example.com,+905700766177,2025-07-15,2025-08-26,Malatya,Yeşilyurt,Türkiye,393.12,75
3214,120,Belgizar Öcalan,belgizar.ocalan120@example.com,+905746886239,2025-03-04,2026-02-14,Samsun,Atakum,Türkiye,416.75,73
3215,333,Av. Ulutay Yilmaz Tarhan,av.ulutay.yilmaz.tarhan333@example.com,+905061809190,2022-01-07,2026-05-02,Denizli,Pamukkale,Türkiye,361.96,72
3216,85,Kader Bilir,kader.bilir85@example.com,+905496513709,2022-10-20,2025-09-02,Diyarbakır,Kayapınar,Türkiye,261.63,38
3217,228,Öğr. Selcen Şama Akçay,ogr.selcen.sama.akcay228@example.com,+905051627136,2025-06-13,2026-01-26,Diyarbakır,Kayapınar,Türkiye,492.53,64
3218,17,Prof. Ferzi Asım Akdeniz,prof.ferzi.asim.akdeniz17@example.com,+905010651333,2022-12-10,2025-09-13,Denizli,Pamukkale,Türkiye,273.41,46
3219,293,Kürşad Bilge,kursad.bilge293@example.com,+905223569725,2021-12-08,2026-01-30,Denizli,Pamukkale,Türkiye,338.4,29
3220,325,Aybora Çamurcuoğlu,aybora.camurcuoglu325@example.com,+905606484229,2024-07-08,2025-07-07,Adana,Seyhan,Türkiye,62.12,18
3221,383,Elvan Çisem Yorulmaz Zengin,elvan.cisem.yorulmaz.zengin383@example.com,+905492164334,2023-06-19,2025-09-04,İzmir,Konak,Türkiye,291.26,58
3222,376,Melihcan Dumanlı,melihcan.dumanli376@example.com,+905288574489,2025-09-06,2026-03-17,Denizli,Pamukkale,Türkiye,233.15,43
3223,61,Yigit İhsanoğlu,yigit.ihsanoglu61@example.com,+905913341232,2022-11-08,2025-07-22,Manisa,Şehzadeler,Türkiye,119.32,22
3224,82,Dr. Sökmen Erdoğan,dr.sokmen.erdogan82@example.com,+905210470952,2025-06-11,2025-12-17,Konya,Meram,Türkiye,160.25,36
3225,57,Yrd. Doç. Duruk Abdülahat Erdoğan,yrd.doc.duruk.abdulahat.erdogan57@example.com,+905435240824,2025-09-10,2025-11-02,Bursa,Nilüfer,Türkiye,120.56,21
3226,459,Gülay Günar Şama,gulay.gunar.sama459@example.com,+905453817921,2022-01-12,2025-09-04,Diyarbakır,Kayapınar,Türkiye,253.82,47
3227,138,Melihcan Çetin,melihcan.cetin138@example.com,+905831323705,2022-11-04,2025-09-05,Adana,Çukurova,Türkiye,327.0,54
3228,137,Göken Arslan,goken.arslan137@example.com,+905271551884,2024-04-07,2026-03-26,İzmir,Bornova,Türkiye,357.94,72
3229,307,Hazine Soylu Çamurcuoğlu,hazine.soylu.camurcuoglu307@example.com,+905120216979,2022-02-22,2026-01-06,Denizli,Pamukkale,Türkiye,254.56,46
3230,88,Sevginur Misra İhsanoğlu,sevginur.misra.ihsanoglu88@example.com,+905537735158,2022-05-02,2025-12-10,Mersin,Yenişehir,Türkiye,217.07,40
3231,266,Dr. Selime İnönü Yorulmaz,dr.selime.inonu.yorulmaz266@example.com,+905179327104,2025-11-01,2026-04-08,Erzurum,Yakutiye,Türkiye,210.45,38
3232,344,Kerman Ertaş,kerman.ertas344@example.com,+905827229927,2023-12-09,2025-08-15,Manisa,Şehzadeler,Türkiye,49.95,20
3233,131,Minibe Ülker,minibe.ulker131@example.com,+905584161692,2022-11-21,2026-01-20,Şanlıurfa,Eyyübiye,Türkiye,177.15,36
3234,377,Öğr. Hanedan İmam Ertaş,ogr.hanedan.imam.ertas377@example.com,+905347175455,2022-10-22,2025-01-16,Adana,Seyhan,Türkiye,343.07,53
3235,328,Yurtseven Tule Çamurcuoğlu Aslan,yurtseven.tule.camurcuoglu.aslan328@example.com,+905554398780,2025-04-22,2025-08-23,Konya,Meram,Türkiye,300.53,60
3236,114,Bayan Gül Müsemma Çetin,bayan.gul.musemma.cetin114@example.com,+905554665905,2025-07-31,2025-11-20,Malatya,Yeşilyurt,Türkiye,177.18,39
3237,71,Aygutalp İhsanoğlu,aygutalp.ihsanoglu71@example.com,+905378263982,2025-07-23,2026-05-26,Şanlıurfa,Eyyübiye,Türkiye,369.44,35
3238,156,Doç. Nerim Dumanlı,doc.nerim.dumanli156@example.com,+905897028385,2022-03-27,2025-02-01,Konya,Meram,Türkiye,274.63,48
3239,487,Adlan Eraslan,adlan.eraslan487@example.com,+905650442717,2024-10-28,2025-03-27,Ankara,Keçiören,Türkiye,324.62,57
3240,147,Yekda Sezer,yekda.sezer147@example.com,+905953278774,2023-02-28,2025-04-24,Adana,Çukurova,Türkiye,102.58,19
3241,407,Arş. Gör. Meveddet Türk Bilgin,ars.gor.meveddet.turk.bilgin407@example.com,+905558556659,2024-08-07,2025-10-08,Adana,Çukurova,Türkiye,298.87,54
3242,220,Öğr. Doğuhan Korutürk,ogr.doguhan.koruturk220@example.com,+905959629233,2025-08-13,2026-02-14,Gaziantep,Şahinbey,Türkiye,324.34,54
3243,433,Nayil Dumanlı,nayil.dumanli433@example.com,+905886086803,2024-04-25,2025-10-29,Ankara,Çankaya,Türkiye,297.93,46
3244,320,Hanbiken Şemsinisa Sezgin,hanbiken.semsinisa.sezgin320@example.com,+905158799684,2023-07-31,2025-12-31,Adana,Çukurova,Türkiye,376.52,69
3245,349,Günsel Selvi Dumanlı Akça,gunsel.selvi.dumanli.akca349@example.com,+905651777392,2022-04-27,2025-09-17,Bursa,Nilüfer,Türkiye,391.06,71
3246,416,Merzuk Adlan Ertaş,merzuk.adlan.ertas416@example.com,+905898331465,2022-02-09,2025-07-04,Trabzon,Ortahisar,Türkiye,286.24,54
3247,51,Başok Ülker,basok.ulker51@example.com,+905628498776,2021-11-06,2025-03-25,Diyarbakır,Kayapınar,Türkiye,266.06,55
3248,21,Tanbay Şener,tanbay.sener21@example.com,+905788208121,2022-08-12,2026-03-17,Ankara,Yenimahalle,Türkiye,162.56,22
3249,486,Öğr. Şöhret Yılmaz Akçay,ogr.sohret.yilmaz.akcay486@example.com,+905471746542,2021-07-28,2026-03-27,Adana,Çukurova,Türkiye,85.24,22
3250,217,Doç. Zümre Münezzer Ergül,doc.zumre.munezzer.ergul217@example.com,+905219034043,2022-12-07,2026-01-09,Diyarbakır,Kayapınar,Türkiye,186.8,36
3251,147,Yekda Sezer,yekda.sezer147@example.com,+905953278774,2023-02-28,2025-06-06,Adana,Çukurova,Türkiye,70.45,19
3252,76,Çev. Safinaz Çisem Ülker Demirel,cev.safinaz.cisem.ulker.demirel76@example.com,+905578091343,2021-10-05,2025-10-17,Erzurum,Yakutiye,Türkiye,147.94,23
3253,393,Mevlüdiye Çamurcuoğlu,mevludiye.camurcuoglu393@example.com,+905013673037,2021-10-29,2025-02-14,Mersin,Toroslar,Türkiye,343.46,67
3254,266,Dr. Selime İnönü Yorulmaz,dr.selime.inonu.yorulmaz266@example.com,+905179327104,2025-11-01,2026-06-17,Erzurum,Yakutiye,Türkiye,182.76,38
3255,159,Çev. Meşhur Asalet Demirel,cev.meshur.asalet.demirel159@example.com,+905524041574,2021-10-04,2025-10-08,Trabzon,Ortahisar,Türkiye,245.47,48
3256,57,Yrd. Doç. Duruk Abdülahat Erdoğan,yrd.doc.duruk.abdulahat.erdogan57@example.com,+905435240824,2025-09-10,2026-04-10,Bursa,Nilüfer,Türkiye,146.46,21
3257,284,Sevdinar İhsanoğlu Hayrioğlu,sevdinar.ihsanoglu.hayrioglu284@example.com,+905406029333,2022-02-24,2026-06-05,Mersin,Yenişehir,Türkiye,178.27,31
3258,72,Uz. Köker Nurullah Güçlü,uz.koker.nurullah.guclu72@example.com,+905840449972,2023-06-12,2026-01-20,Denizli,Pamukkale,Türkiye,304.03,52
3259,404,Öğr. Şemsinisa Selime Seven,ogr.semsinisa.selime.seven404@example.com,+905058650948,2025-09-20,2025-11-29,İzmir,Bornova,Türkiye,342.14,64
3260,338,Deryanur Hasgül Güçlü Yıldırım,deryanur.hasgul.guclu.yildirim338@example.com,+905975523149,2025-07-23,2026-01-26,Bursa,Nilüfer,Türkiye,383.75,75
3261,285,Veis Yüksel,veis.yuksel285@example.com,+905072290349,2024-03-27,2026-05-04,Denizli,Pamukkale,Türkiye,412.18,63
3262,183,Özaslan Şensoy,ozaslan.sensoy183@example.com,+905393638546,2023-05-03,2025-04-23,Bursa,Osmangazi,Türkiye,334.61,52
3263,178,Nurmelek Hayrioğlu,nurmelek.hayrioglu178@example.com,+905995342836,2024-04-06,2025-10-20,Van,İpekyolu,Türkiye,201.79,35
3264,37,Uraltay Gül,uraltay.gul37@example.com,+905489513433,2025-02-14,2026-02-18,Adana,Seyhan,Türkiye,85.34,19
3265,350,Av. Işıman Ayvas Tarhan,av.isiman.ayvas.tarhan350@example.com,+905299228092,2025-08-20,2025-12-02,Gaziantep,Şahinbey,Türkiye,137.76,28
3266,397,Aydinç Korutürk,aydinc.koruturk397@example.com,+905528127358,2022-05-02,2025-10-30,Ankara,Çankaya,Türkiye,363.56,66
3267,442,Arş. Gör. Fatinur Yorulmaz Dumanlı,ars.gor.fatinur.yorulmaz.dumanli442@example.com,+905795014556,2025-07-27,2026-06-18,Manisa,Şehzadeler,Türkiye,407.02,66
3268,83,Öğr. Baydu Serda Yüksel,ogr.baydu.serda.yuksel83@example.com,+905328588424,2023-04-01,2025-08-18,Denizli,Pamukkale,Türkiye,351.94,69
3269,447,Nurbanu Limon Kısakürek Seven,nurbanu.limon.kisakurek.seven447@example.com,+905344144885,2021-08-25,2025-06-19,Konya,Selçuklu,Türkiye,85.69,18
3270,302,Mishat Buyrukhan Sezer Hançer,mishat.buyrukhan.sezer.hancer302@example.com,+905173934835,2022-01-02,2025-06-24,Kayseri,Melikgazi,Türkiye,232.87,44
3271,312,Okt. İmrihan Melikkan Şener Şafak,okt.imrihan.melikkan.sener.safak312@example.com,+905170166088,2025-12-12,2026-06-23,Diyarbakır,Kayapınar,Türkiye,334.06,70
3272,342,Aktemür Göken Soylu,aktemur.goken.soylu342@example.com,+905930848872,2023-11-24,2026-03-22,İstanbul,Şişli,Türkiye,217.85,43
3273,248,Prof. Gökten Tevetoğlu,prof.gokten.tevetoglu248@example.com,+905212775618,2023-12-10,2025-07-23,Van,İpekyolu,Türkiye,342.2,67
3274,338,Deryanur Hasgül Güçlü Yıldırım,deryanur.hasgul.guclu.yildirim338@example.com,+905975523149,2025-07-23,2026-05-01,Bursa,Nilüfer,Türkiye,383.36,75
3275,334,Çolpan Arsoy Çorlu,colpan.arsoy.corlu334@example.com,+905449147660,2023-04-17,2025-06-14,Malatya,Yeşilyurt,Türkiye,155.19,28
3276,363,Çev. Alkor Yaman,cev.alkor.yaman363@example.com,+905053021465,2022-03-12,2026-06-25,Manisa,Şehzadeler,Türkiye,269.73,43
3277,225,Saydam Feza Sezer,saydam.feza.sezer225@example.com,+905975001701,2025-01-23,2026-06-28,Eskişehir,Odunpazarı,Türkiye,255.16,46
3278,423,Nalân Güverçin Şama,naln.guvercin.sama423@example.com,+905038457620,2024-01-02,2025-02-06,Erzurum,Yakutiye,Türkiye,338.27,61
3279,476,Fenni Atatöre İnönü Aksu,fenni.atatore.inonu.aksu476@example.com,+905940792904,2021-10-24,2026-04-28,Manisa,Şehzadeler,Türkiye,321.69,57
3280,148,Taçnur Gülen Yüksel,tacnur.gulen.yuksel148@example.com,+905339500479,2022-04-13,2025-04-18,Trabzon,Ortahisar,Türkiye,360.74,61
3281,383,Elvan Çisem Yorulmaz Zengin,elvan.cisem.yorulmaz.zengin383@example.com,+905492164334,2023-06-19,2026-06-15,İzmir,Konak,Türkiye,279.79,58
3282,302,Mishat Buyrukhan Sezer Hançer,mishat.buyrukhan.sezer.hancer302@example.com,+905173934835,2022-01-02,2025-05-15,Kayseri,Melikgazi,Türkiye,219.02,44
3283,294,Arıel Güçlü,ariel.guclu294@example.com,+905250074329,2021-08-30,2025-11-02,Şanlıurfa,Eyyübiye,Türkiye,196.16,28
3284,269,Dr. Asiman Şener Tevetoğlu,dr.asiman.sener.tevetoglu269@example.com,+905443106987,2025-02-01,2025-04-22,Erzurum,Yakutiye,Türkiye,125.66,21
3285,499,Bayan Nürice Arsoy Eraslan,bayan.nurice.arsoy.eraslan499@example.com,+905902196207,2025-06-30,2026-05-10,Diyarbakır,Kayapınar,Türkiye,79.66,18
3286,80,Sittik Nevsal Zorlu,sittik.nevsal.zorlu80@example.com,+905743671369,2023-12-08,2026-05-28,Denizli,Pamukkale,Türkiye,304.51,54
3287,486,Öğr. Şöhret Yılmaz Akçay,ogr.sohret.yilmaz.akcay486@example.com,+905471746542,2021-07-28,2025-07-30,Adana,Çukurova,Türkiye,131.47,22
3288,348,Atiyye Sezer,atiyye.sezer348@example.com,+905723184322,2025-01-24,2026-05-12,Malatya,Yeşilyurt,Türkiye,271.83,41
3289,375,Dr. Dilşat Âlemşah Gül,dr.dilsat.lemsah.gul375@example.com,+905143866322,2023-04-19,2025-07-17,Antalya,Muratpaşa,Türkiye,373.36,69
3290,139,Seçgül Dumanlı,secgul.dumanli139@example.com,+905911467866,2022-09-22,2025-07-21,Erzurum,Yakutiye,Türkiye,83.7,22
3291,186,Enes Yaman,enes.yaman186@example.com,+905854777252,2025-03-01,2026-04-04,Gaziantep,Şehitkamil,Türkiye,387.52,64
3292,387,Bişar Ülker,bisar.ulker387@example.com,+905807740649,2024-08-26,2025-12-14,Kayseri,Kocasinan,Türkiye,349.84,68
3293,416,Merzuk Adlan Ertaş,merzuk.adlan.ertas416@example.com,+905898331465,2022-02-09,2026-01-06,Trabzon,Ortahisar,Türkiye,282.02,54
3294,459,Gülay Günar Şama,gulay.gunar.sama459@example.com,+905453817921,2022-01-12,2025-12-05,Diyarbakır,Kayapınar,Türkiye,228.16,47
3295,438,Tanyolaç Tevetoğlu,tanyolac.tevetoglu438@example.com,+905447421230,2022-06-16,2025-11-03,Ankara,Keçiören,Türkiye,370.97,66
3296,378,Ruhugül Gül Sakarya,ruhugul.gul.sakarya378@example.com,+905061593998,2024-12-20,2025-09-10,Mersin,Toroslar,Türkiye,324.19,67
3297,395,Av. Beyda Durdu,av.beyda.durdu395@example.com,+905313650249,2025-04-11,2025-12-09,Samsun,İlkadım,Türkiye,404.72,43
3298,375,Dr. Dilşat Âlemşah Gül,dr.dilsat.lemsah.gul375@example.com,+905143866322,2023-04-19,2026-05-01,Antalya,Muratpaşa,Türkiye,382.06,69
3299,7,Öğr. Seniha İnsaf Aslan,ogr.seniha.insaf.aslan7@example.com,+905056413953,2022-04-10,2026-06-03,Ankara,Çankaya,Türkiye,313.66,49
3300,60,Çev. Tüzeer Nurullah Bilir,cev.tuzeer.nurullah.bilir60@example.com,+905999386774,2022-08-25,2025-03-09,Bursa,Osmangazi,Türkiye,234.03,45
3301,326,Müferrih Ruhugül Akçay,muferrih.ruhugul.akcay326@example.com,+905259094798,2023-12-10,2025-11-19,Antalya,Muratpaşa,Türkiye,325.38,22
3302,451,Şefiye Bilge,sefiye.bilge451@example.com,+905291450461,2023-03-01,2026-05-25,Adana,Çukurova,Türkiye,358.26,74
3303,405,Günebakan İnönü,gunebakan.inonu405@example.com,+905381138633,2022-12-31,2025-05-26,Kayseri,Melikgazi,Türkiye,322.3,60
3304,266,Dr. Selime İnönü Yorulmaz,dr.selime.inonu.yorulmaz266@example.com,+905179327104,2025-11-01,2026-04-05,Erzurum,Yakutiye,Türkiye,156.82,38
3305,123,Barışcan Akgündüz,bariscan.akgunduz123@example.com,+905152204727,2023-06-08,2026-06-21,İstanbul,Üsküdar,Türkiye,298.77,57
3306,362,Havse İncifir Hayrioğlu Yıldırım,havse.incifir.hayrioglu.yildirim362@example.com,+905770384309,2023-02-01,2025-09-22,Ankara,Çankaya,Türkiye,325.22,51
3307,351,Zinnure Neval Yorulmaz Gülen,zinnure.neval.yorulmaz.gulen351@example.com,+905990413797,2023-04-01,2025-03-12,Adana,Çukurova,Türkiye,144.33,28
3308,283,Okt. Müsemma Durmuş İnönü,okt.musemma.durmus.inonu283@example.com,+905357972798,2023-12-27,2026-04-18,Bursa,Nilüfer,Türkiye,228.89,40
3309,40,Uz. Servinaz Adila Gül,uz.servinaz.adila.gul40@example.com,+905798687277,2024-06-30,2025-09-05,Malatya,Yeşilyurt,Türkiye,317.82,66
3310,397,Aydinç Korutürk,aydinc.koruturk397@example.com,+905528127358,2022-05-02,2026-05-28,Ankara,Çankaya,Türkiye,339.13,66
3311,208,Hürdoğan Sezgin,hurdogan.sezgin208@example.com,+905507146112,2023-12-30,2025-08-31,Malatya,Yeşilyurt,Türkiye,190.91,37
3312,317,İnançlı Ülker,inancli.ulker317@example.com,+905869782922,2025-05-14,2025-08-09,İstanbul,Kadıköy,Türkiye,261.35,42
3313,120,Belgizar Öcalan,belgizar.ocalan120@example.com,+905746886239,2025-03-04,2025-09-20,Samsun,Atakum,Türkiye,384.66,73
3314,314,Gülmisal Nurveren Akdeniz,gulmisal.nurveren.akdeniz314@example.com,+905571130554,2022-11-17,2026-03-31,Manisa,Şehzadeler,Türkiye,294.36,51
3315,491,Dr. Dilcan Ticen Tevetoğlu Duran,dr.dilcan.ticen.tevetoglu.duran491@example.com,+905460158517,2021-09-07,2025-06-30,Samsun,Atakum,Türkiye,358.63,67
3316,249,Sehel Edaviye Ertaş,sehel.edaviye.ertas249@example.com,+905411249035,2025-02-12,2025-07-21,Kayseri,Kocasinan,Türkiye,289.38,23
3317,151,Özakan Mazlum Bilgin Akçay,ozakan.mazlum.bilgin.akcay151@example.com,+905239868000,2025-03-07,2026-01-20,Eskişehir,Tepebaşı,Türkiye,326.61,63
3318,151,Özakan Mazlum Bilgin Akçay,ozakan.mazlum.bilgin.akcay151@example.com,+905239868000,2025-03-07,2026-02-11,Eskişehir,Tepebaşı,Türkiye,322.22,63
3319,207,Gülbeyan Soylu,gulbeyan.soylu207@example.com,+905888993756,2023-05-09,2026-03-23,Mersin,Yenişehir,Türkiye,386.96,67
3320,387,Bişar Ülker,bisar.ulker387@example.com,+905807740649,2024-08-26,2026-06-19,Kayseri,Kocasinan,Türkiye,381.57,68
3321,147,Yekda Sezer,yekda.sezer147@example.com,+905953278774,2023-02-28,2025-07-05,Adana,Çukurova,Türkiye,99.96,19
3322,147,Yekda Sezer,yekda.sezer147@example.com,+905953278774,2023-02-28,2025-04-11,Adana,Çukurova,Türkiye,94.3,19
3323,163,Fayize Demirel Bilir,fayize.demirel.bilir163@example.com,+905620672400,2024-04-10,2025-04-12,Ankara,Çankaya,Türkiye,310.64,54
3324,93,Öğr. İvecen Duran,ogr.ivecen.duran93@example.com,+905700766177,2025-07-15,2026-03-08,Malatya,Yeşilyurt,Türkiye,379.86,75
3325,198,Akyıldız Akdeniz,akyildiz.akdeniz198@example.com,+905101581995,2023-10-16,2026-06-13,Malatya,Yeşilyurt,Türkiye,69.27,18
3326,500,Hüsmen Çetin,husmen.cetin500@example.com,+905946723248,2023-06-04,2026-06-13,İzmir,Karşıyaka,Türkiye,219.22,44
3327,40,Uz. Servinaz Adila Gül,uz.servinaz.adila.gul40@example.com,+905798687277,2024-06-30,2025-06-19,Malatya,Yeşilyurt,Türkiye,322.88,66
3328,302,Mishat Buyrukhan Sezer Hançer,mishat.buyrukhan.sezer.hancer302@example.com,+905173934835,2022-01-02,2025-08-29,Kayseri,Melikgazi,Türkiye,221.17,44
3329,165,Zeyno Ertaş,zeyno.ertas165@example.com,+905205493296,2023-07-21,2026-04-13,Diyarbakır,Kayapınar,Türkiye,277.99,50
3330,297,Miyesser Şener Demirel,miyesser.sener.demirel297@example.com,+905104478985,2023-07-08,2026-03-11,Kayseri,Melikgazi,Türkiye,447.4,74
3331,282,Av. Faize Dumanlı Duran,av.faize.dumanli.duran282@example.com,+905307053457,2023-02-12,2025-10-10,Konya,Selçuklu,Türkiye,272.5,43
3332,258,Dr. Sirap Ergül Seven,dr.sirap.ergul.seven258@example.com,+905965223955,2022-08-19,2025-03-20,Ankara,Çankaya,Türkiye,255.02,19
3333,232,Binışık Bilgütay Sezgin,binisik.bilgutay.sezgin232@example.com,+905389836403,2023-03-05,2025-12-29,İstanbul,Üsküdar,Türkiye,199.39,42
3334,410,Çıvgın Yaman,civgin.yaman410@example.com,+905522459334,2024-04-06,2025-03-08,Ankara,Keçiören,Türkiye,157.95,23
3335,41,Tomurcuk İnönü,tomurcuk.inonu41@example.com,+905347143455,2022-12-02,2025-11-23,Mersin,Toroslar,Türkiye,126.3,23
3336,302,Mishat Buyrukhan Sezer Hançer,mishat.buyrukhan.sezer.hancer302@example.com,+905173934835,2022-01-02,2025-06-10,Kayseri,Melikgazi,Türkiye,236.15,44
3337,57,Yrd. Doç. Duruk Abdülahat Erdoğan,yrd.doc.duruk.abdulahat.erdogan57@example.com,+905435240824,2025-09-10,2025-10-30,Bursa,Nilüfer,Türkiye,124.42,21
3338,426,Necva Fadıla Yüksel Sakarya,necva.fadila.yuksel.sakarya426@example.com,+905329832482,2023-07-16,2025-11-19,Erzurum,Yakutiye,Türkiye,357.32,67
3339,372,İlper Durmuş,ilper.durmus372@example.com,+905856271875,2022-01-31,2026-05-10,Erzurum,Yakutiye,Türkiye,109.87,18
3340,453,Hiçsönmez Hançer,hicsonmez.hancer453@example.com,+905357845218,2022-02-26,2025-02-15,Şanlıurfa,Eyyübiye,Türkiye,130.33,26
3341,404,Öğr. Şemsinisa Selime Seven,ogr.semsinisa.selime.seven404@example.com,+905058650948,2025-09-20,2026-03-03,İzmir,Bornova,Türkiye,329.96,64
3342,20,Tınal Aslan,tinal.aslan20@example.com,+905872343098,2025-08-10,2025-11-06,Kayseri,Kocasinan,Türkiye,375.01,65
3343,6,Yağızkurt Şensoy,yagizkurt.sensoy6@example.com,+905928327648,2024-09-19,2025-01-07,Mersin,Yenişehir,Türkiye,299.83,61
3344,485,Çerçi Demirel,cerci.demirel485@example.com,+905391119269,2024-11-29,2026-05-21,Ankara,Yenimahalle,Türkiye,440.03,75
3345,471,Öğr. Lezize Nursim Zorlu Fırat,ogr.lezize.nursim.zorlu.firat471@example.com,+905267969278,2023-07-28,2026-03-31,Antalya,Muratpaşa,Türkiye,489.25,53
3346,190,Över İlalmış Aksu Hançer,over.ilalmis.aksu.hancer190@example.com,+905546156793,2022-01-15,2026-05-30,Malatya,Yeşilyurt,Türkiye,152.62,32
3347,133,Okt. Rahiye Mehdiye Durmuş,okt.rahiye.mehdiye.durmus133@example.com,+905401658202,2022-07-17,2026-02-25,Samsun,Atakum,Türkiye,509.53,61
3348,365,Prof. Nevsale Uğur Zengin Sakarya,prof.nevsale.ugur.zengin.sakarya365@example.com,+905904268181,2023-02-16,2025-11-04,Diyarbakır,Kayapınar,Türkiye,191.99,36
3349,155,Av. Zülbiye Semat Akçay,av.zulbiye.semat.akcay155@example.com,+905230913075,2023-08-08,2025-11-03,Manisa,Şehzadeler,Türkiye,200.27,27
3350,79,Çakırca Gücal Yorulmaz,cakirca.gucal.yorulmaz79@example.com,+905740748217,2024-01-05,2025-12-23,Diyarbakır,Kayapınar,Türkiye,299.86,55
3351,295,Naide Mansız,naide.mansiz295@example.com,+905966667600,2022-12-15,2026-01-14,İzmir,Konak,Türkiye,346.01,30
3352,322,Tekecan Sakarya,tekecan.sakarya322@example.com,+905805719838,2023-10-08,2025-03-14,Kayseri,Melikgazi,Türkiye,202.28,33
3353,413,Uz. Kavurt Duran,uz.kavurt.duran413@example.com,+905805892583,2025-02-02,2025-08-08,Ankara,Keçiören,Türkiye,117.3,21
3354,188,Nafii Sezer,nafii.sezer188@example.com,+905509977008,2022-11-09,2025-10-07,Malatya,Yeşilyurt,Türkiye,232.23,44
3355,134,Dalkılıç Seven,dalkilic.seven134@example.com,+905135569092,2022-02-21,2025-01-13,Ankara,Çankaya,Türkiye,289.21,46
3356,454,Elifnur Tevetoğlu Demirel,elifnur.tevetoglu.demirel454@example.com,+905681040915,2023-05-01,2025-09-06,Ankara,Keçiören,Türkiye,398.87,74
3357,354,Heva Yaman,heva.yaman354@example.com,+905881172980,2021-08-09,2025-10-25,Manisa,Şehzadeler,Türkiye,354.75,61
3358,225,Saydam Feza Sezer,saydam.feza.sezer225@example.com,+905975001701,2025-01-23,2026-05-02,Eskişehir,Odunpazarı,Türkiye,273.41,46
3359,20,Tınal Aslan,tinal.aslan20@example.com,+905872343098,2025-08-10,2026-01-11,Kayseri,Kocasinan,Türkiye,332.59,65
3360,107,Sancak Türk,sancak.turk107@example.com,+905516136968,2025-07-04,2026-02-09,Manisa,Şehzadeler,Türkiye,421.66,43
3361,372,İlper Durmuş,ilper.durmus372@example.com,+905856271875,2022-01-31,2026-01-21,Erzurum,Yakutiye,Türkiye,81.19,18
3362,410,Çıvgın Yaman,civgin.yaman410@example.com,+905522459334,2024-04-06,2025-02-25,Ankara,Keçiören,Türkiye,159.28,23
3363,190,Över İlalmış Aksu Hançer,over.ilalmis.aksu.hancer190@example.com,+905546156793,2022-01-15,2025-04-12,Malatya,Yeşilyurt,Türkiye,159.28,32
3364,148,Taçnur Gülen Yüksel,tacnur.gulen.yuksel148@example.com,+905339500479,2022-04-13,2025-07-17,Trabzon,Ortahisar,Türkiye,377.27,61
3365,24,Dr. Günkurt Şanlı Öcalan,dr.gunkurt.sanli.ocalan24@example.com,+905183842513,2023-11-17,2025-02-16,Manisa,Şehzadeler,Türkiye,178.79,36
3366,143,Dr. Gönen Ebuakil Sezgin,dr.gonen.ebuakil.sezgin143@example.com,+905900109439,2023-08-12,2025-05-06,Manisa,Şehzadeler,Türkiye,331.46,57
3367,225,Saydam Feza Sezer,saydam.feza.sezer225@example.com,+905975001701,2025-01-23,2025-11-05,Eskişehir,Odunpazarı,Türkiye,308.82,46
3368,451,Şefiye Bilge,sefiye.bilge451@example.com,+905291450461,2023-03-01,2026-04-11,Adana,Çukurova,Türkiye,394.36,74
3369,352,Gülev Demir,gulev.demir352@example.com,+905929842579,2022-08-21,2026-05-24,Denizli,Pamukkale,Türkiye,99.42,22
3370,386,Nefaret Cuheyna Durdu,nefaret.cuheyna.durdu386@example.com,+905456424008,2021-09-12,2025-12-18,İzmir,Bornova,Türkiye,365.55,72
3371,459,Gülay Günar Şama,gulay.gunar.sama459@example.com,+905453817921,2022-01-12,2025-08-13,Diyarbakır,Kayapınar,Türkiye,226.46,47
3372,37,Uraltay Gül,uraltay.gul37@example.com,+905489513433,2025-02-14,2026-01-17,Adana,Seyhan,Türkiye,86.24,19
3373,321,Gürcüye Gülev Mansız Eraslan,gurcuye.gulev.mansiz.eraslan321@example.com,+905620034244,2025-02-16,2026-01-31,Bursa,Nilüfer,Türkiye,374.27,71
3374,380,Nurdeniz Manço,nurdeniz.manco380@example.com,+905125355449,2022-05-02,2025-01-30,Trabzon,Ortahisar,Türkiye,209.54,43
3375,6,Yağızkurt Şensoy,yagizkurt.sensoy6@example.com,+905928327648,2024-09-19,2025-08-06,Mersin,Yenişehir,Türkiye,297.02,61
3376,409,Giz Akça,giz.akca409@example.com,+905433504888,2022-10-01,2026-02-08,Kayseri,Melikgazi,Türkiye,274.12,54
3377,202,Öğr. Seblâ Alemdar Gül,ogr.sebl.alemdar.gul202@example.com,+905459375265,2024-04-25,2025-05-29,Manisa,Şehzadeler,Türkiye,375.79,65
3378,283,Okt. Müsemma Durmuş İnönü,okt.musemma.durmus.inonu283@example.com,+905357972798,2023-12-27,2025-09-25,Bursa,Nilüfer,Türkiye,195.34,40
3379,44,Karaer İnönü,karaer.inonu44@example.com,+905734670656,2021-11-20,2025-08-02,Manisa,Şehzadeler,Türkiye,365.11,28
3380,473,Ayülker Şensoy,ayulker.sensoy473@example.com,+905009751971,2025-02-25,2026-02-01,Van,İpekyolu,Türkiye,534.58,64
3381,476,Fenni Atatöre İnönü Aksu,fenni.atatore.inonu.aksu476@example.com,+905940792904,2021-10-24,2025-05-09,Manisa,Şehzadeler,Türkiye,271.27,57
3382,394,Necva Yılmaz,necva.yilmaz394@example.com,+905645208814,2023-04-02,2025-03-22,Konya,Meram,Türkiye,307.5,58
3383,217,Doç. Zümre Münezzer Ergül,doc.zumre.munezzer.ergul217@example.com,+905219034043,2022-12-07,2025-05-10,Diyarbakır,Kayapınar,Türkiye,162.35,36
3384,320,Hanbiken Şemsinisa Sezgin,hanbiken.semsinisa.sezgin320@example.com,+905158799684,2023-07-31,2026-02-23,Adana,Çukurova,Türkiye,371.47,69
3385,328,Yurtseven Tule Çamurcuoğlu Aslan,yurtseven.tule.camurcuoglu.aslan328@example.com,+905554398780,2025-04-22,2025-06-16,Konya,Meram,Türkiye,337.84,60
3386,103,Elvan Şener,elvan.sener103@example.com,+905815614978,2022-03-17,2025-09-30,Mersin,Yenişehir,Türkiye,198.05,37
3387,17,Prof. Ferzi Asım Akdeniz,prof.ferzi.asim.akdeniz17@example.com,+905010651333,2022-12-10,2026-01-11,Denizli,Pamukkale,Türkiye,240.09,46
3388,92,Behiza Hezniye Arsoy Arslan,behiza.hezniye.arsoy.arslan92@example.com,+905177589178,2024-09-15,2025-08-16,Denizli,Pamukkale,Türkiye,292.71,57
3389,289,Okyalaz Türk,okyalaz.turk289@example.com,+905466609935,2021-11-16,2026-04-07,Şanlıurfa,Eyyübiye,Türkiye,339.64,63
3390,91,Emine. İhsanoğlu,emine.ihsanoglu91@example.com,+905020539502,2024-06-17,2026-05-07,Adana,Seyhan,Türkiye,131.41,21
3391,428,Yrd. Doç. Birgit İnönü,yrd.doc.birgit.inonu428@example.com,+905474231220,2021-09-03,2025-07-06,Denizli,Pamukkale,Türkiye,301.89,57
3392,392,Asiman Akçay,asiman.akcay392@example.com,+905051204618,2023-04-25,2025-10-26,Samsun,Atakum,Türkiye,164.13,29
3393,375,Dr. Dilşat Âlemşah Gül,dr.dilsat.lemsah.gul375@example.com,+905143866322,2023-04-19,2026-02-05,Antalya,Muratpaşa,Türkiye,348.51,69
3394,376,Melihcan Dumanlı,melihcan.dumanli376@example.com,+905288574489,2025-09-06,2026-03-16,Denizli,Pamukkale,Türkiye,199.28,43
3395,170,Arş. Gör. Zöhrehan Şefiye Akçay,ars.gor.zohrehan.sefiye.akcay170@example.com,+905088398225,2023-01-12,2026-05-29,Van,İpekyolu,Türkiye,223.77,46
3396,385,Safinaz Ayçan Arslan Tevetoğlu,safinaz.aycan.arslan.tevetoglu385@example.com,+905997968845,2023-04-01,2025-11-07,Erzurum,Yakutiye,Türkiye,260.89,52
3397,141,Dr. Atgun Arslan,dr.atgun.arslan141@example.com,+905824225358,2024-05-10,2025-11-29,Ankara,Çankaya,Türkiye,381.25,72
3398,116,Kaygusuz Akver Akdeniz Güçlü,kaygusuz.akver.akdeniz.guclu116@example.com,+905486528168,2023-12-02,2026-01-30,Antalya,Muratpaşa,Türkiye,125.54,19
3399,442,Arş. Gör. Fatinur Yorulmaz Dumanlı,ars.gor.fatinur.yorulmaz.dumanli442@example.com,+905795014556,2025-07-27,2026-05-19,Manisa,Şehzadeler,Türkiye,417.9,66
3400,232,Binışık Bilgütay Sezgin,binisik.bilgutay.sezgin232@example.com,+905389836403,2023-03-05,2025-07-05,İstanbul,Üsküdar,Türkiye,241.47,42
3401,446,Öğr. Yazgül Yasemen Mansız Aksu,ogr.yazgul.yasemen.mansiz.aksu446@example.com,+905107139660,2024-01-29,2025-11-02,Konya,Selçuklu,Türkiye,259.94,40
3402,256,Öğr. Rafih Şensoy,ogr.rafih.sensoy256@example.com,+905598564205,2022-08-08,2025-08-02,Şanlıurfa,Eyyübiye,Türkiye,171.76,32
3403,266,Dr. Selime İnönü Yorulmaz,dr.selime.inonu.yorulmaz266@example.com,+905179327104,2025-11-01,2026-06-26,Erzurum,Yakutiye,Türkiye,190.61,38
3404,49,Atilhan Gül,atilhan.gul49@example.com,+905631931491,2022-10-10,2025-03-19,Kayseri,Kocasinan,Türkiye,364.45,68
3405,467,Okt. Havse Selvi Mansız,okt.havse.selvi.mansiz467@example.com,+905946519098,2023-09-07,2026-05-01,Eskişehir,Tepebaşı,Türkiye,406.31,72
3406,420,Av. Nevsale Birsan Şafak Akdeniz,av.nevsale.birsan.safak.akdeniz420@example.com,+905920698042,2025-08-11,2026-01-28,Mersin,Toroslar,Türkiye,185.55,36
3407,362,Havse İncifir Hayrioğlu Yıldırım,havse.incifir.hayrioglu.yildirim362@example.com,+905770384309,2023-02-01,2025-08-04,Ankara,Çankaya,Türkiye,326.84,51
3408,393,Mevlüdiye Çamurcuoğlu,mevludiye.camurcuoglu393@example.com,+905013673037,2021-10-29,2025-10-24,Mersin,Toroslar,Türkiye,376.06,67
3409,290,Onuker Zengin,onuker.zengin290@example.com,+905584282417,2025-03-25,2026-05-03,Erzurum,Yakutiye,Türkiye,339.2,65
3410,419,Kutay Afer Hayrioğlu Aksu,kutay.afer.hayrioglu.aksu419@example.com,+905514770538,2024-10-05,2026-02-25,Kayseri,Melikgazi,Türkiye,184.69,31
3411,425,Ruhsat Oymak Akar Akçay,ruhsat.oymak.akar.akcay425@example.com,+905689363926,2024-03-13,2025-02-01,Antalya,Muratpaşa,Türkiye,308.55,56
3412,443,Ürfettin Şabettin Şama Demirel,urfettin.sabettin.sama.demirel443@example.com,+905472145868,2024-10-09,2025-08-22,Erzurum,Yakutiye,Türkiye,331.94,62
3413,358,Eyyüp Akdeniz,eyyup.akdeniz358@example.com,+905959463688,2023-03-30,2025-10-12,Mersin,Toroslar,Türkiye,212.44,29
3414,318,Kâzime Yılmaz Durdu,kzime.yilmaz.durdu318@example.com,+905866934654,2023-05-30,2026-06-10,Manisa,Şehzadeler,Türkiye,378.33,69
3415,444,Onursu Şensoy,onursu.sensoy444@example.com,+905981794695,2024-06-29,2026-05-14,Ankara,Çankaya,Türkiye,338.16,51
3416,165,Zeyno Ertaş,zeyno.ertas165@example.com,+905205493296,2023-07-21,2025-08-10,Diyarbakır,Kayapınar,Türkiye,258.32,50
3417,264,Vacibe Alemdar Yılmaz,vacibe.alemdar.yilmaz264@example.com,+905513552157,2025-11-19,2026-03-07,Şanlıurfa,Eyyübiye,Türkiye,158.05,34
3418,409,Giz Akça,giz.akca409@example.com,+905433504888,2022-10-01,2026-03-05,Kayseri,Melikgazi,Türkiye,271.36,54
3419,83,Öğr. Baydu Serda Yüksel,ogr.baydu.serda.yuksel83@example.com,+905328588424,2023-04-01,2026-06-28,Denizli,Pamukkale,Türkiye,390.14,69
3420,105,Arş. Gör. Salimet Övün Yılmaz Demir,ars.gor.salimet.ovun.yilmaz.demir105@example.com,+905683885160,2023-07-03,2025-12-24,Adana,Seyhan,Türkiye,133.03,19
3421,77,Uz. Gülev Arslan Bilir,uz.gulev.arslan.bilir77@example.com,+905724005045,2023-11-06,2025-09-05,Bursa,Nilüfer,Türkiye,212.87,45
3422,61,Yigit İhsanoğlu,yigit.ihsanoglu61@example.com,+905913341232,2022-11-08,2025-11-07,Manisa,Şehzadeler,Türkiye,56.84,22
3423,46,Sümeyye Hayrioğlu,sumeyye.hayrioglu46@example.com,+905556464170,2021-09-30,2025-02-17,Konya,Meram,Türkiye,269.62,52
3424,111,Dr. Ağakişi Hükümdar Öcalan,dr.agakisi.hukumdar.ocalan111@example.com,+905581477005,2024-05-04,2025-03-09,Van,İpekyolu,Türkiye,151.02,22
3425,80,Sittik Nevsal Zorlu,sittik.nevsal.zorlu80@example.com,+905743671369,2023-12-08,2026-06-09,Denizli,Pamukkale,Türkiye,271.53,54
3426,426,Necva Fadıla Yüksel Sakarya,necva.fadila.yuksel.sakarya426@example.com,+905329832482,2023-07-16,2025-10-08,Erzurum,Yakutiye,Türkiye,370.76,67
3427,195,Özpınar Selâtin Çetin Türk,ozpinar.seltin.cetin.turk195@example.com,+905504773586,2023-07-12,2026-06-29,Manisa,Şehzadeler,Türkiye,182.17,29
3428,276,Öğr. Heva Ertaş Durmuş,ogr.heva.ertas.durmus276@example.com,+905870998616,2025-02-09,2025-12-02,Eskişehir,Tepebaşı,Türkiye,153.65,27
3429,379,Salimet Hayrioğlu,salimet.hayrioglu379@example.com,+905716947225,2023-08-02,2026-04-05,Eskişehir,Tepebaşı,Türkiye,353.39,58
3430,165,Zeyno Ertaş,zeyno.ertas165@example.com,+905205493296,2023-07-21,2026-01-11,Diyarbakır,Kayapınar,Türkiye,272.36,50
3431,212,Öğr. Çilga Hazine Sezer,ogr.cilga.hazine.sezer212@example.com,+905918255371,2024-06-23,2025-04-02,Mersin,Yenişehir,Türkiye,505.51,60
3432,379,Salimet Hayrioğlu,salimet.hayrioglu379@example.com,+905716947225,2023-08-02,2025-01-29,Eskişehir,Tepebaşı,Türkiye,324.79,58
3433,178,Nurmelek Hayrioğlu,nurmelek.hayrioglu178@example.com,+905995342836,2024-04-06,2026-06-14,Van,İpekyolu,Türkiye,156.44,35
3434,147,Yekda Sezer,yekda.sezer147@example.com,+905953278774,2023-02-28,2026-05-23,Adana,Çukurova,Türkiye,87.27,19
3435,250,Rahiye Kumral Zorlu,rahiye.kumral.zorlu250@example.com,+905804420678,2021-10-02,2026-04-22,Samsun,Atakum,Türkiye,307.41,53
3436,390,Av. Övün Şilan Tarhan,av.ovun.silan.tarhan390@example.com,+905973502080,2024-11-27,2025-06-06,Diyarbakır,Kayapınar,Türkiye,124.08,24
3437,18,Av. Azettin Kavurt Aslan,av.azettin.kavurt.aslan18@example.com,+905731781080,2025-06-04,2025-10-14,Adana,Çukurova,Türkiye,534.18,66
3438,27,Dirlik Çamurcuoğlu,dirlik.camurcuoglu27@example.com,+905052427868,2025-11-23,2025-12-17,Mersin,Yenişehir,Türkiye,143.06,25
3439,156,Doç. Nerim Dumanlı,doc.nerim.dumanli156@example.com,+905897028385,2022-03-27,2025-09-13,Konya,Meram,Türkiye,301.92,48
3440,435,Türknur Beray Hançer Ertaş,turknur.beray.hancer.ertas435@example.com,+905298266570,2024-12-11,2026-05-30,Malatya,Yeşilyurt,Türkiye,310.65,47
3441,499,Bayan Nürice Arsoy Eraslan,bayan.nurice.arsoy.eraslan499@example.com,+905902196207,2025-06-30,2025-12-30,Diyarbakır,Kayapınar,Türkiye,120.58,18
3442,209,Narhanim Aslan,narhanim.aslan209@example.com,+905571775140,2021-12-18,2025-08-26,Konya,Meram,Türkiye,121.9,25
3443,147,Yekda Sezer,yekda.sezer147@example.com,+905953278774,2023-02-28,2026-02-14,Adana,Çukurova,Türkiye,113.1,19
3444,188,Nafii Sezer,nafii.sezer188@example.com,+905509977008,2022-11-09,2025-03-01,Malatya,Yeşilyurt,Türkiye,215.16,44
3445,296,Bezek Akdeniz Şama,bezek.akdeniz.sama296@example.com,+905830033542,2025-05-16,2026-04-01,İstanbul,Üsküdar,Türkiye,272.88,42
3446,136,Rayla Zülbiye Karadeniz,rayla.zulbiye.karadeniz136@example.com,+905814473947,2024-10-29,2026-04-25,Şanlıurfa,Eyyübiye,Türkiye,124.33,25
3447,434,Kâzime İslime Yorulmaz,kzime.islime.yorulmaz434@example.com,+905726490827,2022-04-29,2025-01-16,Kayseri,Kocasinan,Türkiye,239.07,46
3448,117,Öğr. İdiris Münif Ergül,ogr.idiris.munif.ergul117@example.com,+905573322141,2023-02-07,2025-12-27,Adana,Seyhan,Türkiye,412.1,67
3449,328,Yurtseven Tule Çamurcuoğlu Aslan,yurtseven.tule.camurcuoglu.aslan328@example.com,+905554398780,2025-04-22,2025-07-27,Konya,Meram,Türkiye,296.81,60
3450,388,Öğr. Deryanur Ergül Akdeniz,ogr.deryanur.ergul.akdeniz388@example.com,+905686632663,2024-06-22,2025-01-18,Samsun,İlkadım,Türkiye,159.74,23
3451,67,Erdursun Dalkılıç Akar Duran,erdursun.dalkilic.akar.duran67@example.com,+905567468071,2024-03-08,2026-02-27,Bursa,Nilüfer,Türkiye,161.65,34
3452,496,Recepali Arsoy,recepali.arsoy496@example.com,+905204179291,2025-05-09,2025-08-10,Antalya,Muratpaşa,Türkiye,143.65,25
3453,179,Muvaffak Hayrioğlu,muvaffak.hayrioglu179@example.com,+905687056856,2023-08-29,2026-04-27,Van,İpekyolu,Türkiye,152.09,27
3454,57,Yrd. Doç. Duruk Abdülahat Erdoğan,yrd.doc.duruk.abdulahat.erdogan57@example.com,+905435240824,2025-09-10,2025-12-04,Bursa,Nilüfer,Türkiye,123.73,21
3455,302,Mishat Buyrukhan Sezer Hançer,mishat.buyrukhan.sezer.hancer302@example.com,+905173934835,2022-01-02,2025-02-23,Kayseri,Melikgazi,Türkiye,218.48,44
3456,153,Mücellib Bektaşi Sezgin Ertaş,mucellib.bektasi.sezgin.ertas153@example.com,+905888794705,2024-02-03,2026-02-02,Van,İpekyolu,Türkiye,299.17,61
3457,213,Dr. Tanses Dumanlı Çetin,dr.tanses.dumanli.cetin213@example.com,+905969691557,2022-06-27,2025-02-01,Malatya,Yeşilyurt,Türkiye,345.47,29
3458,92,Behiza Hezniye Arsoy Arslan,behiza.hezniye.arsoy.arslan92@example.com,+905177589178,2024-09-15,2026-04-19,Denizli,Pamukkale,Türkiye,281.29,57
3459,372,İlper Durmuş,ilper.durmus372@example.com,+905856271875,2022-01-31,2026-06-27,Erzurum,Yakutiye,Türkiye,83.82,18
3460,471,Öğr. Lezize Nursim Zorlu Fırat,ogr.lezize.nursim.zorlu.firat471@example.com,+905267969278,2023-07-28,2026-05-31,Antalya,Muratpaşa,Türkiye,479.79,53
3461,200,Sevim Fayize Şafak Akçay,sevim.fayize.safak.akcay200@example.com,+905646471543,2021-11-27,2025-04-14,İzmir,Konak,Türkiye,340.51,58
3462,327,Bekbay Çetin,bekbay.cetin327@example.com,+905281826886,2025-06-07,2025-08-27,Eskişehir,Odunpazarı,Türkiye,208.8,40
3463,273,Mürit Baturay Şensoy Karadeniz,murit.baturay.sensoy.karadeniz273@example.com,+905806868793,2023-04-12,2026-03-10,Denizli,Pamukkale,Türkiye,206.02,37
3464,27,Dirlik Çamurcuoğlu,dirlik.camurcuoglu27@example.com,+905052427868,2025-11-23,2026-03-28,Mersin,Yenişehir,Türkiye,90.88,25
3465,315,Dr. Havali Kısakürek Durdu,dr.havali.kisakurek.durdu315@example.com,+905272614933,2025-04-09,2026-02-24,Bursa,Nilüfer,Türkiye,425.43,72
3466,435,Türknur Beray Hançer Ertaş,turknur.beray.hancer.ertas435@example.com,+905298266570,2024-12-11,2025-10-23,Malatya,Yeşilyurt,Türkiye,326.6,47
3467,225,Saydam Feza Sezer,saydam.feza.sezer225@example.com,+905975001701,2025-01-23,2025-11-15,Eskişehir,Odunpazarı,Türkiye,273.97,46
3468,417,Gözel Durdu,gozel.durdu417@example.com,+905553559042,2023-12-27,2026-03-27,Denizli,Pamukkale,Türkiye,490.13,57
3469,498,Kibar Bilge,kibar.bilge498@example.com,+905925114262,2022-01-16,2026-01-05,Konya,Selçuklu,Türkiye,261.47,41
3470,402,Prof. Tartış Yorulmaz,prof.tartis.yorulmaz402@example.com,+905022031731,2025-10-08,2026-01-07,Malatya,Yeşilyurt,Türkiye,328.53,54
3471,198,Akyıldız Akdeniz,akyildiz.akdeniz198@example.com,+905101581995,2023-10-16,2026-01-17,Malatya,Yeşilyurt,Türkiye,62.42,18
3472,250,Rahiye Kumral Zorlu,rahiye.kumral.zorlu250@example.com,+905804420678,2021-10-02,2025-07-07,Samsun,Atakum,Türkiye,285.76,53
3473,131,Minibe Ülker,minibe.ulker131@example.com,+905584161692,2022-11-21,2025-04-08,Şanlıurfa,Eyyübiye,Türkiye,191.64,36
3474,196,Yıldız Samahat Ülker Arsoy,yildiz.samahat.ulker.arsoy196@example.com,+905943114262,2021-10-20,2026-05-28,Trabzon,Ortahisar,Türkiye,195.3,42
3475,284,Sevdinar İhsanoğlu Hayrioğlu,sevdinar.ihsanoglu.hayrioglu284@example.com,+905406029333,2022-02-24,2026-05-25,Mersin,Yenişehir,Türkiye,145.69,31
3476,441,Gündüzalp Tevetoğlu,gunduzalp.tevetoglu441@example.com,+905994510162,2025-01-16,2025-06-11,Antalya,Muratpaşa,Türkiye,294.71,61
3477,423,Nalân Güverçin Şama,naln.guvercin.sama423@example.com,+905038457620,2024-01-02,2025-12-02,Erzurum,Yakutiye,Türkiye,367.05,61
3478,216,Sonnur Çağlar Fırat Ergül,sonnur.caglar.firat.ergul216@example.com,+905507236887,2023-08-28,2025-12-11,Diyarbakır,Kayapınar,Türkiye,365.95,61
3479,145,Ercihan Nerim Mansız,ercihan.nerim.mansiz145@example.com,+905925556258,2022-10-19,2026-01-18,Konya,Meram,Türkiye,96.52,24
3480,312,Okt. İmrihan Melikkan Şener Şafak,okt.imrihan.melikkan.sener.safak312@example.com,+905170166088,2025-12-12,2026-01-31,Diyarbakır,Kayapınar,Türkiye,386.6,70
3481,114,Bayan Gül Müsemma Çetin,bayan.gul.musemma.cetin114@example.com,+905554665905,2025-07-31,2025-10-02,Malatya,Yeşilyurt,Türkiye,161.25,39
3482,203,Musaffa Akdeniz,musaffa.akdeniz203@example.com,+905564651939,2022-11-21,2025-12-07,Şanlıurfa,Eyyübiye,Türkiye,166.59,29
3483,90,Aru Safet Bilir Zorlu,aru.safet.bilir.zorlu90@example.com,+905393352904,2025-02-19,2025-06-18,İzmir,Karşıyaka,Türkiye,169.31,26
3484,61,Yigit İhsanoğlu,yigit.ihsanoglu61@example.com,+905913341232,2022-11-08,2025-09-28,Manisa,Şehzadeler,Türkiye,127.55,22
3485,419,Kutay Afer Hayrioğlu Aksu,kutay.afer.hayrioglu.aksu419@example.com,+905514770538,2024-10-05,2025-10-18,Kayseri,Melikgazi,Türkiye,211.74,31
3486,80,Sittik Nevsal Zorlu,sittik.nevsal.zorlu80@example.com,+905743671369,2023-12-08,2025-08-29,Denizli,Pamukkale,Türkiye,269.62,54
3487,46,Sümeyye Hayrioğlu,sumeyye.hayrioglu46@example.com,+905556464170,2021-09-30,2025-02-21,Konya,Meram,Türkiye,237.79,52
3488,248,Prof. Gökten Tevetoğlu,prof.gokten.tevetoglu248@example.com,+905212775618,2023-12-10,2025-03-31,Van,İpekyolu,Türkiye,358.08,67
3489,463,Tuğtaş Halidun Akgündüz,tugtas.halidun.akgunduz463@example.com,+905827615396,2023-07-05,2025-03-07,Gaziantep,Şahinbey,Türkiye,458.98,54
3490,374,Servinaz Tülin Tevetoğlu,servinaz.tulin.tevetoglu374@example.com,+905527636556,2024-05-19,2025-11-30,Manisa,Şehzadeler,Türkiye,232.67,46
3491,89,Abdülhadi Ertaş,abdulhadi.ertas89@example.com,+905171390053,2025-03-30,2025-04-12,Mersin,Yenişehir,Türkiye,416.48,68
3492,492,Temirhan Zorlu,temirhan.zorlu492@example.com,+905806346157,2025-06-22,2026-04-10,Konya,Selçuklu,Türkiye,454.16,74
3493,153,Mücellib Bektaşi Sezgin Ertaş,mucellib.bektasi.sezgin.ertas153@example.com,+905888794705,2024-02-03,2026-05-10,Van,İpekyolu,Türkiye,338.76,61
3494,454,Elifnur Tevetoğlu Demirel,elifnur.tevetoglu.demirel454@example.com,+905681040915,2023-05-01,2025-11-27,Ankara,Keçiören,Türkiye,382.71,74
3495,239,Bidayet Aksu,bidayet.aksu239@example.com,+905778507925,2025-01-24,2026-06-09,Van,İpekyolu,Türkiye,362.42,34
3496,412,Abdülahat Oldağ Korutürk Şafak,abdulahat.oldag.koruturk.safak412@example.com,+905055661390,2022-05-24,2026-06-18,Trabzon,Ortahisar,Türkiye,398.42,67
3497,73,Koçak Akçay,kocak.akcay73@example.com,+905753396360,2024-03-01,2025-06-29,Eskişehir,Tepebaşı,Türkiye,375.02,65
3498,263,Muvahhide Demir,muvahhide.demir263@example.com,+905096902959,2024-09-16,2025-09-27,Antalya,Muratpaşa,Türkiye,339.97,58
3499,159,Çev. Meşhur Asalet Demirel,cev.meshur.asalet.demirel159@example.com,+905524041574,2021-10-04,2025-02-03,Trabzon,Ortahisar,Türkiye,227.95,48
3500,459,Gülay Günar Şama,gulay.gunar.sama459@example.com,+905453817921,2022-01-12,2025-01-22,Diyarbakır,Kayapınar,Türkiye,253.3,47
3501,6,Yağızkurt Şensoy,yagizkurt.sensoy6@example.com,+905928327648,2024-09-19,2026-01-15,Mersin,Yenişehir,Türkiye,339.2,61
3502,452,Güçyeter Çorlu,gucyeter.corlu452@example.com,+905384215031,2023-06-18,2026-01-26,Diyarbakır,Kayapınar,Türkiye,257.55,50
3503,262,Muvaffak Avşin Hayrioğlu,muvaffak.avsin.hayrioglu262@example.com,+905528953926,2024-03-24,2026-04-16,Denizli,Pamukkale,Türkiye,336.52,64
3504,206,Nades Yıldırım Soylu,nades.yildirim.soylu206@example.com,+905135290965,2023-07-15,2025-02-11,Samsun,İlkadım,Türkiye,95.22,24
3505,348,Atiyye Sezer,atiyye.sezer348@example.com,+905723184322,2025-01-24,2025-04-17,Malatya,Yeşilyurt,Türkiye,262.29,41
3506,338,Deryanur Hasgül Güçlü Yıldırım,deryanur.hasgul.guclu.yildirim338@example.com,+905975523149,2025-07-23,2026-05-12,Bursa,Nilüfer,Türkiye,393.59,75
3507,93,Öğr. İvecen Duran,ogr.ivecen.duran93@example.com,+905700766177,2025-07-15,2025-10-05,Malatya,Yeşilyurt,Türkiye,410.48,75
3508,47,Bayan Dilfeza İhsanoğlu Arsoy,bayan.dilfeza.ihsanoglu.arsoy47@example.com,+905100330923,2025-03-29,2026-01-07,Samsun,İlkadım,Türkiye,303.65,48
3509,109,Aköz Hançer,akoz.hancer109@example.com,+905124329212,2021-08-13,2025-04-27,Antalya,Muratpaşa,Türkiye,355.68,58
3510,69,Av. Arıkol Mirbadin Sezgin,av.arikol.mirbadin.sezgin69@example.com,+905824771093,2021-12-20,2025-10-29,Konya,Meram,Türkiye,96.64,28
3511,329,Çev. İlmafer Akça,cev.ilmafer.akca329@example.com,+905056164840,2023-01-19,2026-01-30,Gaziantep,Şahinbey,Türkiye,585.18,70
3512,290,Onuker Zengin,onuker.zengin290@example.com,+905584282417,2025-03-25,2025-10-29,Erzurum,Yakutiye,Türkiye,344.02,65
3513,407,Arş. Gör. Meveddet Türk Bilgin,ars.gor.meveddet.turk.bilgin407@example.com,+905558556659,2024-08-07,2026-05-30,Adana,Çukurova,Türkiye,345.18,54
3514,284,Sevdinar İhsanoğlu Hayrioğlu,sevdinar.ihsanoglu.hayrioglu284@example.com,+905406029333,2022-02-24,2025-04-27,Mersin,Yenişehir,Türkiye,160.37,31
3515,231,Seydo Şener,seydo.sener231@example.com,+905652341389,2022-08-02,2026-03-10,Trabzon,Ortahisar,Türkiye,362.76,64
3516,303,Alattin Hayrioğlu,alattin.hayrioglu303@example.com,+905737530011,2022-09-24,2025-03-07,Ankara,Yenimahalle,Türkiye,373.11,60
3517,343,Aytek Elöve Akgündüz Duran,aytek.elove.akgunduz.duran343@example.com,+905278816580,2022-03-26,2026-02-04,Van,İpekyolu,Türkiye,364.45,33
3518,282,Av. Faize Dumanlı Duran,av.faize.dumanli.duran282@example.com,+905307053457,2023-02-12,2026-06-25,Konya,Selçuklu,Türkiye,265.37,43
3519,60,Çev. Tüzeer Nurullah Bilir,cev.tuzeer.nurullah.bilir60@example.com,+905999386774,2022-08-25,2025-06-05,Bursa,Osmangazi,Türkiye,198.29,45
3520,7,Öğr. Seniha İnsaf Aslan,ogr.seniha.insaf.aslan7@example.com,+905056413953,2022-04-10,2026-03-15,Ankara,Çankaya,Türkiye,286.76,49
3521,318,Kâzime Yılmaz Durdu,kzime.yilmaz.durdu318@example.com,+905866934654,2023-05-30,2026-04-13,Manisa,Şehzadeler,Türkiye,338.31,69
3522,441,Gündüzalp Tevetoğlu,gunduzalp.tevetoglu441@example.com,+905994510162,2025-01-16,2025-01-21,Antalya,Muratpaşa,Türkiye,323.61,61
3523,3,Suat Şafak,suat.safak3@example.com,+905423511615,2024-01-08,2025-03-08,Denizli,Pamukkale,Türkiye,296.94,56
3524,37,Uraltay Gül,uraltay.gul37@example.com,+905489513433,2025-02-14,2026-01-11,Adana,Seyhan,Türkiye,82.43,19
3525,226,Tezcan Bilge,tezcan.bilge226@example.com,+905242415415,2022-03-23,2025-08-09,Denizli,Pamukkale,Türkiye,419.12,75
3526,374,Servinaz Tülin Tevetoğlu,servinaz.tulin.tevetoglu374@example.com,+905527636556,2024-05-19,2026-06-11,Manisa,Şehzadeler,Türkiye,243.68,46
3527,304,Filit Idık Arsoy,filit.idik.arsoy304@example.com,+905114374470,2025-05-22,2025-08-29,İzmir,Karşıyaka,Türkiye,355.76,70
3528,457,Tonguç Ülker,tonguc.ulker457@example.com,+905249321495,2022-12-01,2025-06-30,Eskişehir,Tepebaşı,Türkiye,250.02,46
3529,315,Dr. Havali Kısakürek Durdu,dr.havali.kisakurek.durdu315@example.com,+905272614933,2025-04-09,2026-01-10,Bursa,Nilüfer,Türkiye,450.49,72
3530,145,Ercihan Nerim Mansız,ercihan.nerim.mansiz145@example.com,+905925556258,2022-10-19,2025-05-04,Konya,Meram,Türkiye,101.85,24
3531,467,Okt. Havse Selvi Mansız,okt.havse.selvi.mansiz467@example.com,+905946519098,2023-09-07,2026-04-01,Eskişehir,Tepebaşı,Türkiye,377.52,72
3532,295,Naide Mansız,naide.mansiz295@example.com,+905966667600,2022-12-15,2025-08-02,İzmir,Konak,Türkiye,340.68,30
3533,491,Dr. Dilcan Ticen Tevetoğlu Duran,dr.dilcan.ticen.tevetoglu.duran491@example.com,+905460158517,2021-09-07,2025-01-28,Samsun,Atakum,Türkiye,372.78,67
3534,215,Öğr. Uğurtan Erbil Hançer,ogr.ugurtan.erbil.hancer215@example.com,+905627828274,2025-02-28,2025-03-18,Antalya,Kepez,Türkiye,144.76,29
3535,52,Arş. Gör. Firdevis Eraslan Fırat,ars.gor.firdevis.eraslan.firat52@example.com,+905473799650,2023-03-06,2025-01-24,Gaziantep,Şahinbey,Türkiye,378.67,72
3536,55,Dr. Hoşkadem Hadrey Erdoğan Şama,dr.hoskadem.hadrey.erdogan.sama55@example.com,+905788568557,2024-06-06,2026-03-07,Van,İpekyolu,Türkiye,211.83,37
3537,406,Hazrat Melihcan Demir Arslan,hazrat.melihcan.demir.arslan406@example.com,+905195761228,2023-09-12,2026-02-27,Adana,Çukurova,Türkiye,244.66,50
3538,164,Kıvılcım Seven,kivilcim.seven164@example.com,+905788728743,2025-04-26,2025-12-07,Eskişehir,Tepebaşı,Türkiye,174.38,39
3539,96,Bahaddin Zoral Durmuş Manço,bahaddin.zoral.durmus.manco96@example.com,+905654527111,2025-06-05,2026-04-20,Bursa,Osmangazi,Türkiye,249.03,45
3540,47,Bayan Dilfeza İhsanoğlu Arsoy,bayan.dilfeza.ihsanoglu.arsoy47@example.com,+905100330923,2025-03-29,2026-04-24,Samsun,İlkadım,Türkiye,347.27,48
3541,57,Yrd. Doç. Duruk Abdülahat Erdoğan,yrd.doc.duruk.abdulahat.erdogan57@example.com,+905435240824,2025-09-10,2026-02-06,Bursa,Nilüfer,Türkiye,147.09,21
3542,15,Nevsale Ürper Akar,nevsale.urper.akar15@example.com,+905010310518,2024-08-12,2026-06-27,Gaziantep,Şahinbey,Türkiye,234.51,35
3543,227,Dr. Akyıldız Durdu Arslan,dr.akyildiz.durdu.arslan227@example.com,+905436110371,2025-03-16,2025-03-30,Ankara,Keçiören,Türkiye,309.22,55
3544,40,Uz. Servinaz Adila Gül,uz.servinaz.adila.gul40@example.com,+905798687277,2024-06-30,2026-02-26,Malatya,Yeşilyurt,Türkiye,320.79,66
3545,357,Okt. Öngen Bilgen Çetin,okt.ongen.bilgen.cetin357@example.com,+905806356512,2023-07-24,2025-07-20,İstanbul,Kadıköy,Türkiye,364.39,59
3546,184,Çağlasın Akdurmuş Akça,caglasin.akdurmus.akca184@example.com,+905587717535,2024-03-12,2026-01-29,Kayseri,Kocasinan,Türkiye,214.02,44
3547,442,Arş. Gör. Fatinur Yorulmaz Dumanlı,ars.gor.fatinur.yorulmaz.dumanli442@example.com,+905795014556,2025-07-27,2025-09-10,Manisa,Şehzadeler,Türkiye,412.27,66
3548,73,Koçak Akçay,kocak.akcay73@example.com,+905753396360,2024-03-01,2025-07-25,Eskişehir,Tepebaşı,Türkiye,398.62,65
3549,234,Yrd. Doç. Şahdiye Hafıza Öcalan,yrd.doc.sahdiye.hafiza.ocalan234@example.com,+905091043006,2023-02-09,2025-01-27,Şanlıurfa,Eyyübiye,Türkiye,244.27,36
3550,180,Nurmelek Aslan,nurmelek.aslan180@example.com,+905334270866,2022-10-28,2026-03-27,Adana,Çukurova,Türkiye,270.14,51
3551,282,Av. Faize Dumanlı Duran,av.faize.dumanli.duran282@example.com,+905307053457,2023-02-12,2025-12-09,Konya,Selçuklu,Türkiye,250.92,43
3552,380,Nurdeniz Manço,nurdeniz.manco380@example.com,+905125355449,2022-05-02,2025-09-29,Trabzon,Ortahisar,Türkiye,233.12,43
3553,401,Alkor Manço,alkor.manco401@example.com,+905387829456,2022-05-10,2025-07-30,Erzurum,Yakutiye,Türkiye,191.09,38
3554,284,Sevdinar İhsanoğlu Hayrioğlu,sevdinar.ihsanoglu.hayrioglu284@example.com,+905406029333,2022-02-24,2026-02-26,Mersin,Yenişehir,Türkiye,154.83,31
3555,250,Rahiye Kumral Zorlu,rahiye.kumral.zorlu250@example.com,+905804420678,2021-10-02,2025-04-04,Samsun,Atakum,Türkiye,296.08,53
3556,266,Dr. Selime İnönü Yorulmaz,dr.selime.inonu.yorulmaz266@example.com,+905179327104,2025-11-01,2026-03-19,Erzurum,Yakutiye,Türkiye,193.21,38
3557,457,Tonguç Ülker,tonguc.ulker457@example.com,+905249321495,2022-12-01,2026-05-22,Eskişehir,Tepebaşı,Türkiye,271.08,46
3558,441,Gündüzalp Tevetoğlu,gunduzalp.tevetoglu441@example.com,+905994510162,2025-01-16,2025-03-23,Antalya,Muratpaşa,Türkiye,319.48,61
3559,98,Yaşattin Şama,yasattin.sama98@example.com,+905945198327,2024-09-09,2025-11-18,Ankara,Keçiören,Türkiye,355.39,72
3560,170,Arş. Gör. Zöhrehan Şefiye Akçay,ars.gor.zohrehan.sefiye.akcay170@example.com,+905088398225,2023-01-12,2026-03-12,Van,İpekyolu,Türkiye,241.36,46
3561,83,Öğr. Baydu Serda Yüksel,ogr.baydu.serda.yuksel83@example.com,+905328588424,2023-04-01,2025-09-13,Denizli,Pamukkale,Türkiye,349.71,69
3562,95,Cuheyna Enfes Eraslan,cuheyna.enfes.eraslan95@example.com,+905118367365,2023-05-29,2025-02-24,Manisa,Şehzadeler,Türkiye,270.94,43
3563,65,Ulu Tunçboğa Şensoy,ulu.tuncboga.sensoy65@example.com,+905940139904,2022-09-19,2025-05-21,Denizli,Pamukkale,Türkiye,294.45,20
3564,101,Ayçan Çorlu,aycan.corlu101@example.com,+905836675254,2021-11-26,2025-06-26,İstanbul,Kadıköy,Türkiye,369.08,38
3565,495,Yrd. Doç. Kızıltunç Cindoruk Ülker,yrd.doc.kiziltunc.cindoruk.ulker495@example.com,+905931027079,2025-09-10,2025-10-25,Erzurum,Yakutiye,Türkiye,375.95,33
3566,87,Emal Ülker Şensoy,emal.ulker.sensoy87@example.com,+905675869261,2023-03-16,2025-09-02,Erzurum,Yakutiye,Türkiye,340.06,57
3567,248,Prof. Gökten Tevetoğlu,prof.gokten.tevetoglu248@example.com,+905212775618,2023-12-10,2025-11-23,Van,İpekyolu,Türkiye,362.6,67
3568,390,Av. Övün Şilan Tarhan,av.ovun.silan.tarhan390@example.com,+905973502080,2024-11-27,2026-06-11,Diyarbakır,Kayapınar,Türkiye,122.79,24
3569,401,Alkor Manço,alkor.manco401@example.com,+905387829456,2022-05-10,2025-09-27,Erzurum,Yakutiye,Türkiye,215.81,38
3570,5,Arş. Gör. Sıylıhan Akbaş Durmuş,ars.gor.siylihan.akbas.durmus5@example.com,+905341316475,2025-01-13,2025-02-16,Ankara,Yenimahalle,Türkiye,253.9,41
3571,31,İlklima Şafak,ilklima.safak31@example.com,+905036541458,2023-09-16,2025-12-02,Gaziantep,Şahinbey,Türkiye,378.93,61
3572,132,Yeneral Ginyas Zorlu Hançer,yeneral.ginyas.zorlu.hancer132@example.com,+905447962757,2025-09-17,2026-04-22,İzmir,Bornova,Türkiye,529.54,64
3573,198,Akyıldız Akdeniz,akyildiz.akdeniz198@example.com,+905101581995,2023-10-16,2026-04-06,Malatya,Yeşilyurt,Türkiye,89.55,18
3574,354,Heva Yaman,heva.yaman354@example.com,+905881172980,2021-08-09,2025-09-25,Manisa,Şehzadeler,Türkiye,375.69,61
